"difficulty","xMid","sigma_vals","alphahat","alphatilde","betahat","thetahat"
"Obvious Curvature",14.5,0.25,0.911637858628975,0.883589710390049,0.230109681833433,9.10145798620311
"Noticable Curvature",13,0.12,6.86494349599586,6.81569341587329,0.132338150180844,3.14259333148924
"Almost Linear",11.5,0.05,37.2647888070229,37.2182369220037,0.0614072363178347,-27.2594337521956
