"participant_id","pic_id","n_lineups","age","gender","academic_study","computer_mouse","recruitment","dataset_id","set","curvature","target","null","scale","correct","response_no","binary_response","conf_level","choice_reason"
"9b8fd4dc37a339758877573fedde8546","28",13,"19-25","Female","High School or Less","Yes","Prolific","b8efad9285426a191f979b32a5094198","2","t-H_n-E","H","E","log",9,"14",0,"Certain","Different range"
"9b8fd4dc37a339758877573fedde8546","11",13,"19-25","Female","High School or Less","Yes","Prolific","909f6bb4a0bbb8708bcc2d96c0b7052f","2","t-E_n-H","E","H","linear",17,"17",1,"Very Certain","Different slope"
"9b8fd4dc37a339758877573fedde8546","24",13,"19-25","Female","High School or Less","Yes","Prolific","70eebf16937fb9e77a3b806afe9aa528","2","t-M_n-H","M","H","log",13,"13,16",1,"Very Certain","Different shape"
"9b8fd4dc37a339758877573fedde8546","32",13,"19-25","Female","High School or Less","Yes","Prolific","914e02881a7432dc34831c5dff0477e0","2","t-H_n-M","H","M","log",12,"3",0,"Certain","Clustering, Different range"
"9b8fd4dc37a339758877573fedde8546","9",13,"19-25","Female","High School or Less","Yes","Prolific","8105c77bcc5d38d9b4e742f1b76de5fc","1","t-E_n-H","E","H","linear",15,"15",1,"Very Certain","Different range, Different slope"
"9b8fd4dc37a339758877573fedde8546","7",13,"19-25","Female","High School or Less","Yes","Prolific","076f2d6385d635ea49402478f7e44cab","2","t-E_n-M","E","M","linear",14,"9",0,"Uncertain","Different range"
"9b8fd4dc37a339758877573fedde8546","27",13,"19-25","Female","High School or Less","Yes","Prolific","b8efad9285426a191f979b32a5094198","2","t-H_n-E","H","E","linear",9,"5",0,"Neutral","Different slope"
"9b8fd4dc37a339758877573fedde8546","25",13,"19-25","Female","High School or Less","Yes","Prolific","ee322d63db5869407801b2c6cd54c452","1","t-H_n-E","H","E","linear",1,"1",1,"Certain","Different shape"
"9b8fd4dc37a339758877573fedde8546","8",13,"19-25","Female","High School or Less","Yes","Prolific","076f2d6385d635ea49402478f7e44cab","2","t-E_n-M","E","M","log",14,"16,14",1,"Certain","Different shape"
"9b8fd4dc37a339758877573fedde8546","11",13,"19-25","Female","High School or Less","Yes","Prolific","909f6bb4a0bbb8708bcc2d96c0b7052f","2","t-E_n-H","E","H","linear",17,"17",1,"Very Certain","Different slope"
"9b8fd4dc37a339758877573fedde8546","24",13,"19-25","Female","High School or Less","Yes","Prolific","70eebf16937fb9e77a3b806afe9aa528","2","t-M_n-H","M","H","log",13,"13",1,"Very Certain","Different shape"
"9b8fd4dc37a339758877573fedde8546","23",13,"19-25","Female","High School or Less","Yes","Prolific","70eebf16937fb9e77a3b806afe9aa528","2","t-M_n-H","M","H","linear",13,"13",1,"Very Certain","Different slope"
"9b8fd4dc37a339758877573fedde8546","27",13,"19-25","Female","High School or Less","Yes","Prolific","b8efad9285426a191f979b32a5094198","2","t-H_n-E","H","E","linear",9,"1",0,"Neutral","Clustering"
"cb9d2b4cdb0805a5a7858173805b8d5d","12",13,"19-25","Prefer not to answer","Graduate Degree","Yes","Prolific","909f6bb4a0bbb8708bcc2d96c0b7052f","2","t-E_n-H","E","H","log",17,"17",1,"Certain","Different range"
"cb9d2b4cdb0805a5a7858173805b8d5d","22",13,"19-25","Prefer not to answer","Graduate Degree","Yes","Prolific","17c70f64092db27a58faa6c255efd8ba","1","t-M_n-H","M","H","log",1,"11",0,"Neutral","Different shape"
"cb9d2b4cdb0805a5a7858173805b8d5d","24",13,"19-25","Prefer not to answer","Graduate Degree","Yes","Prolific","70eebf16937fb9e77a3b806afe9aa528","2","t-M_n-H","M","H","log",13,"2",0,"Certain","Different range"
"cb9d2b4cdb0805a5a7858173805b8d5d","21",13,"19-25","Prefer not to answer","Graduate Degree","Yes","Prolific","17c70f64092db27a58faa6c255efd8ba","1","t-M_n-H","M","H","linear",1,"1",1,"Neutral","Clustering, Different range"
"cb9d2b4cdb0805a5a7858173805b8d5d","8",13,"19-25","Prefer not to answer","Graduate Degree","Yes","Prolific","076f2d6385d635ea49402478f7e44cab","2","t-E_n-M","E","M","log",14,"18",0,"Certain","Different shape"
"cb9d2b4cdb0805a5a7858173805b8d5d","13",13,"19-25","Prefer not to answer","Graduate Degree","Yes","Prolific","85c5c5a6ab4fdb3aaf06947e0b9d4483","1","t-M_n-E","M","E","linear",10,"11",0,"Certain","Different range"
"cb9d2b4cdb0805a5a7858173805b8d5d","11",13,"19-25","Prefer not to answer","Graduate Degree","Yes","Prolific","909f6bb4a0bbb8708bcc2d96c0b7052f","2","t-E_n-H","E","H","linear",17,"15",0,"Uncertain","Clustering"
"cb9d2b4cdb0805a5a7858173805b8d5d","16",13,"19-25","Prefer not to answer","Graduate Degree","Yes","Prolific","07f1a227ee4ee73124d6589fada210dc","2","t-M_n-E","M","E","log",10,"10",1,"Certain","Clustering, Different shape"
"cb9d2b4cdb0805a5a7858173805b8d5d","25",13,"19-25","Prefer not to answer","Graduate Degree","Yes","Prolific","ee322d63db5869407801b2c6cd54c452","1","t-H_n-E","H","E","linear",1,"19",0,"Neutral","Clustering"
"cb9d2b4cdb0805a5a7858173805b8d5d","11",13,"19-25","Prefer not to answer","Graduate Degree","Yes","Prolific","909f6bb4a0bbb8708bcc2d96c0b7052f","2","t-E_n-H","E","H","linear",17,"17",1,"Very Certain","Clustering"
"cb9d2b4cdb0805a5a7858173805b8d5d","21",13,"19-25","Prefer not to answer","Graduate Degree","Yes","Prolific","17c70f64092db27a58faa6c255efd8ba","1","t-M_n-H","M","H","linear",1,"1",1,"Neutral","Different range"
"cb9d2b4cdb0805a5a7858173805b8d5d","31",13,"19-25","Prefer not to answer","Graduate Degree","Yes","Prolific","914e02881a7432dc34831c5dff0477e0","2","t-H_n-M","H","M","linear",12,"7",0,"Neutral","Clustering"
"cb9d2b4cdb0805a5a7858173805b8d5d","32",13,"19-25","Prefer not to answer","Graduate Degree","Yes","Prolific","914e02881a7432dc34831c5dff0477e0","2","t-H_n-M","H","M","log",12,"7",0,"Uncertain","Different shape"
"68c1934bf5e5e1327344324e1f615a88","21",12,"19-25","Male","Some Undergraduate Courses","Yes","Prolific","17c70f64092db27a58faa6c255efd8ba","1","t-M_n-H","M","H","linear",1,"1,10",1,"Certain","Clustering, Different range"
"68c1934bf5e5e1327344324e1f615a88","25",12,"19-25","Male","Some Undergraduate Courses","Yes","Prolific","ee322d63db5869407801b2c6cd54c452","1","t-H_n-E","H","E","linear",1,"1",1,"Very Certain","Different shape, Different slope"
"68c1934bf5e5e1327344324e1f615a88","10",12,"19-25","Male","Some Undergraduate Courses","Yes","Prolific","8105c77bcc5d38d9b4e742f1b76de5fc","1","t-E_n-H","E","H","log",15,"15",1,"Very Certain","Clustering, Different shape, Different slope"
"68c1934bf5e5e1327344324e1f615a88","9",12,"19-25","Male","Some Undergraduate Courses","Yes","Prolific","8105c77bcc5d38d9b4e742f1b76de5fc","1","t-E_n-H","E","H","linear",15,"15",1,"Certain","Different shape"
"68c1934bf5e5e1327344324e1f615a88","5",12,"19-25","Male","Some Undergraduate Courses","Yes","Prolific","9f2d96ab9212ba1d26f176b00e6eeec0","1","t-E_n-M","E","M","linear",12,"10",0,"Uncertain","Different shape"
"68c1934bf5e5e1327344324e1f615a88","9",12,"19-25","Male","Some Undergraduate Courses","Yes","Prolific","8105c77bcc5d38d9b4e742f1b76de5fc","1","t-E_n-H","E","H","linear",15,"5",0,"Neutral","Clustering"
"68c1934bf5e5e1327344324e1f615a88","21",12,"19-25","Male","Some Undergraduate Courses","Yes","Prolific","17c70f64092db27a58faa6c255efd8ba","1","t-M_n-H","M","H","linear",1,"1",1,"Neutral","Clustering, Different slope"
"68c1934bf5e5e1327344324e1f615a88","8",12,"19-25","Male","Some Undergraduate Courses","Yes","Prolific","076f2d6385d635ea49402478f7e44cab","2","t-E_n-M","E","M","log",14,"14",1,"Certain","Different shape"
"68c1934bf5e5e1327344324e1f615a88","30",12,"19-25","Male","Some Undergraduate Courses","Yes","Prolific","1b39b36e7a6189897f2015f191953b9d","1","t-H_n-M","H","M","log",12,"12",1,"Neutral","Clustering, Different shape"
"68c1934bf5e5e1327344324e1f615a88","28",12,"19-25","Male","Some Undergraduate Courses","Yes","Prolific","b8efad9285426a191f979b32a5094198","2","t-H_n-E","H","E","log",9,"9",1,"Certain","Different slope"
"68c1934bf5e5e1327344324e1f615a88","32",12,"19-25","Male","Some Undergraduate Courses","Yes","Prolific","914e02881a7432dc34831c5dff0477e0","2","t-H_n-M","H","M","log",12,"12",1,"Neutral","Different shape, Different slope"
"68c1934bf5e5e1327344324e1f615a88","10",12,"19-25","Male","Some Undergraduate Courses","Yes","Prolific","8105c77bcc5d38d9b4e742f1b76de5fc","1","t-E_n-H","E","H","log",15,"15",1,"Very Certain","Clustering, Different slope, Outlier(s)"
"03e791a1817ef22c40e1a2ff3a42e43b","15",12,"56-60","Female","Graduate Degree","Yes","Prolific","07f1a227ee4ee73124d6589fada210dc","2","t-M_n-E","M","E","linear",10,"1",0,"Certain","Different shape"
"03e791a1817ef22c40e1a2ff3a42e43b","27",12,"56-60","Female","Graduate Degree","Yes","Prolific","b8efad9285426a191f979b32a5094198","2","t-H_n-E","H","E","linear",9,"5",0,"Neutral","Different range"
"03e791a1817ef22c40e1a2ff3a42e43b","5",12,"56-60","Female","Graduate Degree","Yes","Prolific","9f2d96ab9212ba1d26f176b00e6eeec0","1","t-E_n-M","E","M","linear",12,"1",0,"Certain","Different range"
"03e791a1817ef22c40e1a2ff3a42e43b","25",12,"56-60","Female","Graduate Degree","Yes","Prolific","ee322d63db5869407801b2c6cd54c452","1","t-H_n-E","H","E","linear",1,"1",1,"Certain","Different shape"
"03e791a1817ef22c40e1a2ff3a42e43b","28",12,"56-60","Female","Graduate Degree","Yes","Prolific","b8efad9285426a191f979b32a5094198","2","t-H_n-E","H","E","log",9,"9",1,"Certain","Different shape"
"03e791a1817ef22c40e1a2ff3a42e43b","16",12,"56-60","Female","Graduate Degree","Yes","Prolific","07f1a227ee4ee73124d6589fada210dc","2","t-M_n-E","M","E","log",10,"8",0,"Certain","Clustering, Different shape"
"03e791a1817ef22c40e1a2ff3a42e43b","29",12,"56-60","Female","Graduate Degree","Yes","Prolific","1b39b36e7a6189897f2015f191953b9d","1","t-H_n-M","H","M","linear",12,"16",0,"Certain","Clustering"
"03e791a1817ef22c40e1a2ff3a42e43b","21",12,"56-60","Female","Graduate Degree","Yes","Prolific","17c70f64092db27a58faa6c255efd8ba","1","t-M_n-H","M","H","linear",1,"1",1,"Neutral","Different shape"
"03e791a1817ef22c40e1a2ff3a42e43b","31",12,"56-60","Female","Graduate Degree","Yes","Prolific","914e02881a7432dc34831c5dff0477e0","2","t-H_n-M","H","M","linear",12,"3",0,"Certain","Different shape"
"03e791a1817ef22c40e1a2ff3a42e43b","14",12,"56-60","Female","Graduate Degree","Yes","Prolific","85c5c5a6ab4fdb3aaf06947e0b9d4483","1","t-M_n-E","M","E","log",10,"1",0,"Certain","Clustering"
"03e791a1817ef22c40e1a2ff3a42e43b","30",12,"56-60","Female","Graduate Degree","Yes","Prolific","1b39b36e7a6189897f2015f191953b9d","1","t-H_n-M","H","M","log",12,"12",1,"Uncertain","Different shape"
"03e791a1817ef22c40e1a2ff3a42e43b","22",12,"56-60","Female","Graduate Degree","Yes","Prolific","17c70f64092db27a58faa6c255efd8ba","1","t-M_n-H","M","H","log",1,"1",1,"Certain","Different range, Different shape"
"a5498007e4d4caddaa6771a4b2c9e18e","12",13,"41-45","Female","High School or Less","Yes","Prolific","909f6bb4a0bbb8708bcc2d96c0b7052f","2","t-E_n-H","E","H","log",17,"1",0,"Certain","Clustering"
"a5498007e4d4caddaa6771a4b2c9e18e","32",13,"41-45","Female","High School or Less","Yes","Prolific","914e02881a7432dc34831c5dff0477e0","2","t-H_n-M","H","M","log",12,"20",0,"Certain","Outlier(s)"
"a5498007e4d4caddaa6771a4b2c9e18e","21",13,"41-45","Female","High School or Less","Yes","Prolific","17c70f64092db27a58faa6c255efd8ba","1","t-M_n-H","M","H","linear",1,"1",1,"Certain","Different slope"
"a5498007e4d4caddaa6771a4b2c9e18e","32",13,"41-45","Female","High School or Less","Yes","Prolific","914e02881a7432dc34831c5dff0477e0","2","t-H_n-M","H","M","log",12,"12",1,"Neutral","Different shape"
"a5498007e4d4caddaa6771a4b2c9e18e","8",13,"41-45","Female","High School or Less","Yes","Prolific","076f2d6385d635ea49402478f7e44cab","2","t-E_n-M","E","M","log",14,"14",1,"Certain","Clustering, Different shape, Different slope, Outlier(s)"
"a5498007e4d4caddaa6771a4b2c9e18e","30",13,"41-45","Female","High School or Less","Yes","Prolific","1b39b36e7a6189897f2015f191953b9d","1","t-H_n-M","H","M","log",12,"5",0,"Certain","Clustering, Different range"
"a5498007e4d4caddaa6771a4b2c9e18e","27",13,"41-45","Female","High School or Less","Yes","Prolific","b8efad9285426a191f979b32a5094198","2","t-H_n-E","H","E","linear",9,"10",0,"Certain","Different shape"
"a5498007e4d4caddaa6771a4b2c9e18e","25",13,"41-45","Female","High School or Less","Yes","Prolific","ee322d63db5869407801b2c6cd54c452","1","t-H_n-E","H","E","linear",1,"17,1",1,"Neutral","Different shape, Different slope"
"a5498007e4d4caddaa6771a4b2c9e18e","8",13,"41-45","Female","High School or Less","Yes","Prolific","076f2d6385d635ea49402478f7e44cab","2","t-E_n-M","E","M","log",14,"14",1,"Certain","Different range, Different shape, Different slope, Outlier(s)"
"a5498007e4d4caddaa6771a4b2c9e18e","11",13,"41-45","Female","High School or Less","Yes","Prolific","909f6bb4a0bbb8708bcc2d96c0b7052f","2","t-E_n-H","E","H","linear",17,"17",1,"Certain","Different shape, Different slope"
"a5498007e4d4caddaa6771a4b2c9e18e","23",13,"41-45","Female","High School or Less","Yes","Prolific","70eebf16937fb9e77a3b806afe9aa528","2","t-M_n-H","M","H","linear",13,"13",1,"Certain","Different shape, Different slope, Outlier(s)"
"a5498007e4d4caddaa6771a4b2c9e18e","31",13,"41-45","Female","High School or Less","Yes","Prolific","914e02881a7432dc34831c5dff0477e0","2","t-H_n-M","H","M","linear",12,"4",0,"Certain","Clustering, Different range, Different shape, Outlier(s)"
"a5498007e4d4caddaa6771a4b2c9e18e","32",13,"41-45","Female","High School or Less","Yes","Prolific","914e02881a7432dc34831c5dff0477e0","2","t-H_n-M","H","M","log",12,"1",0,"Certain","Clustering, Different range"
"a24b5e2ed09da0ba8e10163e67d87534","15",11,"19-25","Male","Prefer not to answer","Yes","Prolific","07f1a227ee4ee73124d6589fada210dc","2","t-M_n-E","M","E","linear",10,"1",0,"Certain","Different slope"
"a24b5e2ed09da0ba8e10163e67d87534","10",11,"19-25","Male","Prefer not to answer","Yes","Prolific","8105c77bcc5d38d9b4e742f1b76de5fc","1","t-E_n-H","E","H","log",15,"15",1,"Very Certain","Different slope"
"a24b5e2ed09da0ba8e10163e67d87534","29",11,"19-25","Male","Prefer not to answer","Yes","Prolific","1b39b36e7a6189897f2015f191953b9d","1","t-H_n-M","H","M","linear",12,"12",1,"Certain","Different slope"
"a24b5e2ed09da0ba8e10163e67d87534","7",11,"19-25","Male","Prefer not to answer","Yes","Prolific","076f2d6385d635ea49402478f7e44cab","2","t-E_n-M","E","M","linear",14,"14",1,"Certain","Different slope"
"a24b5e2ed09da0ba8e10163e67d87534","5",11,"19-25","Male","Prefer not to answer","Yes","Prolific","9f2d96ab9212ba1d26f176b00e6eeec0","1","t-E_n-M","E","M","linear",12,"10",0,"Certain","Different shape"
"a24b5e2ed09da0ba8e10163e67d87534","13",11,"19-25","Male","Prefer not to answer","Yes","Prolific","85c5c5a6ab4fdb3aaf06947e0b9d4483","1","t-M_n-E","M","E","linear",10,"13",0,"Certain","Different range"
"a24b5e2ed09da0ba8e10163e67d87534","6",11,"19-25","Male","Prefer not to answer","Yes","Prolific","9f2d96ab9212ba1d26f176b00e6eeec0","1","t-E_n-M","E","M","log",12,"12",1,"Very Certain","Different slope"
"a24b5e2ed09da0ba8e10163e67d87534","7",11,"19-25","Male","Prefer not to answer","Yes","Prolific","076f2d6385d635ea49402478f7e44cab","2","t-E_n-M","E","M","linear",14,"14",1,"Certain","Different slope, Outlier(s)"
"a24b5e2ed09da0ba8e10163e67d87534","28",11,"19-25","Male","Prefer not to answer","Yes","Prolific","b8efad9285426a191f979b32a5094198","2","t-H_n-E","H","E","log",9,"9",1,"Very Certain","Different slope"
"a24b5e2ed09da0ba8e10163e67d87534","31",11,"19-25","Male","Prefer not to answer","Yes","Prolific","914e02881a7432dc34831c5dff0477e0","2","t-H_n-M","H","M","linear",12,"7",0,"Uncertain","Different shape, Different slope"
"a24b5e2ed09da0ba8e10163e67d87534","9",11,"19-25","Male","Prefer not to answer","Yes","Prolific","8105c77bcc5d38d9b4e742f1b76de5fc","1","t-E_n-H","E","H","linear",15,"15",1,"Very Certain","Different shape, Different slope, Outlier(s)"
"e12649087db38125c794127eae7c147a","15",10,"31-35","Male","High School or Less","No","Prolific","07f1a227ee4ee73124d6589fada210dc","2","t-M_n-E","M","E","linear",10,"1",0,"Certain","Different slope"
"e12649087db38125c794127eae7c147a","24",10,"31-35","Male","High School or Less","No","Prolific","70eebf16937fb9e77a3b806afe9aa528","2","t-M_n-H","M","H","log",13,"9",0,"Certain","Clustering"
"e12649087db38125c794127eae7c147a","7",10,"31-35","Male","High School or Less","No","Prolific","076f2d6385d635ea49402478f7e44cab","2","t-E_n-M","E","M","linear",14,"14",1,"Very Certain","Outlier(s)"
"e12649087db38125c794127eae7c147a","7",10,"31-35","Male","High School or Less","No","Prolific","076f2d6385d635ea49402478f7e44cab","2","t-E_n-M","E","M","linear",14,"14",1,"Very Certain","Clustering"
"e12649087db38125c794127eae7c147a","5",10,"31-35","Male","High School or Less","No","Prolific","9f2d96ab9212ba1d26f176b00e6eeec0","1","t-E_n-M","E","M","linear",12,"19",0,"Neutral","Different range"
"e12649087db38125c794127eae7c147a","13",10,"31-35","Male","High School or Less","No","Prolific","85c5c5a6ab4fdb3aaf06947e0b9d4483","1","t-M_n-E","M","E","linear",10,"13,19",0,"Certain","Clustering, Outlier(s)"
"e12649087db38125c794127eae7c147a","8",10,"31-35","Male","High School or Less","No","Prolific","076f2d6385d635ea49402478f7e44cab","2","t-E_n-M","E","M","log",14,"14",1,"Very Certain","Different shape"
"e12649087db38125c794127eae7c147a","5",10,"31-35","Male","High School or Less","No","Prolific","9f2d96ab9212ba1d26f176b00e6eeec0","1","t-E_n-M","E","M","linear",12,"17",0,"Very Certain","Outlier(s)"
"e12649087db38125c794127eae7c147a","31",10,"31-35","Male","High School or Less","No","Prolific","914e02881a7432dc34831c5dff0477e0","2","t-H_n-M","H","M","linear",12,"3,19,5",0,"Very Certain","Clustering, Outlier(s)"
"e12649087db38125c794127eae7c147a","27",10,"31-35","Male","High School or Less","No","Prolific","b8efad9285426a191f979b32a5094198","2","t-H_n-E","H","E","linear",9,"10",0,"Certain","Different shape"
"e6f6b84728ecf51df68102180e721976","7",12,"26-30","Female","Undergraduate Degree","Yes","Prolific","076f2d6385d635ea49402478f7e44cab","2","t-E_n-M","E","M","linear",14,"1",0,"Certain","Clustering"
"e6f6b84728ecf51df68102180e721976","11",12,"26-30","Female","Undergraduate Degree","Yes","Prolific","909f6bb4a0bbb8708bcc2d96c0b7052f","2","t-E_n-H","E","H","linear",17,"17",1,"Certain","Different slope"
"e6f6b84728ecf51df68102180e721976","24",12,"26-30","Female","Undergraduate Degree","Yes","Prolific","70eebf16937fb9e77a3b806afe9aa528","2","t-M_n-H","M","H","log",13,"9",0,"Certain","Different shape"
"e6f6b84728ecf51df68102180e721976","22",12,"26-30","Female","Undergraduate Degree","Yes","Prolific","17c70f64092db27a58faa6c255efd8ba","1","t-M_n-H","M","H","log",1,"1",1,"Certain","Different range"
"e6f6b84728ecf51df68102180e721976","16",12,"26-30","Female","Undergraduate Degree","Yes","Prolific","07f1a227ee4ee73124d6589fada210dc","2","t-M_n-E","M","E","log",10,"4",0,"Certain","Different shape"
"e6f6b84728ecf51df68102180e721976","5",12,"26-30","Female","Undergraduate Degree","Yes","Prolific","9f2d96ab9212ba1d26f176b00e6eeec0","1","t-E_n-M","E","M","linear",12,"16",0,"Certain","Different range"
"e6f6b84728ecf51df68102180e721976","16",12,"26-30","Female","Undergraduate Degree","Yes","Prolific","07f1a227ee4ee73124d6589fada210dc","2","t-M_n-E","M","E","log",10,"12",0,"Certain","Different shape"
"e6f6b84728ecf51df68102180e721976","21",12,"26-30","Female","Undergraduate Degree","Yes","Prolific","17c70f64092db27a58faa6c255efd8ba","1","t-M_n-H","M","H","linear",1,"4",0,"Certain","Different slope"
"e6f6b84728ecf51df68102180e721976","11",12,"26-30","Female","Undergraduate Degree","Yes","Prolific","909f6bb4a0bbb8708bcc2d96c0b7052f","2","t-E_n-H","E","H","linear",17,"17",1,"Certain","Different slope"
"e6f6b84728ecf51df68102180e721976","23",12,"26-30","Female","Undergraduate Degree","Yes","Prolific","70eebf16937fb9e77a3b806afe9aa528","2","t-M_n-H","M","H","linear",13,"16",0,"Certain","Different range"
"e6f6b84728ecf51df68102180e721976","30",12,"26-30","Female","Undergraduate Degree","Yes","Prolific","1b39b36e7a6189897f2015f191953b9d","1","t-H_n-M","H","M","log",12,"14",0,"Certain","Different shape"
"e6f6b84728ecf51df68102180e721976","32",12,"26-30","Female","Undergraduate Degree","Yes","Prolific","914e02881a7432dc34831c5dff0477e0","2","t-H_n-M","H","M","log",12,"19",0,"Certain","Outlier(s)"
"6bc95d7a742201953b1c14f604ad258c","15",12,"36-40","Female","Graduate Degree","Yes","Prolific","07f1a227ee4ee73124d6589fada210dc","2","t-M_n-E","M","E","linear",10,"14",0,"Certain","Different slope"
"6bc95d7a742201953b1c14f604ad258c","22",12,"36-40","Female","Graduate Degree","Yes","Prolific","17c70f64092db27a58faa6c255efd8ba","1","t-M_n-H","M","H","log",1,"1",1,"Neutral","Clustering"
"6bc95d7a742201953b1c14f604ad258c","25",12,"36-40","Female","Graduate Degree","Yes","Prolific","ee322d63db5869407801b2c6cd54c452","1","t-H_n-E","H","E","linear",1,"1",1,"Very Uncertain","Different slope"
"6bc95d7a742201953b1c14f604ad258c","9",12,"36-40","Female","Graduate Degree","Yes","Prolific","8105c77bcc5d38d9b4e742f1b76de5fc","1","t-E_n-H","E","H","linear",15,"15",1,"Very Certain","Clustering"
"6bc95d7a742201953b1c14f604ad258c","6",12,"36-40","Female","Graduate Degree","Yes","Prolific","9f2d96ab9212ba1d26f176b00e6eeec0","1","t-E_n-M","E","M","log",12,"12",1,"Very Certain","Different slope"
"6bc95d7a742201953b1c14f604ad258c","26",12,"36-40","Female","Graduate Degree","Yes","Prolific","ee322d63db5869407801b2c6cd54c452","1","t-H_n-E","H","E","log",1,"1",1,"Very Certain","Different slope"
"6bc95d7a742201953b1c14f604ad258c","8",12,"36-40","Female","Graduate Degree","Yes","Prolific","076f2d6385d635ea49402478f7e44cab","2","t-E_n-M","E","M","log",14,"14",1,"Neutral","Different range"
"6bc95d7a742201953b1c14f604ad258c","26",12,"36-40","Female","Graduate Degree","Yes","Prolific","ee322d63db5869407801b2c6cd54c452","1","t-H_n-E","H","E","log",1,"1",1,"Certain","Different slope"
"6bc95d7a742201953b1c14f604ad258c","6",12,"36-40","Female","Graduate Degree","Yes","Prolific","9f2d96ab9212ba1d26f176b00e6eeec0","1","t-E_n-M","E","M","log",12,"15",0,"Neutral","Clustering"
"6bc95d7a742201953b1c14f604ad258c","23",12,"36-40","Female","Graduate Degree","Yes","Prolific","70eebf16937fb9e77a3b806afe9aa528","2","t-M_n-H","M","H","linear",13,"13",1,"Certain","Different slope"
"6bc95d7a742201953b1c14f604ad258c","31",12,"36-40","Female","Graduate Degree","Yes","Prolific","914e02881a7432dc34831c5dff0477e0","2","t-H_n-M","H","M","linear",12,"17",0,"Certain","Clustering"
"6bc95d7a742201953b1c14f604ad258c","27",12,"36-40","Female","Graduate Degree","Yes","Prolific","b8efad9285426a191f979b32a5094198","2","t-H_n-E","H","E","linear",9,"9",1,"Neutral","Different slope"
"566fdedd16020ca84e37273699d14362","31",12,"31-35","Male","Some Undergraduate Courses","Yes","Prolific","914e02881a7432dc34831c5dff0477e0","2","t-H_n-M","H","M","linear",12,"3",0,"Uncertain","Clustering"
"566fdedd16020ca84e37273699d14362","32",12,"31-35","Male","Some Undergraduate Courses","Yes","Prolific","914e02881a7432dc34831c5dff0477e0","2","t-H_n-M","H","M","log",12,"12",1,"Certain","Different slope"
"566fdedd16020ca84e37273699d14362","29",12,"31-35","Male","Some Undergraduate Courses","Yes","Prolific","1b39b36e7a6189897f2015f191953b9d","1","t-H_n-M","H","M","linear",12,"12",1,"Certain","Different shape"
"566fdedd16020ca84e37273699d14362","29",12,"31-35","Male","Some Undergraduate Courses","Yes","Prolific","1b39b36e7a6189897f2015f191953b9d","1","t-H_n-M","H","M","linear",12,"8",0,"Certain","Clustering"
"566fdedd16020ca84e37273699d14362","7",12,"31-35","Male","Some Undergraduate Courses","Yes","Prolific","076f2d6385d635ea49402478f7e44cab","2","t-E_n-M","E","M","linear",14,"4",0,"Certain","Clustering"
"566fdedd16020ca84e37273699d14362","5",12,"31-35","Male","Some Undergraduate Courses","Yes","Prolific","9f2d96ab9212ba1d26f176b00e6eeec0","1","t-E_n-M","E","M","linear",12,"10",0,"Neutral","Clustering"
"566fdedd16020ca84e37273699d14362","28",12,"31-35","Male","Some Undergraduate Courses","Yes","Prolific","b8efad9285426a191f979b32a5094198","2","t-H_n-E","H","E","log",9,"9",1,"Certain","Different slope"
"566fdedd16020ca84e37273699d14362","6",12,"31-35","Male","Some Undergraduate Courses","Yes","Prolific","9f2d96ab9212ba1d26f176b00e6eeec0","1","t-E_n-M","E","M","log",12,"12",1,"Uncertain","Different slope"
"566fdedd16020ca84e37273699d14362","10",12,"31-35","Male","Some Undergraduate Courses","Yes","Prolific","8105c77bcc5d38d9b4e742f1b76de5fc","1","t-E_n-H","E","H","log",15,"15",1,"Certain","Different slope"
"566fdedd16020ca84e37273699d14362","32",12,"31-35","Male","Some Undergraduate Courses","Yes","Prolific","914e02881a7432dc34831c5dff0477e0","2","t-H_n-M","H","M","log",12,"20",0,"Neutral","Clustering"
"566fdedd16020ca84e37273699d14362","12",12,"31-35","Male","Some Undergraduate Courses","Yes","Prolific","909f6bb4a0bbb8708bcc2d96c0b7052f","2","t-E_n-H","E","H","log",17,"17",1,"Certain","Different slope"
"566fdedd16020ca84e37273699d14362","9",12,"31-35","Male","Some Undergraduate Courses","Yes","Prolific","8105c77bcc5d38d9b4e742f1b76de5fc","1","t-E_n-H","E","H","linear",15,"15",1,"Certain","Outlier(s)"
"20dd75a78a6ec26e10f66c1890e678f3","29",13,"36-40","Male","High School or Less","Yes","Prolific","1b39b36e7a6189897f2015f191953b9d","1","t-H_n-M","H","M","linear",12,"16",0,"Neutral","Clustering"
"20dd75a78a6ec26e10f66c1890e678f3","11",13,"36-40","Male","High School or Less","Yes","Prolific","909f6bb4a0bbb8708bcc2d96c0b7052f","2","t-E_n-H","E","H","linear",17,"17",1,"Certain","Clustering"
"20dd75a78a6ec26e10f66c1890e678f3","16",13,"36-40","Male","High School or Less","Yes","Prolific","07f1a227ee4ee73124d6589fada210dc","2","t-M_n-E","M","E","log",10,"8,13",0,"Uncertain","Different slope"
"20dd75a78a6ec26e10f66c1890e678f3","15",13,"36-40","Male","High School or Less","Yes","Prolific","07f1a227ee4ee73124d6589fada210dc","2","t-M_n-E","M","E","linear",10,"1",0,"Uncertain","Different range"
"20dd75a78a6ec26e10f66c1890e678f3","21",13,"36-40","Male","High School or Less","Yes","Prolific","17c70f64092db27a58faa6c255efd8ba","1","t-M_n-H","M","H","linear",1,"13",0,"Uncertain","Clustering"
"20dd75a78a6ec26e10f66c1890e678f3","25",13,"36-40","Male","High School or Less","Yes","Prolific","ee322d63db5869407801b2c6cd54c452","1","t-H_n-E","H","E","linear",1,"3",0,"Neutral","Outlier(s)"
"20dd75a78a6ec26e10f66c1890e678f3","14",13,"36-40","Male","High School or Less","Yes","Prolific","85c5c5a6ab4fdb3aaf06947e0b9d4483","1","t-M_n-E","M","E","log",10,"10",1,"Certain","Different shape, Different slope"
"20dd75a78a6ec26e10f66c1890e678f3","32",13,"36-40","Male","High School or Less","Yes","Prolific","914e02881a7432dc34831c5dff0477e0","2","t-H_n-M","H","M","log",12,"12",1,"Very Certain","Different slope"
"20dd75a78a6ec26e10f66c1890e678f3","21",13,"36-40","Male","High School or Less","Yes","Prolific","17c70f64092db27a58faa6c255efd8ba","1","t-M_n-H","M","H","linear",1,"3",0,"Neutral","Different shape"
"20dd75a78a6ec26e10f66c1890e678f3","24",13,"36-40","Male","High School or Less","Yes","Prolific","70eebf16937fb9e77a3b806afe9aa528","2","t-M_n-H","M","H","log",13,"13",1,"Certain","Different slope"
"20dd75a78a6ec26e10f66c1890e678f3","6",13,"36-40","Male","High School or Less","Yes","Prolific","9f2d96ab9212ba1d26f176b00e6eeec0","1","t-E_n-M","E","M","log",12,"12",1,"Certain","Different slope"
"20dd75a78a6ec26e10f66c1890e678f3","25",13,"36-40","Male","High School or Less","Yes","Prolific","ee322d63db5869407801b2c6cd54c452","1","t-H_n-E","H","E","linear",1,"1",1,"Very Certain","Different slope"
"20dd75a78a6ec26e10f66c1890e678f3","27",13,"36-40","Male","High School or Less","Yes","Prolific","b8efad9285426a191f979b32a5094198","2","t-H_n-E","H","E","linear",9,"9",1,"Certain","Different slope"
"9eee3a9a30520c1b484d5b5e27d056cc","13",12,"19-25","Male","High School or Less","Yes","Prolific","85c5c5a6ab4fdb3aaf06947e0b9d4483","1","t-M_n-E","M","E","linear",10,"18",0,"Neutral","Different range"
"9eee3a9a30520c1b484d5b5e27d056cc","24",12,"19-25","Male","High School or Less","Yes","Prolific","70eebf16937fb9e77a3b806afe9aa528","2","t-M_n-H","M","H","log",13,"5",0,"Certain","Outlier(s)"
"9eee3a9a30520c1b484d5b5e27d056cc","22",12,"19-25","Male","High School or Less","Yes","Prolific","17c70f64092db27a58faa6c255efd8ba","1","t-M_n-H","M","H","log",1,"1",1,"Certain","Clustering"
"9eee3a9a30520c1b484d5b5e27d056cc","8",12,"19-25","Male","High School or Less","Yes","Prolific","076f2d6385d635ea49402478f7e44cab","2","t-E_n-M","E","M","log",14,"14",1,"Certain","Different slope"
"9eee3a9a30520c1b484d5b5e27d056cc","13",12,"19-25","Male","High School or Less","Yes","Prolific","85c5c5a6ab4fdb3aaf06947e0b9d4483","1","t-M_n-E","M","E","linear",10,"11",0,"Certain","Different range"
"9eee3a9a30520c1b484d5b5e27d056cc","27",12,"19-25","Male","High School or Less","Yes","Prolific","b8efad9285426a191f979b32a5094198","2","t-H_n-E","H","E","linear",9,"15",0,"Neutral","Different shape"
"9eee3a9a30520c1b484d5b5e27d056cc","25",12,"19-25","Male","High School or Less","Yes","Prolific","ee322d63db5869407801b2c6cd54c452","1","t-H_n-E","H","E","linear",1,"19",0,"Neutral","Clustering"
"9eee3a9a30520c1b484d5b5e27d056cc","8",12,"19-25","Male","High School or Less","Yes","Prolific","076f2d6385d635ea49402478f7e44cab","2","t-E_n-M","E","M","log",14,"8",0,"Neutral","Different slope"
"9eee3a9a30520c1b484d5b5e27d056cc","11",12,"19-25","Male","High School or Less","Yes","Prolific","909f6bb4a0bbb8708bcc2d96c0b7052f","2","t-E_n-H","E","H","linear",17,"17",1,"Certain","Different slope"
"9eee3a9a30520c1b484d5b5e27d056cc","23",12,"19-25","Male","High School or Less","Yes","Prolific","70eebf16937fb9e77a3b806afe9aa528","2","t-M_n-H","M","H","linear",13,"13",1,"Neutral","Different shape"
"9eee3a9a30520c1b484d5b5e27d056cc","30",12,"19-25","Male","High School or Less","Yes","Prolific","1b39b36e7a6189897f2015f191953b9d","1","t-H_n-M","H","M","log",12,"2",0,"Neutral","Different slope"
"9eee3a9a30520c1b484d5b5e27d056cc","12",12,"19-25","Male","High School or Less","Yes","Prolific","909f6bb4a0bbb8708bcc2d96c0b7052f","2","t-E_n-H","E","H","log",17,"17",1,"Neutral","Different slope"
"5c72c9ae7c0e343b0ab19d0efd787f1d","25",13,"19-25","Male","Graduate Degree","Yes","Prolific","ee322d63db5869407801b2c6cd54c452","1","t-H_n-E","H","E","linear",1,"6",0,"Certain","Clustering"
"5c72c9ae7c0e343b0ab19d0efd787f1d","26",13,"19-25","Male","Graduate Degree","Yes","Prolific","ee322d63db5869407801b2c6cd54c452","1","t-H_n-E","H","E","log",1,"1",1,"Very Certain","Different slope"
"5c72c9ae7c0e343b0ab19d0efd787f1d","6",13,"19-25","Male","Graduate Degree","Yes","Prolific","9f2d96ab9212ba1d26f176b00e6eeec0","1","t-E_n-M","E","M","log",12,"9",0,"Uncertain","Clustering"
"5c72c9ae7c0e343b0ab19d0efd787f1d","10",13,"19-25","Male","Graduate Degree","Yes","Prolific","8105c77bcc5d38d9b4e742f1b76de5fc","1","t-E_n-H","E","H","log",15,"15",1,"Very Certain","Different slope"
"5c72c9ae7c0e343b0ab19d0efd787f1d","9",13,"19-25","Male","Graduate Degree","Yes","Prolific","8105c77bcc5d38d9b4e742f1b76de5fc","1","t-E_n-H","E","H","linear",15,"17",0,"Certain","Different range"
"5c72c9ae7c0e343b0ab19d0efd787f1d","25",13,"19-25","Male","Graduate Degree","Yes","Prolific","ee322d63db5869407801b2c6cd54c452","1","t-H_n-E","H","E","linear",1,"1",1,"Certain","Different shape"
"5c72c9ae7c0e343b0ab19d0efd787f1d","7",13,"19-25","Male","Graduate Degree","Yes","Prolific","076f2d6385d635ea49402478f7e44cab","2","t-E_n-M","E","M","linear",14,"14",1,"Certain","Different range"
"5c72c9ae7c0e343b0ab19d0efd787f1d","13",13,"19-25","Male","Graduate Degree","Yes","Prolific","85c5c5a6ab4fdb3aaf06947e0b9d4483","1","t-M_n-E","M","E","linear",10,"11",0,"Certain","Different shape"
"5c72c9ae7c0e343b0ab19d0efd787f1d","32",13,"19-25","Male","Graduate Degree","Yes","Prolific","914e02881a7432dc34831c5dff0477e0","2","t-H_n-M","H","M","log",12,"12",1,"Certain","Different slope"
"5c72c9ae7c0e343b0ab19d0efd787f1d","13",13,"19-25","Male","Graduate Degree","Yes","Prolific","85c5c5a6ab4fdb3aaf06947e0b9d4483","1","t-M_n-E","M","E","linear",10,"1",0,"Very Certain","Clustering"
"5c72c9ae7c0e343b0ab19d0efd787f1d","24",13,"19-25","Male","Graduate Degree","Yes","Prolific","70eebf16937fb9e77a3b806afe9aa528","2","t-M_n-H","M","H","log",13,"17",0,"Neutral","Clustering"
"5c72c9ae7c0e343b0ab19d0efd787f1d","6",13,"19-25","Male","Graduate Degree","Yes","Prolific","9f2d96ab9212ba1d26f176b00e6eeec0","1","t-E_n-M","E","M","log",12,"12",1,"Uncertain","Clustering"
"5c72c9ae7c0e343b0ab19d0efd787f1d","30",13,"19-25","Male","Graduate Degree","Yes","Prolific","1b39b36e7a6189897f2015f191953b9d","1","t-H_n-M","H","M","log",12,"12",1,"Certain","Different slope"
"69ece306b83a66d49cc9636dd549ef76","31",12,"19-25","Female","Undergraduate Degree","Yes","Prolific","914e02881a7432dc34831c5dff0477e0","2","t-H_n-M","H","M","linear",12,"3",0,"Certain","Clustering"
"69ece306b83a66d49cc9636dd549ef76","29",12,"19-25","Female","Undergraduate Degree","Yes","Prolific","1b39b36e7a6189897f2015f191953b9d","1","t-H_n-M","H","M","linear",12,"14",0,"Certain","Different slope"
"69ece306b83a66d49cc9636dd549ef76","6",12,"19-25","Female","Undergraduate Degree","Yes","Prolific","9f2d96ab9212ba1d26f176b00e6eeec0","1","t-E_n-M","E","M","log",12,"12",1,"Very Certain","Different slope"
"69ece306b83a66d49cc9636dd549ef76","32",12,"19-25","Female","Undergraduate Degree","Yes","Prolific","914e02881a7432dc34831c5dff0477e0","2","t-H_n-M","H","M","log",12,"12",1,"Certain","Different slope"
"69ece306b83a66d49cc9636dd549ef76","26",12,"19-25","Female","Undergraduate Degree","Yes","Prolific","ee322d63db5869407801b2c6cd54c452","1","t-H_n-E","H","E","log",1,"1",1,"Certain","Different range"
"69ece306b83a66d49cc9636dd549ef76","7",12,"19-25","Female","Undergraduate Degree","Yes","Prolific","076f2d6385d635ea49402478f7e44cab","2","t-E_n-M","E","M","linear",14,"14",1,"Certain","Clustering, Outlier(s)"
"69ece306b83a66d49cc9636dd549ef76","22",12,"19-25","Female","Undergraduate Degree","Yes","Prolific","17c70f64092db27a58faa6c255efd8ba","1","t-M_n-H","M","H","log",1,"1",1,"Certain","Different range, Different slope"
"69ece306b83a66d49cc9636dd549ef76","29",12,"19-25","Female","Undergraduate Degree","Yes","Prolific","1b39b36e7a6189897f2015f191953b9d","1","t-H_n-M","H","M","linear",12,"5",0,"Certain","Clustering"
"69ece306b83a66d49cc9636dd549ef76","21",12,"19-25","Female","Undergraduate Degree","Yes","Prolific","17c70f64092db27a58faa6c255efd8ba","1","t-M_n-H","M","H","linear",1,"20",0,"Certain","Different range"
"69ece306b83a66d49cc9636dd549ef76","5",12,"19-25","Female","Undergraduate Degree","Yes","Prolific","9f2d96ab9212ba1d26f176b00e6eeec0","1","t-E_n-M","E","M","linear",12,"19",0,"Neutral","Clustering"
"69ece306b83a66d49cc9636dd549ef76","30",12,"19-25","Female","Undergraduate Degree","Yes","Prolific","1b39b36e7a6189897f2015f191953b9d","1","t-H_n-M","H","M","log",12,"12",1,"Certain","Different slope"
"69ece306b83a66d49cc9636dd549ef76","22",12,"19-25","Female","Undergraduate Degree","Yes","Prolific","17c70f64092db27a58faa6c255efd8ba","1","t-M_n-H","M","H","log",1,"5",0,"Neutral","Different range"
"d454d41b60cf3c649747f2944e96542e","7",13,"","Female","Undergraduate Degree","Yes","Prolific","076f2d6385d635ea49402478f7e44cab","2","t-E_n-M","E","M","linear",14,"14",1,"Certain","Clustering"
"d454d41b60cf3c649747f2944e96542e","16",13,"","Female","Undergraduate Degree","Yes","Prolific","07f1a227ee4ee73124d6589fada210dc","2","t-M_n-E","M","E","log",10,"10",1,"Certain","Different slope"
"d454d41b60cf3c649747f2944e96542e","30",13,"","Female","Undergraduate Degree","Yes","Prolific","1b39b36e7a6189897f2015f191953b9d","1","t-H_n-M","H","M","log",12,"13",0,"Neutral","Clustering"
"d454d41b60cf3c649747f2944e96542e","29",13,"","Female","Undergraduate Degree","Yes","Prolific","1b39b36e7a6189897f2015f191953b9d","1","t-H_n-M","H","M","linear",12,"14",0,"Certain","Different range"
"d454d41b60cf3c649747f2944e96542e","9",13,"","Female","Undergraduate Degree","Yes","Prolific","8105c77bcc5d38d9b4e742f1b76de5fc","1","t-E_n-H","E","H","linear",15,"15",1,"Certain","Clustering"
"d454d41b60cf3c649747f2944e96542e","11",13,"","Female","Undergraduate Degree","Yes","Prolific","909f6bb4a0bbb8708bcc2d96c0b7052f","2","t-E_n-H","E","H","linear",17,"17",1,"Very Certain","Different range"
"d454d41b60cf3c649747f2944e96542e","23",13,"","Female","Undergraduate Degree","Yes","Prolific","70eebf16937fb9e77a3b806afe9aa528","2","t-M_n-H","M","H","linear",13,"13",1,"Certain","Different slope"
"d454d41b60cf3c649747f2944e96542e","14",13,"","Female","Undergraduate Degree","Yes","Prolific","85c5c5a6ab4fdb3aaf06947e0b9d4483","1","t-M_n-E","M","E","log",10,"4",0,"Certain","Clustering"
"d454d41b60cf3c649747f2944e96542e","15",13,"","Female","Undergraduate Degree","Yes","Prolific","07f1a227ee4ee73124d6589fada210dc","2","t-M_n-E","M","E","linear",10,"14",0,"Certain","Different shape"
"d454d41b60cf3c649747f2944e96542e","13",13,"","Female","Undergraduate Degree","Yes","Prolific","85c5c5a6ab4fdb3aaf06947e0b9d4483","1","t-M_n-E","M","E","linear",10,"19",0,"Certain","Different range"
"d454d41b60cf3c649747f2944e96542e","24",13,"","Female","Undergraduate Degree","Yes","Prolific","70eebf16937fb9e77a3b806afe9aa528","2","t-M_n-H","M","H","log",13,"2",0,"Very Certain","Different slope"
"d454d41b60cf3c649747f2944e96542e","5",13,"","Female","Undergraduate Degree","Yes","Prolific","9f2d96ab9212ba1d26f176b00e6eeec0","1","t-E_n-M","E","M","linear",12,"10",0,"Certain","Clustering"
"d454d41b60cf3c649747f2944e96542e","6",13,"","Female","Undergraduate Degree","Yes","Prolific","9f2d96ab9212ba1d26f176b00e6eeec0","1","t-E_n-M","E","M","log",12,"10",0,"Very Certain","Clustering"
"f4e36ce3813a0a823819fb42666d37d9","31",12,"19-25","Female","Some Undergraduate Courses","Yes","Prolific","914e02881a7432dc34831c5dff0477e0","2","t-H_n-M","H","M","linear",12,"3",0,"Uncertain","Clustering"
"f4e36ce3813a0a823819fb42666d37d9","16",12,"19-25","Female","Some Undergraduate Courses","Yes","Prolific","07f1a227ee4ee73124d6589fada210dc","2","t-M_n-E","M","E","log",10,"10",1,"Certain","Different slope"
"f4e36ce3813a0a823819fb42666d37d9","31",12,"19-25","Female","Some Undergraduate Courses","Yes","Prolific","914e02881a7432dc34831c5dff0477e0","2","t-H_n-M","H","M","linear",12,"3",0,"Uncertain","Clustering"
"f4e36ce3813a0a823819fb42666d37d9","11",12,"19-25","Female","Some Undergraduate Courses","Yes","Prolific","909f6bb4a0bbb8708bcc2d96c0b7052f","2","t-E_n-H","E","H","linear",17,"17",1,"Very Certain","Different shape, Different slope"
"f4e36ce3813a0a823819fb42666d37d9","22",12,"19-25","Female","Some Undergraduate Courses","Yes","Prolific","17c70f64092db27a58faa6c255efd8ba","1","t-M_n-H","M","H","log",1,"1",1,"Certain","Different shape"
"f4e36ce3813a0a823819fb42666d37d9","13",12,"19-25","Female","Some Undergraduate Courses","Yes","Prolific","85c5c5a6ab4fdb3aaf06947e0b9d4483","1","t-M_n-E","M","E","linear",10,"13",0,"Very Uncertain","Clustering"
"f4e36ce3813a0a823819fb42666d37d9","8",12,"19-25","Female","Some Undergraduate Courses","Yes","Prolific","076f2d6385d635ea49402478f7e44cab","2","t-E_n-M","E","M","log",14,"14",1,"Certain","Different shape"
"f4e36ce3813a0a823819fb42666d37d9","16",12,"19-25","Female","Some Undergraduate Courses","Yes","Prolific","07f1a227ee4ee73124d6589fada210dc","2","t-M_n-E","M","E","log",10,"10",1,"Neutral","Different shape"
"f4e36ce3813a0a823819fb42666d37d9","6",12,"19-25","Female","Some Undergraduate Courses","Yes","Prolific","9f2d96ab9212ba1d26f176b00e6eeec0","1","t-E_n-M","E","M","log",12,"12",1,"Neutral","Different shape, Different slope"
"f4e36ce3813a0a823819fb42666d37d9","14",12,"19-25","Female","Some Undergraduate Courses","Yes","Prolific","85c5c5a6ab4fdb3aaf06947e0b9d4483","1","t-M_n-E","M","E","log",10,"10",1,"Certain","Different slope"
"f4e36ce3813a0a823819fb42666d37d9","21",12,"19-25","Female","Some Undergraduate Courses","Yes","Prolific","17c70f64092db27a58faa6c255efd8ba","1","t-M_n-H","M","H","linear",1,"1",1,"Very Certain","Different slope"
"f4e36ce3813a0a823819fb42666d37d9","27",12,"19-25","Female","Some Undergraduate Courses","Yes","Prolific","b8efad9285426a191f979b32a5094198","2","t-H_n-E","H","E","linear",9,"9",1,"Very Certain","Different slope"
"171b54879b1f7132bdaea3e8d0972d25","31",13,"19-25","Male","Graduate Degree","Yes","Prolific","914e02881a7432dc34831c5dff0477e0","2","t-H_n-M","H","M","linear",12,"3",0,"Very Certain","Clustering"
"171b54879b1f7132bdaea3e8d0972d25","26",13,"19-25","Male","Graduate Degree","Yes","Prolific","ee322d63db5869407801b2c6cd54c452","1","t-H_n-E","H","E","log",1,"1",1,"Certain","Different slope"
"171b54879b1f7132bdaea3e8d0972d25","6",13,"19-25","Male","Graduate Degree","Yes","Prolific","9f2d96ab9212ba1d26f176b00e6eeec0","1","t-E_n-M","E","M","log",12,"19",0,"Certain","Clustering"
"171b54879b1f7132bdaea3e8d0972d25","9",13,"19-25","Male","Graduate Degree","Yes","Prolific","8105c77bcc5d38d9b4e742f1b76de5fc","1","t-E_n-H","E","H","linear",15,"15",1,"Certain","Different slope"
"171b54879b1f7132bdaea3e8d0972d25","22",13,"19-25","Male","Graduate Degree","Yes","Prolific","17c70f64092db27a58faa6c255efd8ba","1","t-M_n-H","M","H","log",1,"1",1,"Neutral","Different shape"
"171b54879b1f7132bdaea3e8d0972d25","13",13,"19-25","Male","Graduate Degree","Yes","Prolific","85c5c5a6ab4fdb3aaf06947e0b9d4483","1","t-M_n-E","M","E","linear",10,"2",0,"Uncertain","Clustering"
"171b54879b1f7132bdaea3e8d0972d25","25",13,"19-25","Male","Graduate Degree","Yes","Prolific","ee322d63db5869407801b2c6cd54c452","1","t-H_n-E","H","E","linear",1,"1",1,"Certain","Different slope"
"171b54879b1f7132bdaea3e8d0972d25","16",13,"19-25","Male","Graduate Degree","Yes","Prolific","07f1a227ee4ee73124d6589fada210dc","2","t-M_n-E","M","E","log",10,"10",1,"Uncertain","Different slope"
"171b54879b1f7132bdaea3e8d0972d25","25",13,"19-25","Male","Graduate Degree","Yes","Prolific","ee322d63db5869407801b2c6cd54c452","1","t-H_n-E","H","E","linear",1,"1",1,"Neutral","Different shape"
"171b54879b1f7132bdaea3e8d0972d25","14",13,"19-25","Male","Graduate Degree","Yes","Prolific","85c5c5a6ab4fdb3aaf06947e0b9d4483","1","t-M_n-E","M","E","log",10,"10",1,"Certain","Different shape"
"171b54879b1f7132bdaea3e8d0972d25","21",13,"19-25","Male","Graduate Degree","Yes","Prolific","17c70f64092db27a58faa6c255efd8ba","1","t-M_n-H","M","H","linear",1,"13",0,"Neutral","Clustering"
"171b54879b1f7132bdaea3e8d0972d25","31",13,"19-25","Male","Graduate Degree","Yes","Prolific","914e02881a7432dc34831c5dff0477e0","2","t-H_n-M","H","M","linear",12,"19",0,"Certain","Different shape"
"171b54879b1f7132bdaea3e8d0972d25","32",13,"19-25","Male","Graduate Degree","Yes","Prolific","914e02881a7432dc34831c5dff0477e0","2","t-H_n-M","H","M","log",12,"12",1,"Certain","Different shape"
"0f0c1ef3cdd4be0c0b5437b477734c0e","22",13,"19-25","Male","Some Undergraduate Courses","Yes","Prolific","17c70f64092db27a58faa6c255efd8ba","1","t-M_n-H","M","H","log",1,"10",0,"Certain","Clustering"
"0f0c1ef3cdd4be0c0b5437b477734c0e","30",13,"19-25","Male","Some Undergraduate Courses","Yes","Prolific","1b39b36e7a6189897f2015f191953b9d","1","t-H_n-M","H","M","log",12,"2",0,"Neutral","Clustering"
"0f0c1ef3cdd4be0c0b5437b477734c0e","32",13,"19-25","Male","Some Undergraduate Courses","Yes","Prolific","914e02881a7432dc34831c5dff0477e0","2","t-H_n-M","H","M","log",12,"20",0,"Neutral","Different range"
"0f0c1ef3cdd4be0c0b5437b477734c0e","9",13,"19-25","Male","Some Undergraduate Courses","Yes","Prolific","8105c77bcc5d38d9b4e742f1b76de5fc","1","t-E_n-H","E","H","linear",15,"5,15",1,"Certain","Different shape"
"0f0c1ef3cdd4be0c0b5437b477734c0e","6",13,"19-25","Male","Some Undergraduate Courses","Yes","Prolific","9f2d96ab9212ba1d26f176b00e6eeec0","1","t-E_n-M","E","M","log",12,"10,6",0,"Neutral","Different slope"
"0f0c1ef3cdd4be0c0b5437b477734c0e","26",13,"19-25","Male","Some Undergraduate Courses","Yes","Prolific","ee322d63db5869407801b2c6cd54c452","1","t-H_n-E","H","E","log",1,"3",0,"Uncertain","Clustering, Outlier(s)"
"0f0c1ef3cdd4be0c0b5437b477734c0e","25",13,"19-25","Male","Some Undergraduate Courses","Yes","Prolific","ee322d63db5869407801b2c6cd54c452","1","t-H_n-E","H","E","linear",1,"18",0,"Certain","Different range, Different slope"
"0f0c1ef3cdd4be0c0b5437b477734c0e","16",13,"19-25","Male","Some Undergraduate Courses","Yes","Prolific","07f1a227ee4ee73124d6589fada210dc","2","t-M_n-E","M","E","log",10,"10",1,"Uncertain","Different shape"
"0f0c1ef3cdd4be0c0b5437b477734c0e","25",13,"19-25","Male","Some Undergraduate Courses","Yes","Prolific","ee322d63db5869407801b2c6cd54c452","1","t-H_n-E","H","E","linear",1,"1",1,"Very Certain","Different slope"
"0f0c1ef3cdd4be0c0b5437b477734c0e","11",13,"19-25","Male","Some Undergraduate Courses","Yes","Prolific","909f6bb4a0bbb8708bcc2d96c0b7052f","2","t-E_n-H","E","H","linear",17,"17",1,"Certain","Different shape, Different slope"
"0f0c1ef3cdd4be0c0b5437b477734c0e","21",13,"19-25","Male","Some Undergraduate Courses","Yes","Prolific","17c70f64092db27a58faa6c255efd8ba","1","t-M_n-H","M","H","linear",1,"1",1,"Neutral","Clustering, Different slope"
"0f0c1ef3cdd4be0c0b5437b477734c0e","31",13,"19-25","Male","Some Undergraduate Courses","Yes","Prolific","914e02881a7432dc34831c5dff0477e0","2","t-H_n-M","H","M","linear",12,"8",0,"Neutral","Different range"
"0f0c1ef3cdd4be0c0b5437b477734c0e","32",13,"19-25","Male","Some Undergraduate Courses","Yes","Prolific","914e02881a7432dc34831c5dff0477e0","2","t-H_n-M","H","M","log",12,"13",0,"Uncertain","Clustering"
"0b685a7c5aa46d17ecc524b9d8da6cd9","31",11,"19-25","Male","High School or Less","Yes","Prolific","914e02881a7432dc34831c5dff0477e0","2","t-H_n-M","H","M","linear",12,"8",0,"Certain","Different slope"
"0b685a7c5aa46d17ecc524b9d8da6cd9","29",11,"19-25","Male","High School or Less","Yes","Prolific","1b39b36e7a6189897f2015f191953b9d","1","t-H_n-M","H","M","linear",12,"14",0,"Neutral","Different slope"
"0b685a7c5aa46d17ecc524b9d8da6cd9","29",11,"19-25","Male","High School or Less","Yes","Prolific","1b39b36e7a6189897f2015f191953b9d","1","t-H_n-M","H","M","linear",12,"8",0,"Very Certain","Different slope, Outlier(s)"
"0b685a7c5aa46d17ecc524b9d8da6cd9","9",11,"19-25","Male","High School or Less","Yes","Prolific","8105c77bcc5d38d9b4e742f1b76de5fc","1","t-E_n-H","E","H","linear",15,"15",1,"Certain","Different shape, Outlier(s)"
"0b685a7c5aa46d17ecc524b9d8da6cd9","5",11,"19-25","Male","High School or Less","Yes","Prolific","9f2d96ab9212ba1d26f176b00e6eeec0","1","t-E_n-M","E","M","linear",12,"18",0,"Very Uncertain","Outlier(s)"
"0b685a7c5aa46d17ecc524b9d8da6cd9","8",11,"19-25","Male","High School or Less","Yes","Prolific","076f2d6385d635ea49402478f7e44cab","2","t-E_n-M","E","M","log",14,"14",1,"Certain","Different shape"
"0b685a7c5aa46d17ecc524b9d8da6cd9","14",11,"19-25","Male","High School or Less","Yes","Prolific","85c5c5a6ab4fdb3aaf06947e0b9d4483","1","t-M_n-E","M","E","log",10,"19",0,"Neutral","Different range"
"0b685a7c5aa46d17ecc524b9d8da6cd9","10",11,"19-25","Male","High School or Less","Yes","Prolific","8105c77bcc5d38d9b4e742f1b76de5fc","1","t-E_n-H","E","H","log",15,"15",1,"Certain","Different shape, Different slope"
"0b685a7c5aa46d17ecc524b9d8da6cd9","28",11,"19-25","Male","High School or Less","Yes","Prolific","b8efad9285426a191f979b32a5094198","2","t-H_n-E","H","E","log",9,"9",1,"Very Certain","Different range, Different shape, Different slope"
"0b685a7c5aa46d17ecc524b9d8da6cd9","12",11,"19-25","Male","High School or Less","Yes","Prolific","909f6bb4a0bbb8708bcc2d96c0b7052f","2","t-E_n-H","E","H","log",17,"17",1,"Certain","Different range, Different shape, Different slope"
"0b685a7c5aa46d17ecc524b9d8da6cd9","27",11,"19-25","Male","High School or Less","Yes","Prolific","b8efad9285426a191f979b32a5094198","2","t-H_n-E","H","E","linear",9,"9",1,"Neutral","Different range, Different shape"
"4213ade932fa6fe85b91f08505453685","25",12,"19-25","Variant/Nonconforming","Some Graduate Courses","Yes","Prolific","ee322d63db5869407801b2c6cd54c452","1","t-H_n-E","H","E","linear",1,"1",1,"Certain","Different slope"
"4213ade932fa6fe85b91f08505453685","26",12,"19-25","Variant/Nonconforming","Some Graduate Courses","Yes","Prolific","ee322d63db5869407801b2c6cd54c452","1","t-H_n-E","H","E","log",1,"19",0,"Uncertain","Clustering"
"4213ade932fa6fe85b91f08505453685","9",12,"19-25","Variant/Nonconforming","Some Graduate Courses","Yes","Prolific","8105c77bcc5d38d9b4e742f1b76de5fc","1","t-E_n-H","E","H","linear",15,"15",1,"Certain","Clustering"
"4213ade932fa6fe85b91f08505453685","22",12,"19-25","Variant/Nonconforming","Some Graduate Courses","Yes","Prolific","17c70f64092db27a58faa6c255efd8ba","1","t-M_n-H","M","H","log",1,"1",1,"Certain","Different shape"
"4213ade932fa6fe85b91f08505453685","13",12,"19-25","Variant/Nonconforming","Some Graduate Courses","Yes","Prolific","85c5c5a6ab4fdb3aaf06947e0b9d4483","1","t-M_n-E","M","E","linear",10,"11",0,"Neutral","Different shape"
"4213ade932fa6fe85b91f08505453685","25",12,"19-25","Variant/Nonconforming","Some Graduate Courses","Yes","Prolific","ee322d63db5869407801b2c6cd54c452","1","t-H_n-E","H","E","linear",1,"1",1,"Certain","Different slope"
"4213ade932fa6fe85b91f08505453685","16",12,"19-25","Variant/Nonconforming","Some Graduate Courses","Yes","Prolific","07f1a227ee4ee73124d6589fada210dc","2","t-M_n-E","M","E","log",10,"13",0,"Neutral","Clustering"
"4213ade932fa6fe85b91f08505453685","25",12,"19-25","Variant/Nonconforming","Some Graduate Courses","Yes","Prolific","ee322d63db5869407801b2c6cd54c452","1","t-H_n-E","H","E","linear",1,"1",1,"Certain","Different slope"
"4213ade932fa6fe85b91f08505453685","11",12,"19-25","Variant/Nonconforming","Some Graduate Courses","Yes","Prolific","909f6bb4a0bbb8708bcc2d96c0b7052f","2","t-E_n-H","E","H","linear",17,"17",1,"Very Certain","Different shape, Different slope"
"4213ade932fa6fe85b91f08505453685","23",12,"19-25","Variant/Nonconforming","Some Graduate Courses","Yes","Prolific","70eebf16937fb9e77a3b806afe9aa528","2","t-M_n-H","M","H","linear",13,"13",1,"Certain","Different slope"
"4213ade932fa6fe85b91f08505453685","31",12,"19-25","Variant/Nonconforming","Some Graduate Courses","Yes","Prolific","914e02881a7432dc34831c5dff0477e0","2","t-H_n-M","H","M","linear",12,"20,3",0,"Neutral","Different shape"
"4213ade932fa6fe85b91f08505453685","32",12,"19-25","Variant/Nonconforming","Some Graduate Courses","Yes","Prolific","914e02881a7432dc34831c5dff0477e0","2","t-H_n-M","H","M","log",12,"20",0,"Certain","Clustering"
"bbfa7a8d5013600797a2df3dc604cc2b","31",13,"19-25","Male","Some Graduate Courses","Yes","Prolific","914e02881a7432dc34831c5dff0477e0","2","t-H_n-M","H","M","linear",12,"3,19",0,"Certain","Clustering"
"bbfa7a8d5013600797a2df3dc604cc2b","24",13,"19-25","Male","Some Graduate Courses","Yes","Prolific","70eebf16937fb9e77a3b806afe9aa528","2","t-M_n-H","M","H","log",13,"2,13",1,"Neutral","Different slope"
"bbfa7a8d5013600797a2df3dc604cc2b","26",13,"19-25","Male","Some Graduate Courses","Yes","Prolific","ee322d63db5869407801b2c6cd54c452","1","t-H_n-E","H","E","log",1,"1,13,6",1,"Certain","Different shape, Different slope"
"bbfa7a8d5013600797a2df3dc604cc2b","10",13,"19-25","Male","Some Graduate Courses","Yes","Prolific","8105c77bcc5d38d9b4e742f1b76de5fc","1","t-E_n-H","E","H","log",15,"5,15,9",1,"Certain","Different shape, Different slope"
"bbfa7a8d5013600797a2df3dc604cc2b","9",13,"19-25","Male","Some Graduate Courses","Yes","Prolific","8105c77bcc5d38d9b4e742f1b76de5fc","1","t-E_n-H","E","H","linear",15,"3,5,15",1,"Neutral","Different range, Different slope, Outlier(s)"
"bbfa7a8d5013600797a2df3dc604cc2b","25",13,"19-25","Male","Some Graduate Courses","Yes","Prolific","ee322d63db5869407801b2c6cd54c452","1","t-H_n-E","H","E","linear",1,"1,6,10",1,"Certain","Different slope"
"bbfa7a8d5013600797a2df3dc604cc2b","9",13,"19-25","Male","Some Graduate Courses","Yes","Prolific","8105c77bcc5d38d9b4e742f1b76de5fc","1","t-E_n-H","E","H","linear",15,"15",1,"Certain","Different slope"
"bbfa7a8d5013600797a2df3dc604cc2b","21",13,"19-25","Male","Some Graduate Courses","Yes","Prolific","17c70f64092db27a58faa6c255efd8ba","1","t-M_n-H","M","H","linear",1,"1",1,"Certain","Different slope"
"bbfa7a8d5013600797a2df3dc604cc2b","8",13,"19-25","Male","Some Graduate Courses","Yes","Prolific","076f2d6385d635ea49402478f7e44cab","2","t-E_n-M","E","M","log",14,"14",1,"Certain","Different slope"
"bbfa7a8d5013600797a2df3dc604cc2b","32",13,"19-25","Male","Some Graduate Courses","Yes","Prolific","914e02881a7432dc34831c5dff0477e0","2","t-H_n-M","H","M","log",12,"12",1,"Certain","Different slope"
"bbfa7a8d5013600797a2df3dc604cc2b","10",13,"19-25","Male","Some Graduate Courses","Yes","Prolific","8105c77bcc5d38d9b4e742f1b76de5fc","1","t-E_n-H","E","H","log",15,"15,20",1,"Certain","Different slope"
"bbfa7a8d5013600797a2df3dc604cc2b","31",13,"19-25","Male","Some Graduate Courses","Yes","Prolific","914e02881a7432dc34831c5dff0477e0","2","t-H_n-M","H","M","linear",12,"8,4",0,"Certain","Different range"
"bbfa7a8d5013600797a2df3dc604cc2b","25",13,"19-25","Male","Some Graduate Courses","Yes","Prolific","ee322d63db5869407801b2c6cd54c452","1","t-H_n-E","H","E","linear",1,"1",1,"Certain","Different slope"
"cd8e9c252ef7a5f8fd422461ed4290cc","31",12,"26-30","Female","Graduate Degree","Yes","Prolific","914e02881a7432dc34831c5dff0477e0","2","t-H_n-M","H","M","linear",12,"12",1,"Certain","Different slope"
"cd8e9c252ef7a5f8fd422461ed4290cc","32",12,"26-30","Female","Graduate Degree","Yes","Prolific","914e02881a7432dc34831c5dff0477e0","2","t-H_n-M","H","M","log",12,"12",1,"Neutral","Different slope"
"cd8e9c252ef7a5f8fd422461ed4290cc","9",12,"26-30","Female","Graduate Degree","Yes","Prolific","8105c77bcc5d38d9b4e742f1b76de5fc","1","t-E_n-H","E","H","linear",15,"15",1,"Neutral","Different shape"
"cd8e9c252ef7a5f8fd422461ed4290cc","6",12,"26-30","Female","Graduate Degree","Yes","Prolific","9f2d96ab9212ba1d26f176b00e6eeec0","1","t-E_n-M","E","M","log",12,"12",1,"Uncertain","Different slope"
"cd8e9c252ef7a5f8fd422461ed4290cc","24",12,"26-30","Female","Graduate Degree","Yes","Prolific","70eebf16937fb9e77a3b806afe9aa528","2","t-M_n-H","M","H","log",13,"2",0,"Certain","Clustering"
"cd8e9c252ef7a5f8fd422461ed4290cc","13",12,"26-30","Female","Graduate Degree","Yes","Prolific","85c5c5a6ab4fdb3aaf06947e0b9d4483","1","t-M_n-E","M","E","linear",10,"19",0,"Neutral","Clustering"
"cd8e9c252ef7a5f8fd422461ed4290cc","8",12,"26-30","Female","Graduate Degree","Yes","Prolific","076f2d6385d635ea49402478f7e44cab","2","t-E_n-M","E","M","log",14,"14",1,"Certain","Different slope"
"cd8e9c252ef7a5f8fd422461ed4290cc","8",12,"26-30","Female","Graduate Degree","Yes","Prolific","076f2d6385d635ea49402478f7e44cab","2","t-E_n-M","E","M","log",14,"14",1,"Certain","Different shape"
"cd8e9c252ef7a5f8fd422461ed4290cc","30",12,"26-30","Female","Graduate Degree","Yes","Prolific","1b39b36e7a6189897f2015f191953b9d","1","t-H_n-M","H","M","log",12,"2",0,"Neutral","Clustering"
"cd8e9c252ef7a5f8fd422461ed4290cc","21",12,"26-30","Female","Graduate Degree","Yes","Prolific","17c70f64092db27a58faa6c255efd8ba","1","t-M_n-H","M","H","linear",1,"1",1,"Uncertain","Different shape"
"cd8e9c252ef7a5f8fd422461ed4290cc","31",12,"26-30","Female","Graduate Degree","Yes","Prolific","914e02881a7432dc34831c5dff0477e0","2","t-H_n-M","H","M","linear",12,"3",0,"Certain","Clustering"
"cd8e9c252ef7a5f8fd422461ed4290cc","25",12,"26-30","Female","Graduate Degree","Yes","Prolific","ee322d63db5869407801b2c6cd54c452","1","t-H_n-E","H","E","linear",1,"1",1,"Certain","Different shape"
"024640e708c0fcb6f1124d07f168e5b6","22",13,"19-25","Male","Graduate Degree","Yes","Prolific","17c70f64092db27a58faa6c255efd8ba","1","t-M_n-H","M","H","log",1,"1,7,19,13",1,"Neutral","Different range"
"024640e708c0fcb6f1124d07f168e5b6","31",13,"19-25","Male","Graduate Degree","Yes","Prolific","914e02881a7432dc34831c5dff0477e0","2","t-H_n-M","H","M","linear",12,"1,7,13,19,20,6,3",0,"Certain","Different slope, Outlier(s)"
"024640e708c0fcb6f1124d07f168e5b6","14",13,"19-25","Male","Graduate Degree","Yes","Prolific","85c5c5a6ab4fdb3aaf06947e0b9d4483","1","t-M_n-E","M","E","log",10,"1,7,8,14,13,19,20",0,"Uncertain","Different range, Different shape"
"024640e708c0fcb6f1124d07f168e5b6","7",13,"19-25","Male","Graduate Degree","Yes","Prolific","076f2d6385d635ea49402478f7e44cab","2","t-E_n-M","E","M","linear",14,"1,7,8,14,13,20,16",1,"Neutral","Different range, Different shape, Outlier(s)"
"024640e708c0fcb6f1124d07f168e5b6","22",13,"19-25","Male","Graduate Degree","Yes","Prolific","17c70f64092db27a58faa6c255efd8ba","1","t-M_n-H","M","H","log",1,"1,2,7,8,13,20,19,17",1,"Certain","Different shape, Different slope, Outlier(s)"
"024640e708c0fcb6f1124d07f168e5b6","31",13,"19-25","Male","Graduate Degree","Yes","Prolific","914e02881a7432dc34831c5dff0477e0","2","t-H_n-M","H","M","linear",12,"2,7,15,10,4,12,18,19",1,"Uncertain","Clustering, Different range, Different slope"
"024640e708c0fcb6f1124d07f168e5b6","7",13,"19-25","Male","Graduate Degree","Yes","Prolific","076f2d6385d635ea49402478f7e44cab","2","t-E_n-M","E","M","linear",14,"1,6,7,13,20,19,14",1,"Certain","Different range, Different shape, Different slope, Outlier(s)"
"024640e708c0fcb6f1124d07f168e5b6","21",13,"19-25","Male","Graduate Degree","Yes","Prolific","17c70f64092db27a58faa6c255efd8ba","1","t-M_n-H","M","H","linear",1,"1,2,10,19,18,12",1,"Uncertain","Different shape, Different slope"
"024640e708c0fcb6f1124d07f168e5b6","8",13,"19-25","Male","Graduate Degree","Yes","Prolific","076f2d6385d635ea49402478f7e44cab","2","t-E_n-M","E","M","log",14,"1,6,7,13,12,19,20,18",0,"Neutral","Different shape, Different slope, Outlier(s)"
"024640e708c0fcb6f1124d07f168e5b6","30",13,"19-25","Male","Graduate Degree","Yes","Prolific","1b39b36e7a6189897f2015f191953b9d","1","t-H_n-M","H","M","log",12,"1,2,7,14,19,20,8",0,"Very Uncertain","Different range, Different shape, Different slope"
"024640e708c0fcb6f1124d07f168e5b6","10",13,"19-25","Male","Graduate Degree","Yes","Prolific","8105c77bcc5d38d9b4e742f1b76de5fc","1","t-E_n-H","E","H","log",15,"1,2,11,13,19,20,16,9,10,15",1,"Certain","Different range, Different shape, Different slope, Outlier(s)"
"024640e708c0fcb6f1124d07f168e5b6","8",13,"19-25","Male","Graduate Degree","Yes","Prolific","076f2d6385d635ea49402478f7e44cab","2","t-E_n-M","E","M","log",14,"1,2,12,7,13,19",0,"Uncertain","Different shape, Different slope"
"024640e708c0fcb6f1124d07f168e5b6","22",13,"19-25","Male","Graduate Degree","Yes","Prolific","17c70f64092db27a58faa6c255efd8ba","1","t-M_n-H","M","H","log",1,"1,2,7,6,12,13,18,19,20,8,9,4",1,"Certain","Different shape, Different slope"
"98b6ff0fd393f7d417c9e903f1a856de","31",13,"Under 19","Male","High School or Less","Yes","Prolific","914e02881a7432dc34831c5dff0477e0","2","t-H_n-M","H","M","linear",12,"20",0,"Very Uncertain","Different range, Different shape, Outlier(s)"
"98b6ff0fd393f7d417c9e903f1a856de","32",13,"Under 19","Male","High School or Less","Yes","Prolific","914e02881a7432dc34831c5dff0477e0","2","t-H_n-M","H","M","log",12,"3",0,"Certain","Clustering"
"98b6ff0fd393f7d417c9e903f1a856de","30",13,"Under 19","Male","High School or Less","Yes","Prolific","1b39b36e7a6189897f2015f191953b9d","1","t-H_n-M","H","M","log",12,"10",0,"Very Certain","Clustering, Different shape, Outlier(s)"
"98b6ff0fd393f7d417c9e903f1a856de","21",13,"Under 19","Male","High School or Less","Yes","Prolific","17c70f64092db27a58faa6c255efd8ba","1","t-M_n-H","M","H","linear",1,"10",0,"Very Certain","Clustering, Different shape, Outlier(s)"
"98b6ff0fd393f7d417c9e903f1a856de","12",13,"Under 19","Male","High School or Less","Yes","Prolific","909f6bb4a0bbb8708bcc2d96c0b7052f","2","t-E_n-H","E","H","log",17,"17",1,"Very Certain","Clustering, Different shape, Different slope, Outlier(s)"
"98b6ff0fd393f7d417c9e903f1a856de","24",13,"Under 19","Male","High School or Less","Yes","Prolific","70eebf16937fb9e77a3b806afe9aa528","2","t-M_n-H","M","H","log",13,"8",0,"Neutral","Clustering, Different shape, Outlier(s)"
"98b6ff0fd393f7d417c9e903f1a856de","13",13,"Under 19","Male","High School or Less","Yes","Prolific","85c5c5a6ab4fdb3aaf06947e0b9d4483","1","t-M_n-E","M","E","linear",10,"11",0,"Very Certain","Clustering, Different shape, Different slope, Outlier(s)"
"98b6ff0fd393f7d417c9e903f1a856de","26",13,"Under 19","Male","High School or Less","Yes","Prolific","ee322d63db5869407801b2c6cd54c452","1","t-H_n-E","H","E","log",1,"19",0,"Certain","Clustering, Different slope, Outlier(s)"
"98b6ff0fd393f7d417c9e903f1a856de","6",13,"Under 19","Male","High School or Less","Yes","Prolific","9f2d96ab9212ba1d26f176b00e6eeec0","1","t-E_n-M","E","M","log",12,"10",0,"Certain","Different range, Different slope, Outlier(s)"
"98b6ff0fd393f7d417c9e903f1a856de","14",13,"Under 19","Male","High School or Less","Yes","Prolific","85c5c5a6ab4fdb3aaf06947e0b9d4483","1","t-M_n-E","M","E","log",10,"14",0,"Very Certain","Clustering, Different range, Different slope, Outlier(s)"
"98b6ff0fd393f7d417c9e903f1a856de","24",13,"Under 19","Male","High School or Less","Yes","Prolific","70eebf16937fb9e77a3b806afe9aa528","2","t-M_n-H","M","H","log",13,"13",1,"Uncertain","Clustering, Different shape, Outlier(s)"
"98b6ff0fd393f7d417c9e903f1a856de","23",13,"Under 19","Male","High School or Less","Yes","Prolific","70eebf16937fb9e77a3b806afe9aa528","2","t-M_n-H","M","H","linear",13,"13",1,"Very Certain","Clustering, Different range, Different shape, Different slope, Outlier(s)"
"98b6ff0fd393f7d417c9e903f1a856de","27",13,"Under 19","Male","High School or Less","Yes","Prolific","b8efad9285426a191f979b32a5094198","2","t-H_n-E","H","E","linear",9,"5",0,"Certain","Clustering, Different shape, Outlier(s)"
"5a5f08fd09b0e5f45d4943c5c0401b11","14",11,"31-35","Female","Graduate Degree","Yes","Prolific","85c5c5a6ab4fdb3aaf06947e0b9d4483","1","t-M_n-E","M","E","log",10,"19",0,"Certain","Clustering, Different slope"
"5a5f08fd09b0e5f45d4943c5c0401b11","10",11,"31-35","Female","Graduate Degree","Yes","Prolific","8105c77bcc5d38d9b4e742f1b76de5fc","1","t-E_n-H","E","H","log",15,"15",1,"Very Certain","Different range"
"5a5f08fd09b0e5f45d4943c5c0401b11","7",11,"31-35","Female","Graduate Degree","Yes","Prolific","076f2d6385d635ea49402478f7e44cab","2","t-E_n-M","E","M","linear",14,"14",1,"Very Certain","Clustering, Outlier(s)"
"5a5f08fd09b0e5f45d4943c5c0401b11","7",11,"31-35","Female","Graduate Degree","Yes","Prolific","076f2d6385d635ea49402478f7e44cab","2","t-E_n-M","E","M","linear",14,"14",1,"Very Certain","Clustering, Different slope"
"5a5f08fd09b0e5f45d4943c5c0401b11","24",11,"31-35","Female","Graduate Degree","Yes","Prolific","70eebf16937fb9e77a3b806afe9aa528","2","t-M_n-H","M","H","log",13,"13",1,"Certain","Different slope"
"5a5f08fd09b0e5f45d4943c5c0401b11","13",11,"31-35","Female","Graduate Degree","Yes","Prolific","85c5c5a6ab4fdb3aaf06947e0b9d4483","1","t-M_n-E","M","E","linear",10,"16",0,"Very Certain","Clustering, Different slope, Outlier(s)"
"5a5f08fd09b0e5f45d4943c5c0401b11","8",11,"31-35","Female","Graduate Degree","Yes","Prolific","076f2d6385d635ea49402478f7e44cab","2","t-E_n-M","E","M","log",14,"14",1,"Very Certain","Different slope"
"5a5f08fd09b0e5f45d4943c5c0401b11","5",11,"31-35","Female","Graduate Degree","Yes","Prolific","9f2d96ab9212ba1d26f176b00e6eeec0","1","t-E_n-M","E","M","linear",12,"6",0,"Certain","Different range"
"5a5f08fd09b0e5f45d4943c5c0401b11","31",11,"31-35","Female","Graduate Degree","Yes","Prolific","914e02881a7432dc34831c5dff0477e0","2","t-H_n-M","H","M","linear",12,"3",0,"Very Certain","Clustering, Outlier(s)"
"5a5f08fd09b0e5f45d4943c5c0401b11","13",11,"31-35","Female","Graduate Degree","Yes","Prolific","85c5c5a6ab4fdb3aaf06947e0b9d4483","1","t-M_n-E","M","E","linear",10,"13",0,"Certain","Clustering, Outlier(s)"
"5a5f08fd09b0e5f45d4943c5c0401b11","27",11,"31-35","Female","Graduate Degree","Yes","Prolific","b8efad9285426a191f979b32a5094198","2","t-H_n-E","H","E","linear",9,"9",1,"Neutral","Different shape"
"ea05293b90c29bd63376d734ee026723","10",11,"26-30","Female","Graduate Degree","Yes","Prolific","8105c77bcc5d38d9b4e742f1b76de5fc","1","t-E_n-H","E","H","log",15,"15",1,"Very Certain","Different shape"
"ea05293b90c29bd63376d734ee026723","7",11,"26-30","Female","Graduate Degree","Yes","Prolific","076f2d6385d635ea49402478f7e44cab","2","t-E_n-M","E","M","linear",14,"14",1,"Certain","Different range"
"ea05293b90c29bd63376d734ee026723","7",11,"26-30","Female","Graduate Degree","Yes","Prolific","076f2d6385d635ea49402478f7e44cab","2","t-E_n-M","E","M","linear",14,"14",1,"Certain","Different slope"
"ea05293b90c29bd63376d734ee026723","24",11,"26-30","Female","Graduate Degree","Yes","Prolific","70eebf16937fb9e77a3b806afe9aa528","2","t-M_n-H","M","H","log",13,"8",0,"Neutral","Different shape"
"ea05293b90c29bd63376d734ee026723","13",11,"26-30","Female","Graduate Degree","Yes","Prolific","85c5c5a6ab4fdb3aaf06947e0b9d4483","1","t-M_n-E","M","E","linear",10,"18",0,"Certain","Different shape"
"ea05293b90c29bd63376d734ee026723","26",11,"26-30","Female","Graduate Degree","Yes","Prolific","ee322d63db5869407801b2c6cd54c452","1","t-H_n-E","H","E","log",1,"1",1,"Neutral","Different shape"
"ea05293b90c29bd63376d734ee026723","6",11,"26-30","Female","Graduate Degree","Yes","Prolific","9f2d96ab9212ba1d26f176b00e6eeec0","1","t-E_n-M","E","M","log",12,"12",1,"Neutral","Different shape"
"ea05293b90c29bd63376d734ee026723","14",11,"26-30","Female","Graduate Degree","Yes","Prolific","85c5c5a6ab4fdb3aaf06947e0b9d4483","1","t-M_n-E","M","E","log",10,"1",0,"Uncertain","Different shape"
"ea05293b90c29bd63376d734ee026723","24",11,"26-30","Female","Graduate Degree","Yes","Prolific","70eebf16937fb9e77a3b806afe9aa528","2","t-M_n-H","M","H","log",13,"2",0,"Neutral","Different range"
"ea05293b90c29bd63376d734ee026723","23",11,"26-30","Female","Graduate Degree","Yes","Prolific","70eebf16937fb9e77a3b806afe9aa528","2","t-M_n-H","M","H","linear",13,"13",1,"Certain","Different range"
"ea05293b90c29bd63376d734ee026723","27",11,"26-30","Female","Graduate Degree","Yes","Prolific","b8efad9285426a191f979b32a5094198","2","t-H_n-E","H","E","linear",9,"10",0,"Certain","Different slope"
"cc7ab5dd637e52bbb3b318c221c57e26","15",13,"26-30","Male","Some Graduate Courses","Yes","Prolific","07f1a227ee4ee73124d6589fada210dc","2","t-M_n-E","M","E","linear",10,"14",0,"Certain","Clustering"
"cc7ab5dd637e52bbb3b318c221c57e26","24",13,"26-30","Male","Some Graduate Courses","Yes","Prolific","70eebf16937fb9e77a3b806afe9aa528","2","t-M_n-H","M","H","log",13,"9",0,"Certain","Clustering, Outlier(s)"
"cc7ab5dd637e52bbb3b318c221c57e26","26",13,"26-30","Male","Some Graduate Courses","Yes","Prolific","ee322d63db5869407801b2c6cd54c452","1","t-H_n-E","H","E","log",1,"1",1,"Very Uncertain","Different shape"
"cc7ab5dd637e52bbb3b318c221c57e26","15",13,"26-30","Male","Some Graduate Courses","Yes","Prolific","07f1a227ee4ee73124d6589fada210dc","2","t-M_n-E","M","E","linear",10,"2",0,"Uncertain","Clustering, Different shape, Different slope"
"cc7ab5dd637e52bbb3b318c221c57e26","27",13,"26-30","Male","Some Graduate Courses","Yes","Prolific","b8efad9285426a191f979b32a5094198","2","t-H_n-E","H","E","linear",9,"7",0,"Neutral","Different shape"
"cc7ab5dd637e52bbb3b318c221c57e26","9",13,"26-30","Male","Some Graduate Courses","Yes","Prolific","8105c77bcc5d38d9b4e742f1b76de5fc","1","t-E_n-H","E","H","linear",15,"15",1,"Certain","Different shape"
"cc7ab5dd637e52bbb3b318c221c57e26","31",13,"26-30","Male","Some Graduate Courses","Yes","Prolific","914e02881a7432dc34831c5dff0477e0","2","t-H_n-M","H","M","linear",12,"3",0,"Certain","Different range, Different shape"
"cc7ab5dd637e52bbb3b318c221c57e26","32",13,"26-30","Male","Some Graduate Courses","Yes","Prolific","914e02881a7432dc34831c5dff0477e0","2","t-H_n-M","H","M","log",12,"4",0,"Neutral","Different range"
"cc7ab5dd637e52bbb3b318c221c57e26","30",13,"26-30","Male","Some Graduate Courses","Yes","Prolific","1b39b36e7a6189897f2015f191953b9d","1","t-H_n-M","H","M","log",12,"12",1,"Uncertain","Different slope"
"cc7ab5dd637e52bbb3b318c221c57e26","13",13,"26-30","Male","Some Graduate Courses","Yes","Prolific","85c5c5a6ab4fdb3aaf06947e0b9d4483","1","t-M_n-E","M","E","linear",10,"13",0,"Neutral","Clustering, Different range"
"cc7ab5dd637e52bbb3b318c221c57e26","24",13,"26-30","Male","Some Graduate Courses","Yes","Prolific","70eebf16937fb9e77a3b806afe9aa528","2","t-M_n-H","M","H","log",13,"6",0,"Neutral","Different shape"
"cc7ab5dd637e52bbb3b318c221c57e26","6",13,"26-30","Male","Some Graduate Courses","Yes","Prolific","9f2d96ab9212ba1d26f176b00e6eeec0","1","t-E_n-M","E","M","log",12,"1",0,"Uncertain","Clustering"
"cc7ab5dd637e52bbb3b318c221c57e26","10",13,"26-30","Male","Some Graduate Courses","Yes","Prolific","8105c77bcc5d38d9b4e742f1b76de5fc","1","t-E_n-H","E","H","log",15,"15",1,"Certain","Different slope"
"9a167a097400154976c9005f1cc18e3e","28",13,"19-25","Male","Undergraduate Degree","Yes","Prolific","b8efad9285426a191f979b32a5094198","2","t-H_n-E","H","E","log",9,"9",1,"Very Certain","Different slope"
"9a167a097400154976c9005f1cc18e3e","10",13,"19-25","Male","Undergraduate Degree","Yes","Prolific","8105c77bcc5d38d9b4e742f1b76de5fc","1","t-E_n-H","E","H","log",15,"15",1,"Very Certain","Different slope"
"9a167a097400154976c9005f1cc18e3e","29",13,"19-25","Male","Undergraduate Degree","Yes","Prolific","1b39b36e7a6189897f2015f191953b9d","1","t-H_n-M","H","M","linear",12,"12",1,"Certain","Different shape"
"9a167a097400154976c9005f1cc18e3e","10",13,"19-25","Male","Undergraduate Degree","Yes","Prolific","8105c77bcc5d38d9b4e742f1b76de5fc","1","t-E_n-H","E","H","log",15,"15",1,"Very Certain","Different slope"
"9a167a097400154976c9005f1cc18e3e","9",13,"19-25","Male","Undergraduate Degree","Yes","Prolific","8105c77bcc5d38d9b4e742f1b76de5fc","1","t-E_n-H","E","H","linear",15,"15",1,"Certain","Clustering"
"9a167a097400154976c9005f1cc18e3e","5",13,"19-25","Male","Undergraduate Degree","Yes","Prolific","9f2d96ab9212ba1d26f176b00e6eeec0","1","t-E_n-M","E","M","linear",12,"14",0,"Uncertain","Clustering"
"9a167a097400154976c9005f1cc18e3e","8",13,"19-25","Male","Undergraduate Degree","Yes","Prolific","076f2d6385d635ea49402478f7e44cab","2","t-E_n-M","E","M","log",14,"14",1,"Certain","Different shape, Different slope"
"9a167a097400154976c9005f1cc18e3e","24",13,"19-25","Male","Undergraduate Degree","Yes","Prolific","70eebf16937fb9e77a3b806afe9aa528","2","t-M_n-H","M","H","log",13,"13",1,"Neutral","Different slope"
"9a167a097400154976c9005f1cc18e3e","8",13,"19-25","Male","Undergraduate Degree","Yes","Prolific","076f2d6385d635ea49402478f7e44cab","2","t-E_n-M","E","M","log",14,"14",1,"Certain","Different slope"
"9a167a097400154976c9005f1cc18e3e","32",13,"19-25","Male","Undergraduate Degree","Yes","Prolific","914e02881a7432dc34831c5dff0477e0","2","t-H_n-M","H","M","log",12,"12",1,"Certain","Different slope"
"9a167a097400154976c9005f1cc18e3e","12",13,"19-25","Male","Undergraduate Degree","Yes","Prolific","909f6bb4a0bbb8708bcc2d96c0b7052f","2","t-E_n-H","E","H","log",17,"17",1,"Very Certain","Different slope"
"9a167a097400154976c9005f1cc18e3e","8",13,"19-25","Male","Undergraduate Degree","Yes","Prolific","076f2d6385d635ea49402478f7e44cab","2","t-E_n-M","E","M","log",14,"14",1,"Very Certain","Different slope"
"9a167a097400154976c9005f1cc18e3e","9",13,"19-25","Male","Undergraduate Degree","Yes","Prolific","8105c77bcc5d38d9b4e742f1b76de5fc","1","t-E_n-H","E","H","linear",15,"15",1,"Certain","Clustering"
"9e73ba6c6d52c8606342f798b1c169b3","16",11,"26-30","Female","Some Undergraduate Courses","Yes","Prolific","07f1a227ee4ee73124d6589fada210dc","2","t-M_n-E","M","E","log",10,"20",0,"Uncertain","Different range"
"9e73ba6c6d52c8606342f798b1c169b3","10",11,"26-30","Female","Some Undergraduate Courses","Yes","Prolific","8105c77bcc5d38d9b4e742f1b76de5fc","1","t-E_n-H","E","H","log",15,"3",0,"Uncertain","Clustering"
"9e73ba6c6d52c8606342f798b1c169b3","23",11,"26-30","Female","Some Undergraduate Courses","Yes","Prolific","70eebf16937fb9e77a3b806afe9aa528","2","t-M_n-H","M","H","linear",13,"13",1,"Certain","Different shape"
"9e73ba6c6d52c8606342f798b1c169b3","12",11,"26-30","Female","Some Undergraduate Courses","Yes","Prolific","909f6bb4a0bbb8708bcc2d96c0b7052f","2","t-E_n-H","E","H","log",17,"17",1,"Neutral","Different slope"
"9e73ba6c6d52c8606342f798b1c169b3","24",11,"26-30","Female","Some Undergraduate Courses","Yes","Prolific","70eebf16937fb9e77a3b806afe9aa528","2","t-M_n-H","M","H","log",13,"13",1,"Certain","Different shape"
"9e73ba6c6d52c8606342f798b1c169b3","8",11,"26-30","Female","Some Undergraduate Courses","Yes","Prolific","076f2d6385d635ea49402478f7e44cab","2","t-E_n-M","E","M","log",14,"14",1,"Certain","Different shape"
"9e73ba6c6d52c8606342f798b1c169b3","26",11,"26-30","Female","Some Undergraduate Courses","Yes","Prolific","ee322d63db5869407801b2c6cd54c452","1","t-H_n-E","H","E","log",1,"1",1,"Certain","Different slope"
"9e73ba6c6d52c8606342f798b1c169b3","6",11,"26-30","Female","Some Undergraduate Courses","Yes","Prolific","9f2d96ab9212ba1d26f176b00e6eeec0","1","t-E_n-M","E","M","log",12,"20",0,"Uncertain","Clustering"
"9e73ba6c6d52c8606342f798b1c169b3","14",11,"26-30","Female","Some Undergraduate Courses","Yes","Prolific","85c5c5a6ab4fdb3aaf06947e0b9d4483","1","t-M_n-E","M","E","log",10,"20",0,"Neutral","Different shape"
"9e73ba6c6d52c8606342f798b1c169b3","21",11,"26-30","Female","Some Undergraduate Courses","Yes","Prolific","17c70f64092db27a58faa6c255efd8ba","1","t-M_n-H","M","H","linear",1,"1",1,"Certain","Outlier(s)"
"9e73ba6c6d52c8606342f798b1c169b3","13",11,"26-30","Female","Some Undergraduate Courses","Yes","Prolific","85c5c5a6ab4fdb3aaf06947e0b9d4483","1","t-M_n-E","M","E","linear",10,"8",0,"Neutral","Different shape, Outlier(s)"
"329fe207705972e7655012a3eaea85a8","16",12,"19-25","Female","Undergraduate Degree","Yes","Prolific","07f1a227ee4ee73124d6589fada210dc","2","t-M_n-E","M","E","log",10,"10",1,"Very Certain","Different shape, Different slope"
"329fe207705972e7655012a3eaea85a8","21",12,"19-25","Female","Undergraduate Degree","Yes","Prolific","17c70f64092db27a58faa6c255efd8ba","1","t-M_n-H","M","H","linear",1,"1",1,"Certain","Different slope"
"329fe207705972e7655012a3eaea85a8","26",12,"19-25","Female","Undergraduate Degree","Yes","Prolific","ee322d63db5869407801b2c6cd54c452","1","t-H_n-E","H","E","log",1,"1",1,"Very Certain","Different shape"
"329fe207705972e7655012a3eaea85a8","10",12,"19-25","Female","Undergraduate Degree","Yes","Prolific","8105c77bcc5d38d9b4e742f1b76de5fc","1","t-E_n-H","E","H","log",15,"15",1,"Certain","Different shape"
"329fe207705972e7655012a3eaea85a8","9",12,"19-25","Female","Undergraduate Degree","Yes","Prolific","8105c77bcc5d38d9b4e742f1b76de5fc","1","t-E_n-H","E","H","linear",15,"15",1,"Certain","Different slope"
"329fe207705972e7655012a3eaea85a8","5",12,"19-25","Female","Undergraduate Degree","Yes","Prolific","9f2d96ab9212ba1d26f176b00e6eeec0","1","t-E_n-M","E","M","linear",12,"19",0,"Neutral","Different range"
"329fe207705972e7655012a3eaea85a8","15",12,"19-25","Female","Undergraduate Degree","Yes","Prolific","07f1a227ee4ee73124d6589fada210dc","2","t-M_n-E","M","E","linear",10,"8",0,"Neutral","Outlier(s)"
"329fe207705972e7655012a3eaea85a8","6",12,"19-25","Female","Undergraduate Degree","Yes","Prolific","9f2d96ab9212ba1d26f176b00e6eeec0","1","t-E_n-M","E","M","log",12,"12",1,"Neutral","Different shape"
"329fe207705972e7655012a3eaea85a8","10",12,"19-25","Female","Undergraduate Degree","Yes","Prolific","8105c77bcc5d38d9b4e742f1b76de5fc","1","t-E_n-H","E","H","log",15,"15",1,"Neutral","Different slope"
"329fe207705972e7655012a3eaea85a8","28",12,"19-25","Female","Undergraduate Degree","Yes","Prolific","b8efad9285426a191f979b32a5094198","2","t-H_n-E","H","E","log",9,"9",1,"Certain","Different slope"
"329fe207705972e7655012a3eaea85a8","12",12,"19-25","Female","Undergraduate Degree","Yes","Prolific","909f6bb4a0bbb8708bcc2d96c0b7052f","2","t-E_n-H","E","H","log",17,"17",1,"Certain","Different slope"
"329fe207705972e7655012a3eaea85a8","27",12,"19-25","Female","Undergraduate Degree","Yes","Prolific","b8efad9285426a191f979b32a5094198","2","t-H_n-E","H","E","linear",9,"9",1,"Certain","Different slope"
"fea17e35e8bf570b85fe4445f912086c","15",9,"19-25","Male","High School or Less","Yes","Prolific","07f1a227ee4ee73124d6589fada210dc","2","t-M_n-E","M","E","linear",10,"6",0,"Certain","Clustering"
"fea17e35e8bf570b85fe4445f912086c","32",9,"19-25","Male","High School or Less","Yes","Prolific","914e02881a7432dc34831c5dff0477e0","2","t-H_n-M","H","M","log",12,"11",0,"Uncertain","Clustering"
"fea17e35e8bf570b85fe4445f912086c","16",9,"19-25","Male","High School or Less","Yes","Prolific","07f1a227ee4ee73124d6589fada210dc","2","t-M_n-E","M","E","log",10,"2",0,"Certain","Different range"
"fea17e35e8bf570b85fe4445f912086c","27",9,"19-25","Male","High School or Less","Yes","Prolific","b8efad9285426a191f979b32a5094198","2","t-H_n-E","H","E","linear",9,"9",1,"Very Certain","Different shape"
"fea17e35e8bf570b85fe4445f912086c","9",9,"19-25","Male","High School or Less","Yes","Prolific","8105c77bcc5d38d9b4e742f1b76de5fc","1","t-E_n-H","E","H","linear",15,"12",0,"Certain","Different shape"
"fea17e35e8bf570b85fe4445f912086c","32",9,"19-25","Male","High School or Less","Yes","Prolific","914e02881a7432dc34831c5dff0477e0","2","t-H_n-M","H","M","log",12,"12",1,"Very Certain","Different shape"
"fea17e35e8bf570b85fe4445f912086c","21",9,"19-25","Male","High School or Less","Yes","Prolific","17c70f64092db27a58faa6c255efd8ba","1","t-M_n-H","M","H","linear",1,"1",1,"Very Certain","Clustering, Outlier(s)"
"fea17e35e8bf570b85fe4445f912086c","28",9,"19-25","Male","High School or Less","Yes","Prolific","b8efad9285426a191f979b32a5094198","2","t-H_n-E","H","E","log",9,"14",0,"Certain","Outlier(s)"
"fea17e35e8bf570b85fe4445f912086c","15",9,"19-25","Male","High School or Less","Yes","Prolific","07f1a227ee4ee73124d6589fada210dc","2","t-M_n-E","M","E","linear",10,"8",0,"Very Certain","Different slope"
"315ee3a906cf7f3dbb0f842e388959da","5",10,"19-25","Male","High School or Less","Yes","Prolific","9f2d96ab9212ba1d26f176b00e6eeec0","1","t-E_n-M","E","M","linear",12,"13",0,"Certain","Outlier(s)"
"315ee3a906cf7f3dbb0f842e388959da","24",10,"19-25","Male","High School or Less","Yes","Prolific","70eebf16937fb9e77a3b806afe9aa528","2","t-M_n-H","M","H","log",13,"2",0,"Very Certain","Different shape"
"315ee3a906cf7f3dbb0f842e388959da","29",10,"19-25","Male","High School or Less","Yes","Prolific","1b39b36e7a6189897f2015f191953b9d","1","t-H_n-M","H","M","linear",12,"5",0,"Certain","Different shape, Outlier(s)"
"315ee3a906cf7f3dbb0f842e388959da","29",10,"19-25","Male","High School or Less","Yes","Prolific","1b39b36e7a6189897f2015f191953b9d","1","t-H_n-M","H","M","linear",12,"20",0,"Certain","Clustering, Different shape"
"315ee3a906cf7f3dbb0f842e388959da","7",10,"19-25","Male","High School or Less","Yes","Prolific","076f2d6385d635ea49402478f7e44cab","2","t-E_n-M","E","M","linear",14,"18",0,"Certain","Different shape, Outlier(s)"
"315ee3a906cf7f3dbb0f842e388959da","5",10,"19-25","Male","High School or Less","Yes","Prolific","9f2d96ab9212ba1d26f176b00e6eeec0","1","t-E_n-M","E","M","linear",12,"20",0,"Very Certain","Different shape, Outlier(s)"
"315ee3a906cf7f3dbb0f842e388959da","13",10,"19-25","Male","High School or Less","Yes","Prolific","85c5c5a6ab4fdb3aaf06947e0b9d4483","1","t-M_n-E","M","E","linear",10,"14",0,"Certain","Different shape"
"315ee3a906cf7f3dbb0f842e388959da","26",10,"19-25","Male","High School or Less","Yes","Prolific","ee322d63db5869407801b2c6cd54c452","1","t-H_n-E","H","E","log",1,"20",0,"Neutral","Clustering"
"315ee3a906cf7f3dbb0f842e388959da","31",10,"19-25","Male","High School or Less","Yes","Prolific","914e02881a7432dc34831c5dff0477e0","2","t-H_n-M","H","M","linear",12,"3",0,"Certain","Clustering, Outlier(s)"
"315ee3a906cf7f3dbb0f842e388959da","27",10,"19-25","Male","High School or Less","Yes","Prolific","b8efad9285426a191f979b32a5094198","2","t-H_n-E","H","E","linear",9,"14",0,"Certain","Different shape, Outlier(s)"
"b31436e2f99358b8449a865602dd9578","24",12,"26-30","Female","Graduate Degree","Yes","Prolific","70eebf16937fb9e77a3b806afe9aa528","2","t-M_n-H","M","H","log",13,"16,9,1,13,",1,"Neutral","Clustering, Different slope"
"b31436e2f99358b8449a865602dd9578","26",12,"26-30","Female","Graduate Degree","Yes","Prolific","ee322d63db5869407801b2c6cd54c452","1","t-H_n-E","H","E","log",1,"1",1,"Certain","Different shape"
"b31436e2f99358b8449a865602dd9578","10",12,"26-30","Female","Graduate Degree","Yes","Prolific","8105c77bcc5d38d9b4e742f1b76de5fc","1","t-E_n-H","E","H","log",15,"15",1,"Neutral","Different shape"
"b31436e2f99358b8449a865602dd9578","9",12,"26-30","Female","Graduate Degree","Yes","Prolific","8105c77bcc5d38d9b4e742f1b76de5fc","1","t-E_n-H","E","H","linear",15,"15",1,"Certain","Clustering"
"b31436e2f99358b8449a865602dd9578","25",12,"26-30","Female","Graduate Degree","Yes","Prolific","ee322d63db5869407801b2c6cd54c452","1","t-H_n-E","H","E","linear",1,"1,7,13",1,"Neutral","Clustering, Different shape, Different slope"
"b31436e2f99358b8449a865602dd9578","8",12,"26-30","Female","Graduate Degree","Yes","Prolific","076f2d6385d635ea49402478f7e44cab","2","t-E_n-M","E","M","log",14,"14",1,"Certain","Different slope"
"b31436e2f99358b8449a865602dd9578","24",12,"26-30","Female","Graduate Degree","Yes","Prolific","70eebf16937fb9e77a3b806afe9aa528","2","t-M_n-H","M","H","log",13,"9,13",1,"Neutral","Clustering, Different slope"
"b31436e2f99358b8449a865602dd9578","8",12,"26-30","Female","Graduate Degree","Yes","Prolific","076f2d6385d635ea49402478f7e44cab","2","t-E_n-M","E","M","log",14,"14,4",1,"Uncertain","Clustering, Different slope"
"b31436e2f99358b8449a865602dd9578","30",12,"26-30","Female","Graduate Degree","Yes","Prolific","1b39b36e7a6189897f2015f191953b9d","1","t-H_n-M","H","M","log",12,"10",0,"Neutral","Different slope"
"b31436e2f99358b8449a865602dd9578","10",12,"26-30","Female","Graduate Degree","Yes","Prolific","8105c77bcc5d38d9b4e742f1b76de5fc","1","t-E_n-H","E","H","log",15,"5,15",1,"Certain","Clustering, Different slope"
"b31436e2f99358b8449a865602dd9578","32",12,"26-30","Female","Graduate Degree","Yes","Prolific","914e02881a7432dc34831c5dff0477e0","2","t-H_n-M","H","M","log",12,"12",1,"Certain","Different slope"
"b31436e2f99358b8449a865602dd9578","25",12,"26-30","Female","Graduate Degree","Yes","Prolific","ee322d63db5869407801b2c6cd54c452","1","t-H_n-E","H","E","linear",1,"1,13",1,"Neutral","Clustering, Different slope"
"157fd4237361393aac61668690c1f3ab","28",12,"26-30","Male","Graduate Degree","Yes","Prolific","b8efad9285426a191f979b32a5094198","2","t-H_n-E","H","E","log",9,"6",0,"Certain","Clustering"
"157fd4237361393aac61668690c1f3ab","25",12,"26-30","Male","Graduate Degree","Yes","Prolific","ee322d63db5869407801b2c6cd54c452","1","t-H_n-E","H","E","linear",1,"19",0,"Certain","Clustering"
"157fd4237361393aac61668690c1f3ab","10",12,"26-30","Male","Graduate Degree","Yes","Prolific","8105c77bcc5d38d9b4e742f1b76de5fc","1","t-E_n-H","E","H","log",15,"15",1,"Certain","Different shape"
"157fd4237361393aac61668690c1f3ab","26",12,"26-30","Male","Graduate Degree","Yes","Prolific","ee322d63db5869407801b2c6cd54c452","1","t-H_n-E","H","E","log",1,"19",0,"Certain","Clustering"
"157fd4237361393aac61668690c1f3ab","31",12,"26-30","Male","Graduate Degree","Yes","Prolific","914e02881a7432dc34831c5dff0477e0","2","t-H_n-M","H","M","linear",12,"6",0,"Certain","Clustering"
"157fd4237361393aac61668690c1f3ab","22",12,"26-30","Male","Graduate Degree","Yes","Prolific","17c70f64092db27a58faa6c255efd8ba","1","t-M_n-H","M","H","log",1,"1",1,"Very Certain","Different shape"
"157fd4237361393aac61668690c1f3ab","13",12,"26-30","Male","Graduate Degree","Yes","Prolific","85c5c5a6ab4fdb3aaf06947e0b9d4483","1","t-M_n-E","M","E","linear",10,"3",0,"Certain","Outlier(s)"
"157fd4237361393aac61668690c1f3ab","14",12,"26-30","Male","Graduate Degree","Yes","Prolific","85c5c5a6ab4fdb3aaf06947e0b9d4483","1","t-M_n-E","M","E","log",10,"10",1,"Very Certain","Different shape"
"157fd4237361393aac61668690c1f3ab","16",12,"26-30","Male","Graduate Degree","Yes","Prolific","07f1a227ee4ee73124d6589fada210dc","2","t-M_n-E","M","E","log",10,"8",0,"Neutral","Different range"
"157fd4237361393aac61668690c1f3ab","21",12,"26-30","Male","Graduate Degree","Yes","Prolific","17c70f64092db27a58faa6c255efd8ba","1","t-M_n-H","M","H","linear",1,"1",1,"Very Certain","Different shape"
"157fd4237361393aac61668690c1f3ab","31",12,"26-30","Male","Graduate Degree","Yes","Prolific","914e02881a7432dc34831c5dff0477e0","2","t-H_n-M","H","M","linear",12,"8",0,"Certain","Different shape"
"157fd4237361393aac61668690c1f3ab","10",12,"26-30","Male","Graduate Degree","Yes","Prolific","8105c77bcc5d38d9b4e742f1b76de5fc","1","t-E_n-H","E","H","log",15,"15",1,"Certain","Different shape"
"566fa4a8c42c7208e49e15be018556d8","31",13,"19-25","Male","Graduate Degree","No","Prolific","914e02881a7432dc34831c5dff0477e0","2","t-H_n-M","H","M","linear",12,"1,8",0,"Certain","Different slope"
"566fa4a8c42c7208e49e15be018556d8","10",13,"19-25","Male","Graduate Degree","No","Prolific","8105c77bcc5d38d9b4e742f1b76de5fc","1","t-E_n-H","E","H","log",15,"15",1,"Certain","Different shape"
"566fa4a8c42c7208e49e15be018556d8","30",13,"19-25","Male","Graduate Degree","No","Prolific","1b39b36e7a6189897f2015f191953b9d","1","t-H_n-M","H","M","log",12,"5",0,"Uncertain","Clustering"
"566fa4a8c42c7208e49e15be018556d8","23",13,"19-25","Male","Graduate Degree","No","Prolific","70eebf16937fb9e77a3b806afe9aa528","2","t-M_n-H","M","H","linear",13,"13",1,"Certain","Outlier(s)"
"566fa4a8c42c7208e49e15be018556d8","12",13,"19-25","Male","Graduate Degree","No","Prolific","909f6bb4a0bbb8708bcc2d96c0b7052f","2","t-E_n-H","E","H","log",17,"17",1,"Very Certain","Different shape"
"566fa4a8c42c7208e49e15be018556d8","26",13,"19-25","Male","Graduate Degree","No","Prolific","ee322d63db5869407801b2c6cd54c452","1","t-H_n-E","H","E","log",1,"6,1",1,"Certain","Different slope"
"566fa4a8c42c7208e49e15be018556d8","25",13,"19-25","Male","Graduate Degree","No","Prolific","ee322d63db5869407801b2c6cd54c452","1","t-H_n-E","H","E","linear",1,"1",1,"Certain","Different range"
"566fa4a8c42c7208e49e15be018556d8","16",13,"19-25","Male","Graduate Degree","No","Prolific","07f1a227ee4ee73124d6589fada210dc","2","t-M_n-E","M","E","log",10,"10",1,"Certain","Different slope"
"566fa4a8c42c7208e49e15be018556d8","25",13,"19-25","Male","Graduate Degree","No","Prolific","ee322d63db5869407801b2c6cd54c452","1","t-H_n-E","H","E","linear",1,"1",1,"Certain","Different slope"
"566fa4a8c42c7208e49e15be018556d8","14",13,"19-25","Male","Graduate Degree","No","Prolific","85c5c5a6ab4fdb3aaf06947e0b9d4483","1","t-M_n-E","M","E","log",10,"10",1,"Neutral","Clustering, Different shape"
"566fa4a8c42c7208e49e15be018556d8","21",13,"19-25","Male","Graduate Degree","No","Prolific","17c70f64092db27a58faa6c255efd8ba","1","t-M_n-H","M","H","linear",1,"1",1,"Neutral","Outlier(s)"
"566fa4a8c42c7208e49e15be018556d8","31",13,"19-25","Male","Graduate Degree","No","Prolific","914e02881a7432dc34831c5dff0477e0","2","t-H_n-M","H","M","linear",12,"4",0,"Certain","Clustering"
"566fa4a8c42c7208e49e15be018556d8","32",13,"19-25","Male","Graduate Degree","No","Prolific","914e02881a7432dc34831c5dff0477e0","2","t-H_n-M","H","M","log",12,"19",0,"Neutral","Different slope"
"0eca792e63352eab6c41da936f58905d","24",11,"19-25","Male","High School or Less","Yes","Prolific","70eebf16937fb9e77a3b806afe9aa528","2","t-M_n-H","M","H","log",13,"4",0,"Neutral","Different range"
"0eca792e63352eab6c41da936f58905d","29",11,"19-25","Male","High School or Less","Yes","Prolific","1b39b36e7a6189897f2015f191953b9d","1","t-H_n-M","H","M","linear",12,"5",0,"Neutral","Clustering"
"0eca792e63352eab6c41da936f58905d","7",11,"19-25","Male","High School or Less","Yes","Prolific","076f2d6385d635ea49402478f7e44cab","2","t-E_n-M","E","M","linear",14,"14",1,"Certain","Different range"
"0eca792e63352eab6c41da936f58905d","7",11,"19-25","Male","High School or Less","Yes","Prolific","076f2d6385d635ea49402478f7e44cab","2","t-E_n-M","E","M","linear",14,"18",0,"Neutral","Different range"
"0eca792e63352eab6c41da936f58905d","24",11,"19-25","Male","High School or Less","Yes","Prolific","70eebf16937fb9e77a3b806afe9aa528","2","t-M_n-H","M","H","log",13,"2",0,"Neutral","Different range"
"0eca792e63352eab6c41da936f58905d","13",11,"19-25","Male","High School or Less","Yes","Prolific","85c5c5a6ab4fdb3aaf06947e0b9d4483","1","t-M_n-E","M","E","linear",10,"5",0,"Uncertain","Different shape"
"0eca792e63352eab6c41da936f58905d","26",11,"19-25","Male","High School or Less","Yes","Prolific","ee322d63db5869407801b2c6cd54c452","1","t-H_n-E","H","E","log",1,"1",1,"Certain","Different shape"
"0eca792e63352eab6c41da936f58905d","6",11,"19-25","Male","High School or Less","Yes","Prolific","9f2d96ab9212ba1d26f176b00e6eeec0","1","t-E_n-M","E","M","log",12,"12",1,"Certain","Different shape"
"0eca792e63352eab6c41da936f58905d","14",11,"19-25","Male","High School or Less","Yes","Prolific","85c5c5a6ab4fdb3aaf06947e0b9d4483","1","t-M_n-E","M","E","log",10,"1",0,"Uncertain","Different range"
"0eca792e63352eab6c41da936f58905d","27",11,"19-25","Male","High School or Less","Yes","Prolific","b8efad9285426a191f979b32a5094198","2","t-H_n-E","H","E","linear",9,"7",0,"Neutral","Clustering"
"0eca792e63352eab6c41da936f58905d","12",11,"19-25","Male","High School or Less","Yes","Prolific","909f6bb4a0bbb8708bcc2d96c0b7052f","2","t-E_n-H","E","H","log",17,"17",1,"Very Certain","Different shape"
"de30246184154c5a16fe4049d3edd302","28",12,"19-25","Male","Graduate Degree","Yes","Prolific","b8efad9285426a191f979b32a5094198","2","t-H_n-E","H","E","log",9,"9",1,"Very Certain","Different shape"
"de30246184154c5a16fe4049d3edd302","10",12,"19-25","Male","Graduate Degree","Yes","Prolific","8105c77bcc5d38d9b4e742f1b76de5fc","1","t-E_n-H","E","H","log",15,"15",1,"Very Certain","Different shape"
"de30246184154c5a16fe4049d3edd302","29",12,"19-25","Male","Graduate Degree","Yes","Prolific","1b39b36e7a6189897f2015f191953b9d","1","t-H_n-M","H","M","linear",12,"9",0,"Neutral","Different range"
"de30246184154c5a16fe4049d3edd302","9",12,"19-25","Male","Graduate Degree","Yes","Prolific","8105c77bcc5d38d9b4e742f1b76de5fc","1","t-E_n-H","E","H","linear",15,"15",1,"Certain","Clustering"
"de30246184154c5a16fe4049d3edd302","5",12,"19-25","Male","Graduate Degree","Yes","Prolific","9f2d96ab9212ba1d26f176b00e6eeec0","1","t-E_n-M","E","M","linear",12,"10",0,"Certain","Clustering"
"de30246184154c5a16fe4049d3edd302","13",12,"19-25","Male","Graduate Degree","Yes","Prolific","85c5c5a6ab4fdb3aaf06947e0b9d4483","1","t-M_n-E","M","E","linear",10,"11",0,"Neutral","Different shape"
"de30246184154c5a16fe4049d3edd302","24",12,"19-25","Male","Graduate Degree","Yes","Prolific","70eebf16937fb9e77a3b806afe9aa528","2","t-M_n-H","M","H","log",13,"9",0,"Neutral","Clustering"
"de30246184154c5a16fe4049d3edd302","8",12,"19-25","Male","Graduate Degree","Yes","Prolific","076f2d6385d635ea49402478f7e44cab","2","t-E_n-M","E","M","log",14,"14",1,"Certain","Different shape"
"de30246184154c5a16fe4049d3edd302","32",12,"19-25","Male","Graduate Degree","Yes","Prolific","914e02881a7432dc34831c5dff0477e0","2","t-H_n-M","H","M","log",12,"20",0,"Uncertain","Clustering"
"de30246184154c5a16fe4049d3edd302","12",12,"19-25","Male","Graduate Degree","Yes","Prolific","909f6bb4a0bbb8708bcc2d96c0b7052f","2","t-E_n-H","E","H","log",17,"17",1,"Very Certain","Different shape"
"de30246184154c5a16fe4049d3edd302","8",12,"19-25","Male","Graduate Degree","Yes","Prolific","076f2d6385d635ea49402478f7e44cab","2","t-E_n-M","E","M","log",14,"14",1,"Certain","Different shape"
"de30246184154c5a16fe4049d3edd302","9",12,"19-25","Male","Graduate Degree","Yes","Prolific","8105c77bcc5d38d9b4e742f1b76de5fc","1","t-E_n-H","E","H","linear",15,"15",1,"Certain","Clustering"
"0d8b693fd2e76d6d4ef93e42ed14c21e","28",13,"19-25","Female","Some Undergraduate Courses","No","Prolific","b8efad9285426a191f979b32a5094198","2","t-H_n-E","H","E","log",9,"9",1,"Certain","Different shape"
"0d8b693fd2e76d6d4ef93e42ed14c21e","21",13,"19-25","Female","Some Undergraduate Courses","No","Prolific","17c70f64092db27a58faa6c255efd8ba","1","t-M_n-H","M","H","linear",1,"10",0,"Neutral","Clustering"
"0d8b693fd2e76d6d4ef93e42ed14c21e","25",13,"19-25","Female","Some Undergraduate Courses","No","Prolific","ee322d63db5869407801b2c6cd54c452","1","t-H_n-E","H","E","linear",1,"19",0,"Uncertain","Outlier(s)"
"0d8b693fd2e76d6d4ef93e42ed14c21e","10",13,"19-25","Female","Some Undergraduate Courses","No","Prolific","8105c77bcc5d38d9b4e742f1b76de5fc","1","t-E_n-H","E","H","log",15,"15",1,"Certain","Different slope"
"0d8b693fd2e76d6d4ef93e42ed14c21e","11",13,"19-25","Female","Some Undergraduate Courses","No","Prolific","909f6bb4a0bbb8708bcc2d96c0b7052f","2","t-E_n-H","E","H","linear",17,"17",1,"Certain","Different slope"
"0d8b693fd2e76d6d4ef93e42ed14c21e","28",13,"19-25","Female","Some Undergraduate Courses","No","Prolific","b8efad9285426a191f979b32a5094198","2","t-H_n-E","H","E","log",9,"9",1,"Neutral","Different shape, Different slope"
"0d8b693fd2e76d6d4ef93e42ed14c21e","7",13,"19-25","Female","Some Undergraduate Courses","No","Prolific","076f2d6385d635ea49402478f7e44cab","2","t-E_n-M","E","M","linear",14,"5",0,"Neutral","Clustering"
"0d8b693fd2e76d6d4ef93e42ed14c21e","21",13,"19-25","Female","Some Undergraduate Courses","No","Prolific","17c70f64092db27a58faa6c255efd8ba","1","t-M_n-H","M","H","linear",1,"1",1,"Very Certain","Outlier(s)"
"0d8b693fd2e76d6d4ef93e42ed14c21e","21",13,"19-25","Female","Some Undergraduate Courses","No","Prolific","17c70f64092db27a58faa6c255efd8ba","1","t-M_n-H","M","H","linear",1,"1",1,"Certain","Outlier(s)"
"0d8b693fd2e76d6d4ef93e42ed14c21e","7",13,"19-25","Female","Some Undergraduate Courses","No","Prolific","076f2d6385d635ea49402478f7e44cab","2","t-E_n-M","E","M","linear",14,"5",0,"Neutral","Outlier(s)"
"0d8b693fd2e76d6d4ef93e42ed14c21e","21",13,"19-25","Female","Some Undergraduate Courses","No","Prolific","17c70f64092db27a58faa6c255efd8ba","1","t-M_n-H","M","H","linear",1,"1",1,"Certain","Outlier(s)"
"0d8b693fd2e76d6d4ef93e42ed14c21e","5",13,"19-25","Female","Some Undergraduate Courses","No","Prolific","9f2d96ab9212ba1d26f176b00e6eeec0","1","t-E_n-M","E","M","linear",12,"19",0,"Uncertain","Different slope"
"0d8b693fd2e76d6d4ef93e42ed14c21e","10",13,"19-25","Female","Some Undergraduate Courses","No","Prolific","8105c77bcc5d38d9b4e742f1b76de5fc","1","t-E_n-H","E","H","log",15,"15",1,"Very Certain","Different slope"
"2f5da59f5c17e8ef9b48b495cbe42bba","28",12,"19-25","Female","Graduate Degree","Yes","Prolific","b8efad9285426a191f979b32a5094198","2","t-H_n-E","H","E","log",9,"9",1,"Certain","Different shape"
"2f5da59f5c17e8ef9b48b495cbe42bba","12",12,"19-25","Female","Graduate Degree","Yes","Prolific","909f6bb4a0bbb8708bcc2d96c0b7052f","2","t-E_n-H","E","H","log",17,"17",1,"Very Certain","Different shape"
"2f5da59f5c17e8ef9b48b495cbe42bba","7",12,"19-25","Female","Graduate Degree","Yes","Prolific","076f2d6385d635ea49402478f7e44cab","2","t-E_n-M","E","M","linear",14,"14",1,"Certain","Clustering"
"2f5da59f5c17e8ef9b48b495cbe42bba","22",12,"19-25","Female","Graduate Degree","Yes","Prolific","17c70f64092db27a58faa6c255efd8ba","1","t-M_n-H","M","H","log",1,"18",0,"Certain","Clustering"
"2f5da59f5c17e8ef9b48b495cbe42bba","25",12,"19-25","Female","Graduate Degree","Yes","Prolific","ee322d63db5869407801b2c6cd54c452","1","t-H_n-E","H","E","linear",1,"1",1,"Neutral","Different range"
"2f5da59f5c17e8ef9b48b495cbe42bba","8",12,"19-25","Female","Graduate Degree","Yes","Prolific","076f2d6385d635ea49402478f7e44cab","2","t-E_n-M","E","M","log",14,"14",1,"Certain","Different shape"
"2f5da59f5c17e8ef9b48b495cbe42bba","11",12,"19-25","Female","Graduate Degree","Yes","Prolific","909f6bb4a0bbb8708bcc2d96c0b7052f","2","t-E_n-H","E","H","linear",17,"17",1,"Certain","Different shape"
"2f5da59f5c17e8ef9b48b495cbe42bba","15",12,"19-25","Female","Graduate Degree","Yes","Prolific","07f1a227ee4ee73124d6589fada210dc","2","t-M_n-E","M","E","linear",10,"2",0,"Neutral","Clustering"
"2f5da59f5c17e8ef9b48b495cbe42bba","13",12,"19-25","Female","Graduate Degree","Yes","Prolific","85c5c5a6ab4fdb3aaf06947e0b9d4483","1","t-M_n-E","M","E","linear",10,"11",0,"Neutral","Outlier(s)"
"2f5da59f5c17e8ef9b48b495cbe42bba","24",12,"19-25","Female","Graduate Degree","Yes","Prolific","70eebf16937fb9e77a3b806afe9aa528","2","t-M_n-H","M","H","log",13,"2",0,"Uncertain","Clustering"
"2f5da59f5c17e8ef9b48b495cbe42bba","6",12,"19-25","Female","Graduate Degree","Yes","Prolific","9f2d96ab9212ba1d26f176b00e6eeec0","1","t-E_n-M","E","M","log",12,"12",1,"Certain","Different shape"
"2f5da59f5c17e8ef9b48b495cbe42bba","10",12,"19-25","Female","Graduate Degree","Yes","Prolific","8105c77bcc5d38d9b4e742f1b76de5fc","1","t-E_n-H","E","H","log",15,"15",1,"Very Certain","Different shape"
"6f3950fc8c44c12c161d90e1aa98e785","28",12,"19-25","Male","Some Graduate Courses","Yes","Prolific","b8efad9285426a191f979b32a5094198","2","t-H_n-E","H","E","log",9,"9",1,"Certain","Different shape"
"6f3950fc8c44c12c161d90e1aa98e785","16",12,"19-25","Male","Some Graduate Courses","Yes","Prolific","07f1a227ee4ee73124d6589fada210dc","2","t-M_n-E","M","E","log",10,"10",1,"Neutral","Clustering"
"6f3950fc8c44c12c161d90e1aa98e785","29",12,"19-25","Male","Some Graduate Courses","Yes","Prolific","1b39b36e7a6189897f2015f191953b9d","1","t-H_n-M","H","M","linear",12,"14",0,"Very Uncertain","Different range"
"6f3950fc8c44c12c161d90e1aa98e785","10",12,"19-25","Male","Some Graduate Courses","Yes","Prolific","8105c77bcc5d38d9b4e742f1b76de5fc","1","t-E_n-H","E","H","log",15,"15",1,"Certain","Different slope"
"6f3950fc8c44c12c161d90e1aa98e785","9",12,"19-25","Male","Some Graduate Courses","Yes","Prolific","8105c77bcc5d38d9b4e742f1b76de5fc","1","t-E_n-H","E","H","linear",15,"15",1,"Certain","Different shape"
"6f3950fc8c44c12c161d90e1aa98e785","5",12,"19-25","Male","Some Graduate Courses","Yes","Prolific","9f2d96ab9212ba1d26f176b00e6eeec0","1","t-E_n-M","E","M","linear",12,"1",0,"Uncertain","Different range"
"6f3950fc8c44c12c161d90e1aa98e785","15",12,"19-25","Male","Some Graduate Courses","Yes","Prolific","07f1a227ee4ee73124d6589fada210dc","2","t-M_n-E","M","E","linear",10,"20",0,"Uncertain","Different range"
"6f3950fc8c44c12c161d90e1aa98e785","6",12,"19-25","Male","Some Graduate Courses","Yes","Prolific","9f2d96ab9212ba1d26f176b00e6eeec0","1","t-E_n-M","E","M","log",12,"5",0,"Neutral","Clustering"
"6f3950fc8c44c12c161d90e1aa98e785","7",12,"19-25","Male","Some Graduate Courses","Yes","Prolific","076f2d6385d635ea49402478f7e44cab","2","t-E_n-M","E","M","linear",14,"14",1,"Certain","Different range"
"6f3950fc8c44c12c161d90e1aa98e785","28",12,"19-25","Male","Some Graduate Courses","Yes","Prolific","b8efad9285426a191f979b32a5094198","2","t-H_n-E","H","E","log",9,"9",1,"Certain","Different shape, Different slope"
"6f3950fc8c44c12c161d90e1aa98e785","12",12,"19-25","Male","Some Graduate Courses","Yes","Prolific","909f6bb4a0bbb8708bcc2d96c0b7052f","2","t-E_n-H","E","H","log",17,"17",1,"Certain","Different shape, Different slope"
"6f3950fc8c44c12c161d90e1aa98e785","27",12,"19-25","Male","Some Graduate Courses","Yes","Prolific","b8efad9285426a191f979b32a5094198","2","t-H_n-E","H","E","linear",9,"5",0,"Certain","Clustering"
"dc27c22ba016701d6dac2a4385b18e30","22",12,"19-25","Male","High School or Less","Yes","Prolific","17c70f64092db27a58faa6c255efd8ba","1","t-M_n-H","M","H","log",1,"20",0,"Certain","Different range"
"dc27c22ba016701d6dac2a4385b18e30","14",12,"19-25","Male","High School or Less","Yes","Prolific","85c5c5a6ab4fdb3aaf06947e0b9d4483","1","t-M_n-E","M","E","log",10,"18",0,"Certain","Different range"
"dc27c22ba016701d6dac2a4385b18e30","7",12,"19-25","Male","High School or Less","Yes","Prolific","076f2d6385d635ea49402478f7e44cab","2","t-E_n-M","E","M","linear",14,"18",0,"Certain","Different range"
"dc27c22ba016701d6dac2a4385b18e30","22",12,"19-25","Male","High School or Less","Yes","Prolific","17c70f64092db27a58faa6c255efd8ba","1","t-M_n-H","M","H","log",1,"10",0,"Certain","Clustering"
"dc27c22ba016701d6dac2a4385b18e30","31",12,"19-25","Male","High School or Less","Yes","Prolific","914e02881a7432dc34831c5dff0477e0","2","t-H_n-M","H","M","linear",12,"12",1,"Certain","Different shape"
"dc27c22ba016701d6dac2a4385b18e30","22",12,"19-25","Male","High School or Less","Yes","Prolific","17c70f64092db27a58faa6c255efd8ba","1","t-M_n-H","M","H","log",1,"6",0,"Uncertain","Clustering"
"dc27c22ba016701d6dac2a4385b18e30","21",12,"19-25","Male","High School or Less","Yes","Prolific","17c70f64092db27a58faa6c255efd8ba","1","t-M_n-H","M","H","linear",1,"1",1,"Certain","Different range"
"dc27c22ba016701d6dac2a4385b18e30","32",12,"19-25","Male","High School or Less","Yes","Prolific","914e02881a7432dc34831c5dff0477e0","2","t-H_n-M","H","M","log",12,"4",0,"Very Certain","Different range"
"dc27c22ba016701d6dac2a4385b18e30","16",12,"19-25","Male","High School or Less","Yes","Prolific","07f1a227ee4ee73124d6589fada210dc","2","t-M_n-E","M","E","log",10,"10",1,"Very Certain","Different shape"
"dc27c22ba016701d6dac2a4385b18e30","21",12,"19-25","Male","High School or Less","Yes","Prolific","17c70f64092db27a58faa6c255efd8ba","1","t-M_n-H","M","H","linear",1,"1",1,"Certain","Different range"
"dc27c22ba016701d6dac2a4385b18e30","5",12,"19-25","Male","High School or Less","Yes","Prolific","9f2d96ab9212ba1d26f176b00e6eeec0","1","t-E_n-M","E","M","linear",12,"6",0,"Very Uncertain","Clustering"
"dc27c22ba016701d6dac2a4385b18e30","10",12,"19-25","Male","High School or Less","Yes","Prolific","8105c77bcc5d38d9b4e742f1b76de5fc","1","t-E_n-H","E","H","log",15,"15",1,"Very Certain","Different shape"
"757b63ffea227947d0b5b72f3bebcef5","15",13,"19-25","Female","Graduate Degree","No","Prolific","07f1a227ee4ee73124d6589fada210dc","2","t-M_n-E","M","E","linear",10,"14",0,"Certain","Clustering"
"757b63ffea227947d0b5b72f3bebcef5","31",13,"19-25","Female","Graduate Degree","No","Prolific","914e02881a7432dc34831c5dff0477e0","2","t-H_n-M","H","M","linear",12,"12",1,"Very Certain","Different slope"
"757b63ffea227947d0b5b72f3bebcef5","12",13,"19-25","Female","Graduate Degree","No","Prolific","909f6bb4a0bbb8708bcc2d96c0b7052f","2","t-E_n-H","E","H","log",17,"17",1,"Very Certain","Different shape, Different slope, Outlier(s)"
"757b63ffea227947d0b5b72f3bebcef5","23",13,"19-25","Female","Graduate Degree","No","Prolific","70eebf16937fb9e77a3b806afe9aa528","2","t-M_n-H","M","H","linear",13,"13",1,"Very Certain","Outlier(s)"
"757b63ffea227947d0b5b72f3bebcef5","29",13,"19-25","Female","Graduate Degree","No","Prolific","1b39b36e7a6189897f2015f191953b9d","1","t-H_n-M","H","M","linear",12,"16",0,"Neutral","Clustering"
"757b63ffea227947d0b5b72f3bebcef5","25",13,"19-25","Female","Graduate Degree","No","Prolific","ee322d63db5869407801b2c6cd54c452","1","t-H_n-E","H","E","linear",1,"18",0,"Uncertain","Different range"
"757b63ffea227947d0b5b72f3bebcef5","9",13,"19-25","Female","Graduate Degree","No","Prolific","8105c77bcc5d38d9b4e742f1b76de5fc","1","t-E_n-H","E","H","linear",15,"15",1,"Certain","Different slope"
"757b63ffea227947d0b5b72f3bebcef5","32",13,"19-25","Female","Graduate Degree","No","Prolific","914e02881a7432dc34831c5dff0477e0","2","t-H_n-M","H","M","log",12,"12",1,"Certain","Different slope"
"757b63ffea227947d0b5b72f3bebcef5","21",13,"19-25","Female","Graduate Degree","No","Prolific","17c70f64092db27a58faa6c255efd8ba","1","t-M_n-H","M","H","linear",1,"1",1,"Very Certain","Different slope"
"757b63ffea227947d0b5b72f3bebcef5","13",13,"19-25","Female","Graduate Degree","No","Prolific","85c5c5a6ab4fdb3aaf06947e0b9d4483","1","t-M_n-E","M","E","linear",10,"16",0,"Uncertain","Clustering"
"757b63ffea227947d0b5b72f3bebcef5","8",13,"19-25","Female","Graduate Degree","No","Prolific","076f2d6385d635ea49402478f7e44cab","2","t-E_n-M","E","M","log",14,"14",1,"Very Certain","Different slope"
"757b63ffea227947d0b5b72f3bebcef5","15",13,"19-25","Female","Graduate Degree","No","Prolific","07f1a227ee4ee73124d6589fada210dc","2","t-M_n-E","M","E","linear",10,"14",0,"Neutral","Clustering"
"757b63ffea227947d0b5b72f3bebcef5","11",13,"19-25","Female","Graduate Degree","No","Prolific","909f6bb4a0bbb8708bcc2d96c0b7052f","2","t-E_n-H","E","H","linear",17,"17",1,"Very Certain","Different range, Different shape, Different slope, Outlier(s)"
"fdd26bcded32c6a193caad28e1348e80","12",12,"26-30","Male","Graduate Degree","Yes","Prolific","909f6bb4a0bbb8708bcc2d96c0b7052f","2","t-E_n-H","E","H","log",17,"17",1,"Very Certain","Different shape"
"fdd26bcded32c6a193caad28e1348e80","14",12,"26-30","Male","Graduate Degree","Yes","Prolific","85c5c5a6ab4fdb3aaf06947e0b9d4483","1","t-M_n-E","M","E","log",10,"1",0,"Neutral","Different range"
"fdd26bcded32c6a193caad28e1348e80","7",12,"26-30","Male","Graduate Degree","Yes","Prolific","076f2d6385d635ea49402478f7e44cab","2","t-E_n-M","E","M","linear",14,"14",1,"Certain","Different shape"
"fdd26bcded32c6a193caad28e1348e80","22",12,"26-30","Male","Graduate Degree","Yes","Prolific","17c70f64092db27a58faa6c255efd8ba","1","t-M_n-H","M","H","log",1,"1",1,"Neutral","Different slope"
"fdd26bcded32c6a193caad28e1348e80","25",12,"26-30","Male","Graduate Degree","Yes","Prolific","ee322d63db5869407801b2c6cd54c452","1","t-H_n-E","H","E","linear",1,"1",1,"Certain","Different slope"
"fdd26bcded32c6a193caad28e1348e80","22",12,"26-30","Male","Graduate Degree","Yes","Prolific","17c70f64092db27a58faa6c255efd8ba","1","t-M_n-H","M","H","log",1,"10",0,"Neutral","Clustering"
"fdd26bcded32c6a193caad28e1348e80","32",12,"26-30","Male","Graduate Degree","Yes","Prolific","914e02881a7432dc34831c5dff0477e0","2","t-H_n-M","H","M","log",12,"11",0,"Neutral","Clustering"
"fdd26bcded32c6a193caad28e1348e80","30",12,"26-30","Male","Graduate Degree","Yes","Prolific","1b39b36e7a6189897f2015f191953b9d","1","t-H_n-M","H","M","log",12,"2",0,"Uncertain","Clustering"
"fdd26bcded32c6a193caad28e1348e80","27",12,"26-30","Male","Graduate Degree","Yes","Prolific","b8efad9285426a191f979b32a5094198","2","t-H_n-E","H","E","linear",9,"10",0,"Neutral","Different shape"
"fdd26bcded32c6a193caad28e1348e80","30",12,"26-30","Male","Graduate Degree","Yes","Prolific","1b39b36e7a6189897f2015f191953b9d","1","t-H_n-M","H","M","log",12,"18",0,"Uncertain","Clustering"
"fdd26bcded32c6a193caad28e1348e80","12",12,"26-30","Male","Graduate Degree","Yes","Prolific","909f6bb4a0bbb8708bcc2d96c0b7052f","2","t-E_n-H","E","H","log",17,"17",1,"Certain","Different shape"
"fdd26bcded32c6a193caad28e1348e80","11",12,"26-30","Male","Graduate Degree","Yes","Prolific","909f6bb4a0bbb8708bcc2d96c0b7052f","2","t-E_n-H","E","H","linear",17,"17",1,"Uncertain","Different slope"
"d5454bcfa1d9a0af486b8d1e19b8f67d","28",12,"19-25","Male","High School or Less","Yes","Prolific","b8efad9285426a191f979b32a5094198","2","t-H_n-E","H","E","log",9,"10",0,"Neutral","Different slope"
"d5454bcfa1d9a0af486b8d1e19b8f67d","21",12,"19-25","Male","High School or Less","Yes","Prolific","17c70f64092db27a58faa6c255efd8ba","1","t-M_n-H","M","H","linear",1,"10",0,"Certain","Clustering"
"d5454bcfa1d9a0af486b8d1e19b8f67d","26",12,"19-25","Male","High School or Less","Yes","Prolific","ee322d63db5869407801b2c6cd54c452","1","t-H_n-E","H","E","log",1,"14",0,"Certain","Clustering"
"d5454bcfa1d9a0af486b8d1e19b8f67d","10",12,"19-25","Male","High School or Less","Yes","Prolific","8105c77bcc5d38d9b4e742f1b76de5fc","1","t-E_n-H","E","H","log",15,"15",1,"Very Certain","Clustering, Different shape, Different slope"
"d5454bcfa1d9a0af486b8d1e19b8f67d","26",12,"19-25","Male","High School or Less","Yes","Prolific","ee322d63db5869407801b2c6cd54c452","1","t-H_n-E","H","E","log",1,"14",0,"Uncertain","Different range, Outlier(s)"
"d5454bcfa1d9a0af486b8d1e19b8f67d","31",12,"19-25","Male","High School or Less","Yes","Prolific","914e02881a7432dc34831c5dff0477e0","2","t-H_n-M","H","M","linear",12,"4",0,"Certain","Different range"
"d5454bcfa1d9a0af486b8d1e19b8f67d","7",12,"19-25","Male","High School or Less","Yes","Prolific","076f2d6385d635ea49402478f7e44cab","2","t-E_n-M","E","M","linear",14,"14",1,"Very Certain","Different shape, Different slope"
"d5454bcfa1d9a0af486b8d1e19b8f67d","13",12,"19-25","Male","High School or Less","Yes","Prolific","85c5c5a6ab4fdb3aaf06947e0b9d4483","1","t-M_n-E","M","E","linear",10,"5,1",0,"Very Certain","Clustering"
"d5454bcfa1d9a0af486b8d1e19b8f67d","14",12,"19-25","Male","High School or Less","Yes","Prolific","85c5c5a6ab4fdb3aaf06947e0b9d4483","1","t-M_n-E","M","E","log",10,"1",0,"Very Uncertain","Clustering"
"d5454bcfa1d9a0af486b8d1e19b8f67d","16",12,"19-25","Male","High School or Less","Yes","Prolific","07f1a227ee4ee73124d6589fada210dc","2","t-M_n-E","M","E","log",10,"20,4",0,"Uncertain","Clustering, Different range"
"d5454bcfa1d9a0af486b8d1e19b8f67d","5",12,"19-25","Male","High School or Less","Yes","Prolific","9f2d96ab9212ba1d26f176b00e6eeec0","1","t-E_n-M","E","M","linear",12,"19,17",0,"Certain","Different range, Outlier(s)"
"d5454bcfa1d9a0af486b8d1e19b8f67d","10",12,"19-25","Male","High School or Less","Yes","Prolific","8105c77bcc5d38d9b4e742f1b76de5fc","1","t-E_n-H","E","H","log",15,"5,3",0,"Certain","Clustering"
"6bf5ee4128dc3a28da88f86f00aa844f","12",12,"19-25","Male","High School or Less","Yes","Prolific","909f6bb4a0bbb8708bcc2d96c0b7052f","2","t-E_n-H","E","H","log",17,"17",1,"Very Uncertain","Different range"
"6bf5ee4128dc3a28da88f86f00aa844f","21",12,"19-25","Male","High School or Less","Yes","Prolific","17c70f64092db27a58faa6c255efd8ba","1","t-M_n-H","M","H","linear",1,"1",1,"Neutral","Clustering"
"6bf5ee4128dc3a28da88f86f00aa844f","26",12,"19-25","Male","High School or Less","Yes","Prolific","ee322d63db5869407801b2c6cd54c452","1","t-H_n-E","H","E","log",1,"19",0,"Neutral","Different slope"
"6bf5ee4128dc3a28da88f86f00aa844f","29",12,"19-25","Male","High School or Less","Yes","Prolific","1b39b36e7a6189897f2015f191953b9d","1","t-H_n-M","H","M","linear",12,"5",0,"Uncertain","Clustering"
"6bf5ee4128dc3a28da88f86f00aa844f","9",12,"19-25","Male","High School or Less","Yes","Prolific","8105c77bcc5d38d9b4e742f1b76de5fc","1","t-E_n-H","E","H","linear",15,"15",1,"Certain","Clustering"
"6bf5ee4128dc3a28da88f86f00aa844f","5",12,"19-25","Male","High School or Less","Yes","Prolific","9f2d96ab9212ba1d26f176b00e6eeec0","1","t-E_n-M","E","M","linear",12,"16",0,"Very Uncertain","Different shape"
"6bf5ee4128dc3a28da88f86f00aa844f","13",12,"19-25","Male","High School or Less","Yes","Prolific","85c5c5a6ab4fdb3aaf06947e0b9d4483","1","t-M_n-E","M","E","linear",10,"11",0,"Certain","Outlier(s)"
"6bf5ee4128dc3a28da88f86f00aa844f","26",12,"19-25","Male","High School or Less","Yes","Prolific","ee322d63db5869407801b2c6cd54c452","1","t-H_n-E","H","E","log",1,"1",1,"Very Certain","Different shape"
"6bf5ee4128dc3a28da88f86f00aa844f","6",12,"19-25","Male","High School or Less","Yes","Prolific","9f2d96ab9212ba1d26f176b00e6eeec0","1","t-E_n-M","E","M","log",12,"12",1,"Certain","Different shape"
"6bf5ee4128dc3a28da88f86f00aa844f","23",12,"19-25","Male","High School or Less","Yes","Prolific","70eebf16937fb9e77a3b806afe9aa528","2","t-M_n-H","M","H","linear",13,"13",1,"Uncertain","Clustering, Outlier(s)"
"6bf5ee4128dc3a28da88f86f00aa844f","24",12,"19-25","Male","High School or Less","Yes","Prolific","70eebf16937fb9e77a3b806afe9aa528","2","t-M_n-H","M","H","log",13,"13",1,"Certain","Different shape, Outlier(s)"
"6bf5ee4128dc3a28da88f86f00aa844f","13",12,"19-25","Male","High School or Less","Yes","Prolific","85c5c5a6ab4fdb3aaf06947e0b9d4483","1","t-M_n-E","M","E","linear",10,"11",0,"Certain","Different shape, Different slope"
"2e19665ef158ca6963d201a69991d051","15",12,"19-25","Female","Graduate Degree","Yes","Prolific","07f1a227ee4ee73124d6589fada210dc","2","t-M_n-E","M","E","linear",10,"8",0,"Certain","Different shape"
"2e19665ef158ca6963d201a69991d051","12",12,"19-25","Female","Graduate Degree","Yes","Prolific","909f6bb4a0bbb8708bcc2d96c0b7052f","2","t-E_n-H","E","H","log",17,"17",1,"Very Certain","Different shape"
"2e19665ef158ca6963d201a69991d051","15",12,"19-25","Female","Graduate Degree","Yes","Prolific","07f1a227ee4ee73124d6589fada210dc","2","t-M_n-E","M","E","linear",10,"4",0,"Certain","Clustering"
"2e19665ef158ca6963d201a69991d051","21",12,"19-25","Female","Graduate Degree","Yes","Prolific","17c70f64092db27a58faa6c255efd8ba","1","t-M_n-H","M","H","linear",1,"14",0,"Certain","Clustering"
"2e19665ef158ca6963d201a69991d051","25",12,"19-25","Female","Graduate Degree","Yes","Prolific","ee322d63db5869407801b2c6cd54c452","1","t-H_n-E","H","E","linear",1,"1",1,"Certain","Different shape"
"2e19665ef158ca6963d201a69991d051","9",12,"19-25","Female","Graduate Degree","Yes","Prolific","8105c77bcc5d38d9b4e742f1b76de5fc","1","t-E_n-H","E","H","linear",15,"15",1,"Certain","Different shape"
"2e19665ef158ca6963d201a69991d051","5",12,"19-25","Female","Graduate Degree","Yes","Prolific","9f2d96ab9212ba1d26f176b00e6eeec0","1","t-E_n-M","E","M","linear",12,"10",0,"Neutral","Clustering"
"2e19665ef158ca6963d201a69991d051","30",12,"19-25","Female","Graduate Degree","Yes","Prolific","1b39b36e7a6189897f2015f191953b9d","1","t-H_n-M","H","M","log",12,"16",0,"Certain","Clustering"
"2e19665ef158ca6963d201a69991d051","13",12,"19-25","Female","Graduate Degree","Yes","Prolific","85c5c5a6ab4fdb3aaf06947e0b9d4483","1","t-M_n-E","M","E","linear",10,"5",0,"Uncertain","Different range"
"2e19665ef158ca6963d201a69991d051","24",12,"19-25","Female","Graduate Degree","Yes","Prolific","70eebf16937fb9e77a3b806afe9aa528","2","t-M_n-H","M","H","log",13,"16",0,"Uncertain","Clustering"
"2e19665ef158ca6963d201a69991d051","5",12,"19-25","Female","Graduate Degree","Yes","Prolific","9f2d96ab9212ba1d26f176b00e6eeec0","1","t-E_n-M","E","M","linear",12,"19",0,"Certain","Different range"
"2e19665ef158ca6963d201a69991d051","32",12,"19-25","Female","Graduate Degree","Yes","Prolific","914e02881a7432dc34831c5dff0477e0","2","t-H_n-M","H","M","log",12,"12",1,"Certain","Different shape"
"d7367bac8659136b133982c295f39a77","15",11,"19-25","Female","High School or Less","Yes","Prolific","07f1a227ee4ee73124d6589fada210dc","2","t-M_n-E","M","E","linear",10,"12",0,"Certain","Clustering"
"d7367bac8659136b133982c295f39a77","12",11,"19-25","Female","High School or Less","Yes","Prolific","909f6bb4a0bbb8708bcc2d96c0b7052f","2","t-E_n-H","E","H","log",17,"17",1,"Very Certain","Different slope"
"d7367bac8659136b133982c295f39a77","32",11,"19-25","Female","High School or Less","Yes","Prolific","914e02881a7432dc34831c5dff0477e0","2","t-H_n-M","H","M","log",12,"12",1,"Very Certain","Different slope"
"d7367bac8659136b133982c295f39a77","8",11,"19-25","Female","High School or Less","Yes","Prolific","076f2d6385d635ea49402478f7e44cab","2","t-E_n-M","E","M","log",14,"14",1,"Very Certain","Different slope"
"d7367bac8659136b133982c295f39a77","31",11,"19-25","Female","High School or Less","Yes","Prolific","914e02881a7432dc34831c5dff0477e0","2","t-H_n-M","H","M","linear",12,"3",0,"Uncertain","Clustering, Different range"
"d7367bac8659136b133982c295f39a77","7",11,"19-25","Female","High School or Less","Yes","Prolific","076f2d6385d635ea49402478f7e44cab","2","t-E_n-M","E","M","linear",14,"14",1,"Certain","Clustering"
"d7367bac8659136b133982c295f39a77","21",11,"19-25","Female","High School or Less","Yes","Prolific","17c70f64092db27a58faa6c255efd8ba","1","t-M_n-H","M","H","linear",1,"6",0,"Uncertain","Clustering"
"d7367bac8659136b133982c295f39a77","32",11,"19-25","Female","High School or Less","Yes","Prolific","914e02881a7432dc34831c5dff0477e0","2","t-H_n-M","H","M","log",12,"12",1,"Very Certain","Different slope"
"d7367bac8659136b133982c295f39a77","16",11,"19-25","Female","High School or Less","Yes","Prolific","07f1a227ee4ee73124d6589fada210dc","2","t-M_n-E","M","E","log",10,"13,10",1,"Certain","Different range, Different slope"
"d7367bac8659136b133982c295f39a77","6",11,"19-25","Female","High School or Less","Yes","Prolific","9f2d96ab9212ba1d26f176b00e6eeec0","1","t-E_n-M","E","M","log",12,"10",0,"Very Uncertain","Different shape"
"d7367bac8659136b133982c295f39a77","10",11,"19-25","Female","High School or Less","Yes","Prolific","8105c77bcc5d38d9b4e742f1b76de5fc","1","t-E_n-H","E","H","log",15,"15",1,"Very Certain","Different slope"
"1e43202152e1e4e93406f57c7d21820e","15",11,"26-30","Female","Some Graduate Courses","Yes","Prolific","07f1a227ee4ee73124d6589fada210dc","2","t-M_n-E","M","E","linear",10,"7",0,"Uncertain","Different range, Different slope"
"1e43202152e1e4e93406f57c7d21820e","25",11,"26-30","Female","Some Graduate Courses","Yes","Prolific","ee322d63db5869407801b2c6cd54c452","1","t-H_n-E","H","E","linear",1,"1",1,"Certain","Different slope"
"1e43202152e1e4e93406f57c7d21820e","32",11,"26-30","Female","Some Graduate Courses","Yes","Prolific","914e02881a7432dc34831c5dff0477e0","2","t-H_n-M","H","M","log",12,"12",1,"Very Uncertain","Different shape"
"1e43202152e1e4e93406f57c7d21820e","8",11,"26-30","Female","Some Graduate Courses","Yes","Prolific","076f2d6385d635ea49402478f7e44cab","2","t-E_n-M","E","M","log",14,"14",1,"Uncertain","Different shape"
"1e43202152e1e4e93406f57c7d21820e","23",11,"26-30","Female","Some Graduate Courses","Yes","Prolific","70eebf16937fb9e77a3b806afe9aa528","2","t-M_n-H","M","H","linear",13,"13",1,"Uncertain","Different slope"
"1e43202152e1e4e93406f57c7d21820e","7",11,"26-30","Female","Some Graduate Courses","Yes","Prolific","076f2d6385d635ea49402478f7e44cab","2","t-E_n-M","E","M","linear",14,"8,14",1,"Uncertain","Different shape, Different slope"
"1e43202152e1e4e93406f57c7d21820e","13",11,"26-30","Female","Some Graduate Courses","Yes","Prolific","85c5c5a6ab4fdb3aaf06947e0b9d4483","1","t-M_n-E","M","E","linear",10,"10",1,"Uncertain","Different shape"
"1e43202152e1e4e93406f57c7d21820e","32",11,"26-30","Female","Some Graduate Courses","Yes","Prolific","914e02881a7432dc34831c5dff0477e0","2","t-H_n-M","H","M","log",12,"12",1,"Uncertain","Different shape"
"1e43202152e1e4e93406f57c7d21820e","6",11,"26-30","Female","Some Graduate Courses","Yes","Prolific","9f2d96ab9212ba1d26f176b00e6eeec0","1","t-E_n-M","E","M","log",12,"12",1,"Uncertain","Different shape"
"1e43202152e1e4e93406f57c7d21820e","6",11,"26-30","Female","Some Graduate Courses","Yes","Prolific","9f2d96ab9212ba1d26f176b00e6eeec0","1","t-E_n-M","E","M","log",12,"12",1,"Certain","Different shape"
"1e43202152e1e4e93406f57c7d21820e","10",11,"26-30","Female","Some Graduate Courses","Yes","Prolific","8105c77bcc5d38d9b4e742f1b76de5fc","1","t-E_n-H","E","H","log",15,"15",1,"Certain","Different shape"
"2b7e6e00ad4319483c956498ff47bed5","12",12,"36-40","Male","Graduate Degree","Yes","Prolific","909f6bb4a0bbb8708bcc2d96c0b7052f","2","t-E_n-H","E","H","log",17,"17",1,"Very Certain","Different slope"
"2b7e6e00ad4319483c956498ff47bed5","25",12,"36-40","Male","Graduate Degree","Yes","Prolific","ee322d63db5869407801b2c6cd54c452","1","t-H_n-E","H","E","linear",1,"1",1,"Very Certain","Different slope"
"2b7e6e00ad4319483c956498ff47bed5","32",12,"36-40","Male","Graduate Degree","Yes","Prolific","914e02881a7432dc34831c5dff0477e0","2","t-H_n-M","H","M","log",12,"16",0,"Certain","Clustering"
"2b7e6e00ad4319483c956498ff47bed5","8",12,"36-40","Male","Graduate Degree","Yes","Prolific","076f2d6385d635ea49402478f7e44cab","2","t-E_n-M","E","M","log",14,"14",1,"Certain","Outlier(s)"
"2b7e6e00ad4319483c956498ff47bed5","31",12,"36-40","Male","Graduate Degree","Yes","Prolific","914e02881a7432dc34831c5dff0477e0","2","t-H_n-M","H","M","linear",12,"4",0,"Certain","Different range"
"2b7e6e00ad4319483c956498ff47bed5","7",12,"36-40","Male","Graduate Degree","Yes","Prolific","076f2d6385d635ea49402478f7e44cab","2","t-E_n-M","E","M","linear",14,"14",1,"Certain","Clustering"
"2b7e6e00ad4319483c956498ff47bed5","21",12,"36-40","Male","Graduate Degree","Yes","Prolific","17c70f64092db27a58faa6c255efd8ba","1","t-M_n-H","M","H","linear",1,"1",1,"Certain","Different shape"
"2b7e6e00ad4319483c956498ff47bed5","21",12,"36-40","Male","Graduate Degree","Yes","Prolific","17c70f64092db27a58faa6c255efd8ba","1","t-M_n-H","M","H","linear",1,"1",1,"Certain","Different shape"
"2b7e6e00ad4319483c956498ff47bed5","7",12,"36-40","Male","Graduate Degree","Yes","Prolific","076f2d6385d635ea49402478f7e44cab","2","t-E_n-M","E","M","linear",14,"14",1,"Certain","Clustering"
"2b7e6e00ad4319483c956498ff47bed5","21",12,"36-40","Male","Graduate Degree","Yes","Prolific","17c70f64092db27a58faa6c255efd8ba","1","t-M_n-H","M","H","linear",1,"10",0,"Certain","Clustering"
"2b7e6e00ad4319483c956498ff47bed5","31",12,"36-40","Male","Graduate Degree","Yes","Prolific","914e02881a7432dc34831c5dff0477e0","2","t-H_n-M","H","M","linear",12,"4",0,"Certain","Different range"
"2b7e6e00ad4319483c956498ff47bed5","25",12,"36-40","Male","Graduate Degree","Yes","Prolific","ee322d63db5869407801b2c6cd54c452","1","t-H_n-E","H","E","linear",1,"3",0,"Certain","Different shape"
"07feee826c50c5a66eb2ddca1390b19d","5",11,"19-25","Male","High School or Less","Yes","Prolific","9f2d96ab9212ba1d26f176b00e6eeec0","1","t-E_n-M","E","M","linear",12,"3",0,"Uncertain","Clustering"
"07feee826c50c5a66eb2ddca1390b19d","26",11,"19-25","Male","High School or Less","Yes","Prolific","ee322d63db5869407801b2c6cd54c452","1","t-H_n-E","H","E","log",1,"1",1,"Very Certain","Different slope"
"07feee826c50c5a66eb2ddca1390b19d","10",11,"19-25","Male","High School or Less","Yes","Prolific","8105c77bcc5d38d9b4e742f1b76de5fc","1","t-E_n-H","E","H","log",15,"15",1,"Very Certain","Different shape"
"07feee826c50c5a66eb2ddca1390b19d","8",11,"19-25","Male","High School or Less","Yes","Prolific","076f2d6385d635ea49402478f7e44cab","2","t-E_n-M","E","M","log",14,"14",1,"Very Certain","Different shape"
"07feee826c50c5a66eb2ddca1390b19d","31",11,"19-25","Male","High School or Less","Yes","Prolific","914e02881a7432dc34831c5dff0477e0","2","t-H_n-M","H","M","linear",12,"8",0,"Neutral","Different slope"
"07feee826c50c5a66eb2ddca1390b19d","7",11,"19-25","Male","High School or Less","Yes","Prolific","076f2d6385d635ea49402478f7e44cab","2","t-E_n-M","E","M","linear",14,"14",1,"Certain","Different shape, Outlier(s)"
"07feee826c50c5a66eb2ddca1390b19d","11",11,"19-25","Male","High School or Less","Yes","Prolific","909f6bb4a0bbb8708bcc2d96c0b7052f","2","t-E_n-H","E","H","linear",17,"17",1,"Very Certain","Different slope"
"07feee826c50c5a66eb2ddca1390b19d","32",11,"19-25","Male","High School or Less","Yes","Prolific","914e02881a7432dc34831c5dff0477e0","2","t-H_n-M","H","M","log",12,"20",0,"Uncertain","Clustering"
"07feee826c50c5a66eb2ddca1390b19d","6",11,"19-25","Male","High School or Less","Yes","Prolific","9f2d96ab9212ba1d26f176b00e6eeec0","1","t-E_n-M","E","M","log",12,"12",1,"Very Uncertain","Different shape"
"07feee826c50c5a66eb2ddca1390b19d","5",11,"19-25","Male","High School or Less","Yes","Prolific","9f2d96ab9212ba1d26f176b00e6eeec0","1","t-E_n-M","E","M","linear",12,"14",0,"Neutral","Clustering, Outlier(s)"
"07feee826c50c5a66eb2ddca1390b19d","10",11,"19-25","Male","High School or Less","Yes","Prolific","8105c77bcc5d38d9b4e742f1b76de5fc","1","t-E_n-H","E","H","log",15,"15",1,"Certain","Different shape, Outlier(s)"
"6930926febf40cc10ffb555a936512b1","15",12,"19-25","Female","Undergraduate Degree","Yes","Prolific","07f1a227ee4ee73124d6589fada210dc","2","t-M_n-E","M","E","linear",10,"15",0,"Neutral","Different shape, Outlier(s)"
"6930926febf40cc10ffb555a936512b1","31",12,"19-25","Female","Undergraduate Degree","Yes","Prolific","914e02881a7432dc34831c5dff0477e0","2","t-H_n-M","H","M","linear",12,"4",0,"Certain","Different shape"
"6930926febf40cc10ffb555a936512b1","14",12,"19-25","Female","Undergraduate Degree","Yes","Prolific","85c5c5a6ab4fdb3aaf06947e0b9d4483","1","t-M_n-E","M","E","log",10,"10",1,"Certain","Different shape, Different slope"
"6930926febf40cc10ffb555a936512b1","15",12,"19-25","Female","Undergraduate Degree","Yes","Prolific","07f1a227ee4ee73124d6589fada210dc","2","t-M_n-E","M","E","linear",10,"15",0,"Uncertain","Different shape"
"6930926febf40cc10ffb555a936512b1","7",12,"19-25","Female","Undergraduate Degree","Yes","Prolific","076f2d6385d635ea49402478f7e44cab","2","t-E_n-M","E","M","linear",14,"15",0,"Uncertain","Different shape"
"6930926febf40cc10ffb555a936512b1","9",12,"19-25","Female","Undergraduate Degree","Yes","Prolific","8105c77bcc5d38d9b4e742f1b76de5fc","1","t-E_n-H","E","H","linear",15,"15",1,"Certain","Clustering, Different shape"
"6930926febf40cc10ffb555a936512b1","5",12,"19-25","Female","Undergraduate Degree","Yes","Prolific","9f2d96ab9212ba1d26f176b00e6eeec0","1","t-E_n-M","E","M","linear",12,"19",0,"Certain","Different shape, Different slope"
"6930926febf40cc10ffb555a936512b1","30",12,"19-25","Female","Undergraduate Degree","Yes","Prolific","1b39b36e7a6189897f2015f191953b9d","1","t-H_n-M","H","M","log",12,"10",0,"Neutral","Clustering"
"6930926febf40cc10ffb555a936512b1","13",12,"19-25","Female","Undergraduate Degree","Yes","Prolific","85c5c5a6ab4fdb3aaf06947e0b9d4483","1","t-M_n-E","M","E","linear",10,"10",1,"Neutral","Clustering"
"6930926febf40cc10ffb555a936512b1","24",12,"19-25","Female","Undergraduate Degree","Yes","Prolific","70eebf16937fb9e77a3b806afe9aa528","2","t-M_n-H","M","H","log",13,"9",0,"Certain","Clustering"
"6930926febf40cc10ffb555a936512b1","6",12,"19-25","Female","Undergraduate Degree","Yes","Prolific","9f2d96ab9212ba1d26f176b00e6eeec0","1","t-E_n-M","E","M","log",12,"12",1,"Neutral","Different shape, Different slope"
"6930926febf40cc10ffb555a936512b1","6",12,"19-25","Female","Undergraduate Degree","Yes","Prolific","9f2d96ab9212ba1d26f176b00e6eeec0","1","t-E_n-M","E","M","log",12,"12",1,"Neutral","Different shape, Different slope"
"6bf56a9b794bdbc90af801596c4847d3","24",10,"19-25","Female","Graduate Degree","Yes","Prolific","70eebf16937fb9e77a3b806afe9aa528","2","t-M_n-H","M","H","log",13,"1",0,"Certain","Different slope"
"6bf56a9b794bdbc90af801596c4847d3","11",10,"19-25","Female","Graduate Degree","Yes","Prolific","909f6bb4a0bbb8708bcc2d96c0b7052f","2","t-E_n-H","E","H","linear",17,"17",1,"Neutral","Clustering"
"6bf56a9b794bdbc90af801596c4847d3","15",10,"19-25","Female","Graduate Degree","Yes","Prolific","07f1a227ee4ee73124d6589fada210dc","2","t-M_n-E","M","E","linear",10,"14",0,"Certain","Clustering"
"6bf56a9b794bdbc90af801596c4847d3","29",10,"19-25","Female","Graduate Degree","Yes","Prolific","1b39b36e7a6189897f2015f191953b9d","1","t-H_n-M","H","M","linear",12,"16",0,"Certain","Clustering"
"6bf56a9b794bdbc90af801596c4847d3","25",10,"19-25","Female","Graduate Degree","Yes","Prolific","ee322d63db5869407801b2c6cd54c452","1","t-H_n-E","H","E","linear",1,"15",0,"Certain","Clustering"
"6bf56a9b794bdbc90af801596c4847d3","9",10,"19-25","Female","Graduate Degree","Yes","Prolific","8105c77bcc5d38d9b4e742f1b76de5fc","1","t-E_n-H","E","H","linear",15,"15",1,"Uncertain","Different shape"
"6bf56a9b794bdbc90af801596c4847d3","14",10,"19-25","Female","Graduate Degree","Yes","Prolific","85c5c5a6ab4fdb3aaf06947e0b9d4483","1","t-M_n-E","M","E","log",10,"13",0,"Neutral","Different slope"
"6bf56a9b794bdbc90af801596c4847d3","22",10,"19-25","Female","Graduate Degree","Yes","Prolific","17c70f64092db27a58faa6c255efd8ba","1","t-M_n-H","M","H","log",1,"13",0,"Neutral","Different slope"
"6bf56a9b794bdbc90af801596c4847d3","32",10,"19-25","Female","Graduate Degree","Yes","Prolific","914e02881a7432dc34831c5dff0477e0","2","t-H_n-M","H","M","log",12,"6",0,"Very Uncertain","Outlier(s)"
"6bf56a9b794bdbc90af801596c4847d3","7",10,"19-25","Female","Graduate Degree","Yes","Prolific","076f2d6385d635ea49402478f7e44cab","2","t-E_n-M","E","M","linear",14,"11",0,"Neutral","Clustering"
"2118335d512d9a023250fe5c5687d8c6","12",13,"31-35","Male","Undergraduate Degree","No","Prolific","909f6bb4a0bbb8708bcc2d96c0b7052f","2","t-E_n-H","E","H","log",17,"17",1,"Very Certain","Different shape"
"2118335d512d9a023250fe5c5687d8c6","21",13,"31-35","Male","Undergraduate Degree","No","Prolific","17c70f64092db27a58faa6c255efd8ba","1","t-M_n-H","M","H","linear",1,"1",1,"Certain","Different shape, Different slope"
"2118335d512d9a023250fe5c5687d8c6","26",13,"31-35","Male","Undergraduate Degree","No","Prolific","ee322d63db5869407801b2c6cd54c452","1","t-H_n-E","H","E","log",1,"1",1,"Certain","Clustering, Different slope"
"2118335d512d9a023250fe5c5687d8c6","10",13,"31-35","Male","Undergraduate Degree","No","Prolific","8105c77bcc5d38d9b4e742f1b76de5fc","1","t-E_n-H","E","H","log",15,"15",1,"Neutral","Different range, Different shape, Different slope"
"2118335d512d9a023250fe5c5687d8c6","9",13,"31-35","Male","Undergraduate Degree","No","Prolific","8105c77bcc5d38d9b4e742f1b76de5fc","1","t-E_n-H","E","H","linear",15,"15",1,"Very Certain","Different range, Different shape, Different slope, Outlier(s)"
"2118335d512d9a023250fe5c5687d8c6","5",13,"31-35","Male","Undergraduate Degree","No","Prolific","9f2d96ab9212ba1d26f176b00e6eeec0","1","t-E_n-M","E","M","linear",12,"19",0,"Uncertain","Different shape"
"2118335d512d9a023250fe5c5687d8c6","8",13,"31-35","Male","Undergraduate Degree","No","Prolific","076f2d6385d635ea49402478f7e44cab","2","t-E_n-M","E","M","log",14,"14",1,"Certain","Different slope"
"2118335d512d9a023250fe5c5687d8c6","24",13,"31-35","Male","Undergraduate Degree","No","Prolific","70eebf16937fb9e77a3b806afe9aa528","2","t-M_n-H","M","H","log",13,"2,6,16",0,"Very Uncertain","Clustering"
"2118335d512d9a023250fe5c5687d8c6","8",13,"31-35","Male","Undergraduate Degree","No","Prolific","076f2d6385d635ea49402478f7e44cab","2","t-E_n-M","E","M","log",14,"14",1,"Certain","Different shape"
"2118335d512d9a023250fe5c5687d8c6","32",13,"31-35","Male","Undergraduate Degree","No","Prolific","914e02881a7432dc34831c5dff0477e0","2","t-H_n-M","H","M","log",12,"11",0,"Very Uncertain","Clustering"
"2118335d512d9a023250fe5c5687d8c6","10",13,"31-35","Male","Undergraduate Degree","No","Prolific","8105c77bcc5d38d9b4e742f1b76de5fc","1","t-E_n-H","E","H","log",15,"15",1,"Certain","Different slope"
"2118335d512d9a023250fe5c5687d8c6","32",13,"31-35","Male","Undergraduate Degree","No","Prolific","914e02881a7432dc34831c5dff0477e0","2","t-H_n-M","H","M","log",12,"12",1,"Uncertain","Different slope"
"2118335d512d9a023250fe5c5687d8c6","25",13,"31-35","Male","Undergraduate Degree","No","Prolific","ee322d63db5869407801b2c6cd54c452","1","t-H_n-E","H","E","linear",1,"6",0,"Neutral","Clustering, Different slope"
"18f2388de6cde04a112482d196be769c","15",12,"26-30","Female","Some Undergraduate Courses","Yes","Prolific","07f1a227ee4ee73124d6589fada210dc","2","t-M_n-E","M","E","linear",10,"14",0,"Neutral","Different slope"
"18f2388de6cde04a112482d196be769c","12",12,"26-30","Female","Some Undergraduate Courses","Yes","Prolific","909f6bb4a0bbb8708bcc2d96c0b7052f","2","t-E_n-H","E","H","log",17,"1",0,"Uncertain","Different shape"
"18f2388de6cde04a112482d196be769c","32",12,"26-30","Female","Some Undergraduate Courses","Yes","Prolific","914e02881a7432dc34831c5dff0477e0","2","t-H_n-M","H","M","log",12,"12",1,"Neutral","Different shape"
"18f2388de6cde04a112482d196be769c","11",12,"26-30","Female","Some Undergraduate Courses","Yes","Prolific","909f6bb4a0bbb8708bcc2d96c0b7052f","2","t-E_n-H","E","H","linear",17,"17",1,"Neutral","Different slope"
"18f2388de6cde04a112482d196be769c","23",12,"26-30","Female","Some Undergraduate Courses","Yes","Prolific","70eebf16937fb9e77a3b806afe9aa528","2","t-M_n-H","M","H","linear",13,"13",1,"Neutral","Different range"
"18f2388de6cde04a112482d196be769c","7",12,"26-30","Female","Some Undergraduate Courses","Yes","Prolific","076f2d6385d635ea49402478f7e44cab","2","t-E_n-M","E","M","linear",14,"18",0,"Neutral","Clustering"
"18f2388de6cde04a112482d196be769c","13",12,"26-30","Female","Some Undergraduate Courses","Yes","Prolific","85c5c5a6ab4fdb3aaf06947e0b9d4483","1","t-M_n-E","M","E","linear",10,"4",0,"Neutral","Clustering"
"18f2388de6cde04a112482d196be769c","21",12,"26-30","Female","Some Undergraduate Courses","Yes","Prolific","17c70f64092db27a58faa6c255efd8ba","1","t-M_n-H","M","H","linear",1,"3",0,"Neutral","Different range"
"18f2388de6cde04a112482d196be769c","16",12,"26-30","Female","Some Undergraduate Courses","Yes","Prolific","07f1a227ee4ee73124d6589fada210dc","2","t-M_n-E","M","E","log",10,"10",1,"Neutral","Different slope"
"18f2388de6cde04a112482d196be769c","21",12,"26-30","Female","Some Undergraduate Courses","Yes","Prolific","17c70f64092db27a58faa6c255efd8ba","1","t-M_n-H","M","H","linear",1,"6",0,"Neutral","Clustering"
"18f2388de6cde04a112482d196be769c","31",12,"26-30","Female","Some Undergraduate Courses","Yes","Prolific","914e02881a7432dc34831c5dff0477e0","2","t-H_n-M","H","M","linear",12,"12",1,"Neutral","Different slope"
"18f2388de6cde04a112482d196be769c","10",12,"26-30","Female","Some Undergraduate Courses","Yes","Prolific","8105c77bcc5d38d9b4e742f1b76de5fc","1","t-E_n-H","E","H","log",15,"15",1,"Neutral","Different slope"
"58c550c9ba3811831699f2e891291814","15",11,"19-25","Male","Undergraduate Degree","Yes","Prolific","07f1a227ee4ee73124d6589fada210dc","2","t-M_n-E","M","E","linear",10,"2",0,"Uncertain","Different shape"
"58c550c9ba3811831699f2e891291814","25",11,"19-25","Male","Undergraduate Degree","Yes","Prolific","ee322d63db5869407801b2c6cd54c452","1","t-H_n-E","H","E","linear",1,"1",1,"Very Certain","Different slope"
"58c550c9ba3811831699f2e891291814","10",11,"19-25","Male","Undergraduate Degree","Yes","Prolific","8105c77bcc5d38d9b4e742f1b76de5fc","1","t-E_n-H","E","H","log",15,"15",1,"Very Certain","Different shape, Different slope"
"58c550c9ba3811831699f2e891291814","29",11,"19-25","Male","Undergraduate Degree","Yes","Prolific","1b39b36e7a6189897f2015f191953b9d","1","t-H_n-M","H","M","linear",12,"13",0,"Neutral","Clustering"
"58c550c9ba3811831699f2e891291814","28",11,"19-25","Male","Undergraduate Degree","Yes","Prolific","b8efad9285426a191f979b32a5094198","2","t-H_n-E","H","E","log",9,"9",1,"Very Certain","Different shape, Different slope"
"58c550c9ba3811831699f2e891291814","9",11,"19-25","Male","Undergraduate Degree","Yes","Prolific","8105c77bcc5d38d9b4e742f1b76de5fc","1","t-E_n-H","E","H","linear",15,"15",1,"Very Certain","Different slope"
"58c550c9ba3811831699f2e891291814","24",11,"19-25","Male","Undergraduate Degree","Yes","Prolific","70eebf16937fb9e77a3b806afe9aa528","2","t-M_n-H","M","H","log",13,"13",1,"Neutral","Different slope"
"58c550c9ba3811831699f2e891291814","8",11,"19-25","Male","Undergraduate Degree","Yes","Prolific","076f2d6385d635ea49402478f7e44cab","2","t-E_n-M","E","M","log",14,"14",1,"Certain","Different shape"
"58c550c9ba3811831699f2e891291814","32",11,"19-25","Male","Undergraduate Degree","Yes","Prolific","914e02881a7432dc34831c5dff0477e0","2","t-H_n-M","H","M","log",12,"12",1,"Certain","Different shape, Different slope"
"58c550c9ba3811831699f2e891291814","12",11,"19-25","Male","Undergraduate Degree","Yes","Prolific","909f6bb4a0bbb8708bcc2d96c0b7052f","2","t-E_n-H","E","H","log",17,"17",1,"Very Certain","Different shape"
"58c550c9ba3811831699f2e891291814","9",11,"19-25","Male","Undergraduate Degree","Yes","Prolific","8105c77bcc5d38d9b4e742f1b76de5fc","1","t-E_n-H","E","H","linear",15,"15",1,"Very Certain","Clustering, Different shape"
"fbce8e2c3b970fccce2e320387454449","15",11,"19-25","Male","Undergraduate Degree","Yes","Prolific","07f1a227ee4ee73124d6589fada210dc","2","t-M_n-E","M","E","linear",10,"19",0,"Uncertain","Clustering"
"fbce8e2c3b970fccce2e320387454449","14",11,"19-25","Male","Undergraduate Degree","Yes","Prolific","85c5c5a6ab4fdb3aaf06947e0b9d4483","1","t-M_n-E","M","E","log",10,"10",1,"Certain","Different shape"
"fbce8e2c3b970fccce2e320387454449","27",11,"19-25","Male","Undergraduate Degree","Yes","Prolific","b8efad9285426a191f979b32a5094198","2","t-H_n-E","H","E","linear",9,"9",1,"Uncertain","Different shape"
"fbce8e2c3b970fccce2e320387454449","22",11,"19-25","Male","Undergraduate Degree","Yes","Prolific","17c70f64092db27a58faa6c255efd8ba","1","t-M_n-H","M","H","log",1,"1",1,"Neutral","Clustering"
"fbce8e2c3b970fccce2e320387454449","25",11,"19-25","Male","Undergraduate Degree","Yes","Prolific","ee322d63db5869407801b2c6cd54c452","1","t-H_n-E","H","E","linear",1,"1",1,"Neutral","Different shape"
"fbce8e2c3b970fccce2e320387454449","22",11,"19-25","Male","Undergraduate Degree","Yes","Prolific","17c70f64092db27a58faa6c255efd8ba","1","t-M_n-H","M","H","log",1,"10",0,"Certain","Clustering"
"fbce8e2c3b970fccce2e320387454449","21",11,"19-25","Male","Undergraduate Degree","Yes","Prolific","17c70f64092db27a58faa6c255efd8ba","1","t-M_n-H","M","H","linear",1,"1",1,"Uncertain","Different shape"
"fbce8e2c3b970fccce2e320387454449","32",11,"19-25","Male","Undergraduate Degree","Yes","Prolific","914e02881a7432dc34831c5dff0477e0","2","t-H_n-M","H","M","log",12,"3",0,"Very Uncertain","Clustering"
"fbce8e2c3b970fccce2e320387454449","6",11,"19-25","Male","Undergraduate Degree","Yes","Prolific","9f2d96ab9212ba1d26f176b00e6eeec0","1","t-E_n-M","E","M","log",12,"12",1,"Uncertain","Different shape"
"fbce8e2c3b970fccce2e320387454449","5",11,"19-25","Male","Undergraduate Degree","Yes","Prolific","9f2d96ab9212ba1d26f176b00e6eeec0","1","t-E_n-M","E","M","linear",12,"19",0,"Neutral","Different range"
"fbce8e2c3b970fccce2e320387454449","10",11,"19-25","Male","Undergraduate Degree","Yes","Prolific","8105c77bcc5d38d9b4e742f1b76de5fc","1","t-E_n-H","E","H","log",15,"15",1,"Certain","Different shape"
"c0fede2910bffa77454f3c67845abb8b","15",11,"19-25","Male","Some Graduate Courses","Yes","Prolific","07f1a227ee4ee73124d6589fada210dc","2","t-M_n-E","M","E","linear",10,"14",0,"Neutral","Clustering"
"c0fede2910bffa77454f3c67845abb8b","12",11,"19-25","Male","Some Graduate Courses","Yes","Prolific","909f6bb4a0bbb8708bcc2d96c0b7052f","2","t-E_n-H","E","H","log",17,"17",1,"Certain","Different range, Different slope"
"c0fede2910bffa77454f3c67845abb8b","15",11,"19-25","Male","Some Graduate Courses","Yes","Prolific","07f1a227ee4ee73124d6589fada210dc","2","t-M_n-E","M","E","linear",10,"20,19,14,15,9,17,18,16",0,"Uncertain","Clustering"
"c0fede2910bffa77454f3c67845abb8b","26",11,"19-25","Male","Some Graduate Courses","Yes","Prolific","ee322d63db5869407801b2c6cd54c452","1","t-H_n-E","H","E","log",1,"1",1,"Certain","Different slope"
"c0fede2910bffa77454f3c67845abb8b","31",11,"19-25","Male","Some Graduate Courses","Yes","Prolific","914e02881a7432dc34831c5dff0477e0","2","t-H_n-M","H","M","linear",12,"4,14,20",0,"Uncertain","Different slope"
"c0fede2910bffa77454f3c67845abb8b","5",11,"19-25","Male","Some Graduate Courses","Yes","Prolific","9f2d96ab9212ba1d26f176b00e6eeec0","1","t-E_n-M","E","M","linear",12,"17,14,3,2,8,19,16",0,"Neutral","Clustering"
"c0fede2910bffa77454f3c67845abb8b","30",11,"19-25","Male","Some Graduate Courses","Yes","Prolific","1b39b36e7a6189897f2015f191953b9d","1","t-H_n-M","H","M","log",12,"9,12",1,"Certain","Different shape"
"c0fede2910bffa77454f3c67845abb8b","13",11,"19-25","Male","Some Graduate Courses","Yes","Prolific","85c5c5a6ab4fdb3aaf06947e0b9d4483","1","t-M_n-E","M","E","linear",10,"11,3,5,14,12,18,17",0,"Certain","Different shape"
"c0fede2910bffa77454f3c67845abb8b","24",11,"19-25","Male","Some Graduate Courses","Yes","Prolific","70eebf16937fb9e77a3b806afe9aa528","2","t-M_n-H","M","H","log",13,"13,14",1,"Neutral","Different shape"
"c0fede2910bffa77454f3c67845abb8b","6",11,"19-25","Male","Some Graduate Courses","Yes","Prolific","9f2d96ab9212ba1d26f176b00e6eeec0","1","t-E_n-M","E","M","log",12,"12",1,"Certain","Different shape"
"c0fede2910bffa77454f3c67845abb8b","10",11,"19-25","Male","Some Graduate Courses","Yes","Prolific","8105c77bcc5d38d9b4e742f1b76de5fc","1","t-E_n-H","E","H","log",15,"15",1,"Very Certain","Clustering, Different range, Different shape"
"8d6668c1b293251d1abd6f051a6b8f61","15",12,"19-25","Female","Graduate Degree","Yes","Prolific","07f1a227ee4ee73124d6589fada210dc","2","t-M_n-E","M","E","linear",10,"20",0,"Very Certain","Different slope"
"8d6668c1b293251d1abd6f051a6b8f61","14",12,"19-25","Female","Graduate Degree","Yes","Prolific","85c5c5a6ab4fdb3aaf06947e0b9d4483","1","t-M_n-E","M","E","log",10,"10",1,"Very Certain","Different shape"
"8d6668c1b293251d1abd6f051a6b8f61","27",12,"19-25","Female","Graduate Degree","Yes","Prolific","b8efad9285426a191f979b32a5094198","2","t-H_n-E","H","E","linear",9,"9",1,"Very Certain","Different shape"
"8d6668c1b293251d1abd6f051a6b8f61","8",12,"19-25","Female","Graduate Degree","Yes","Prolific","076f2d6385d635ea49402478f7e44cab","2","t-E_n-M","E","M","log",14,"14",1,"Very Certain","Different slope"
"8d6668c1b293251d1abd6f051a6b8f61","31",12,"19-25","Female","Graduate Degree","Yes","Prolific","914e02881a7432dc34831c5dff0477e0","2","t-H_n-M","H","M","linear",12,"8",0,"Very Certain","Different range, Different shape"
"8d6668c1b293251d1abd6f051a6b8f61","7",12,"19-25","Female","Graduate Degree","Yes","Prolific","076f2d6385d635ea49402478f7e44cab","2","t-E_n-M","E","M","linear",14,"14",1,"Very Certain","Clustering"
"8d6668c1b293251d1abd6f051a6b8f61","13",12,"19-25","Female","Graduate Degree","Yes","Prolific","85c5c5a6ab4fdb3aaf06947e0b9d4483","1","t-M_n-E","M","E","linear",10,"13",0,"Very Certain","Clustering, Different shape"
"8d6668c1b293251d1abd6f051a6b8f61","14",12,"19-25","Female","Graduate Degree","Yes","Prolific","85c5c5a6ab4fdb3aaf06947e0b9d4483","1","t-M_n-E","M","E","log",10,"10",1,"Very Certain","Different shape, Different slope"
"8d6668c1b293251d1abd6f051a6b8f61","7",12,"19-25","Female","Graduate Degree","Yes","Prolific","076f2d6385d635ea49402478f7e44cab","2","t-E_n-M","E","M","linear",14,"14",1,"Very Certain","Clustering"
"8d6668c1b293251d1abd6f051a6b8f61","21",12,"19-25","Female","Graduate Degree","Yes","Prolific","17c70f64092db27a58faa6c255efd8ba","1","t-M_n-H","M","H","linear",1,"10",0,"Very Certain","Different shape, Different slope"
"8d6668c1b293251d1abd6f051a6b8f61","31",12,"19-25","Female","Graduate Degree","Yes","Prolific","914e02881a7432dc34831c5dff0477e0","2","t-H_n-M","H","M","linear",12,"8",0,"Very Certain","Different range, Different shape"
"8d6668c1b293251d1abd6f051a6b8f61","25",12,"19-25","Female","Graduate Degree","Yes","Prolific","ee322d63db5869407801b2c6cd54c452","1","t-H_n-E","H","E","linear",1,"2",0,"Very Certain","Different range, Different shape"
"e0c88bdbd1ea6c50cb391d9454c35900","15",12,"19-25","Female","Some Undergraduate Courses","No","Prolific","07f1a227ee4ee73124d6589fada210dc","2","t-M_n-E","M","E","linear",10,"1",0,"Certain","Different slope"
"e0c88bdbd1ea6c50cb391d9454c35900","14",12,"19-25","Female","Some Undergraduate Courses","No","Prolific","85c5c5a6ab4fdb3aaf06947e0b9d4483","1","t-M_n-E","M","E","log",10,"10",1,"Very Certain","Different shape"
"e0c88bdbd1ea6c50cb391d9454c35900","15",12,"19-25","Female","Some Undergraduate Courses","No","Prolific","07f1a227ee4ee73124d6589fada210dc","2","t-M_n-E","M","E","linear",10,"14,15",0,"Certain","Different range"
"e0c88bdbd1ea6c50cb391d9454c35900","26",12,"19-25","Female","Some Undergraduate Courses","No","Prolific","ee322d63db5869407801b2c6cd54c452","1","t-H_n-E","H","E","log",1,"1",1,"Very Certain","Different slope"
"e0c88bdbd1ea6c50cb391d9454c35900","9",12,"19-25","Female","Some Undergraduate Courses","No","Prolific","8105c77bcc5d38d9b4e742f1b76de5fc","1","t-E_n-H","E","H","linear",15,"15",1,"Very Certain","Clustering, Different shape"
"e0c88bdbd1ea6c50cb391d9454c35900","9",12,"19-25","Female","Some Undergraduate Courses","No","Prolific","8105c77bcc5d38d9b4e742f1b76de5fc","1","t-E_n-H","E","H","linear",15,"15",1,"Certain","Clustering, Different slope"
"e0c88bdbd1ea6c50cb391d9454c35900","5",12,"19-25","Female","Some Undergraduate Courses","No","Prolific","9f2d96ab9212ba1d26f176b00e6eeec0","1","t-E_n-M","E","M","linear",12,"14",0,"Certain","Clustering, Different range"
"e0c88bdbd1ea6c50cb391d9454c35900","30",12,"19-25","Female","Some Undergraduate Courses","No","Prolific","1b39b36e7a6189897f2015f191953b9d","1","t-H_n-M","H","M","log",12,"12",1,"Certain","Different slope"
"e0c88bdbd1ea6c50cb391d9454c35900","13",12,"19-25","Female","Some Undergraduate Courses","No","Prolific","85c5c5a6ab4fdb3aaf06947e0b9d4483","1","t-M_n-E","M","E","linear",10,"13,19",0,"Very Certain","Different range"
"e0c88bdbd1ea6c50cb391d9454c35900","27",12,"19-25","Female","Some Undergraduate Courses","No","Prolific","b8efad9285426a191f979b32a5094198","2","t-H_n-E","H","E","linear",9,"9",1,"Very Certain","Different shape"
"e0c88bdbd1ea6c50cb391d9454c35900","5",12,"19-25","Female","Some Undergraduate Courses","No","Prolific","9f2d96ab9212ba1d26f176b00e6eeec0","1","t-E_n-M","E","M","linear",12,"19",0,"Uncertain","Different shape"
"e0c88bdbd1ea6c50cb391d9454c35900","32",12,"19-25","Female","Some Undergraduate Courses","No","Prolific","914e02881a7432dc34831c5dff0477e0","2","t-H_n-M","H","M","log",12,"12",1,"Certain","Different shape"
"c4567c868bb7bc3ee9ec14b111f22deb","15",12,"19-25","Male","Undergraduate Degree","Yes","Prolific","07f1a227ee4ee73124d6589fada210dc","2","t-M_n-E","M","E","linear",10,"9",0,"Certain","Clustering"
"c4567c868bb7bc3ee9ec14b111f22deb","11",12,"19-25","Male","Undergraduate Degree","Yes","Prolific","909f6bb4a0bbb8708bcc2d96c0b7052f","2","t-E_n-H","E","H","linear",17,"17",1,"Very Certain","Different slope"
"c4567c868bb7bc3ee9ec14b111f22deb","16",12,"19-25","Male","Undergraduate Degree","Yes","Prolific","07f1a227ee4ee73124d6589fada210dc","2","t-M_n-E","M","E","log",10,"10",1,"Neutral","Clustering, Different slope"
"c4567c868bb7bc3ee9ec14b111f22deb","26",12,"19-25","Male","Undergraduate Degree","Yes","Prolific","ee322d63db5869407801b2c6cd54c452","1","t-H_n-E","H","E","log",1,"1",1,"Certain","Different slope"
"c4567c868bb7bc3ee9ec14b111f22deb","21",12,"19-25","Male","Undergraduate Degree","Yes","Prolific","17c70f64092db27a58faa6c255efd8ba","1","t-M_n-H","M","H","linear",1,"1",1,"Certain","Different slope"
"c4567c868bb7bc3ee9ec14b111f22deb","25",12,"19-25","Male","Undergraduate Degree","Yes","Prolific","ee322d63db5869407801b2c6cd54c452","1","t-H_n-E","H","E","linear",1,"1",1,"Certain","Different slope"
"c4567c868bb7bc3ee9ec14b111f22deb","9",12,"19-25","Male","Undergraduate Degree","Yes","Prolific","8105c77bcc5d38d9b4e742f1b76de5fc","1","t-E_n-H","E","H","linear",15,"15",1,"Certain","Clustering, Different slope, Outlier(s)"
"c4567c868bb7bc3ee9ec14b111f22deb","5",12,"19-25","Male","Undergraduate Degree","Yes","Prolific","9f2d96ab9212ba1d26f176b00e6eeec0","1","t-E_n-M","E","M","linear",12,"16",0,"Neutral","Different range, Outlier(s)"
"c4567c868bb7bc3ee9ec14b111f22deb","30",12,"19-25","Male","Undergraduate Degree","Yes","Prolific","1b39b36e7a6189897f2015f191953b9d","1","t-H_n-M","H","M","log",12,"2",0,"Neutral","Clustering"
"c4567c868bb7bc3ee9ec14b111f22deb","13",12,"19-25","Male","Undergraduate Degree","Yes","Prolific","85c5c5a6ab4fdb3aaf06947e0b9d4483","1","t-M_n-E","M","E","linear",10,"8",0,"Neutral","Different range, Outlier(s)"
"c4567c868bb7bc3ee9ec14b111f22deb","12",12,"19-25","Male","Undergraduate Degree","Yes","Prolific","909f6bb4a0bbb8708bcc2d96c0b7052f","2","t-E_n-H","E","H","log",17,"17",1,"Certain","Different slope"
"c4567c868bb7bc3ee9ec14b111f22deb","11",12,"19-25","Male","Undergraduate Degree","Yes","Prolific","909f6bb4a0bbb8708bcc2d96c0b7052f","2","t-E_n-H","E","H","linear",17,"17",1,"Certain","Different slope"
"2aaacaa1fc0e7df6cf53c9b6d9bf8e6b","13",13,"41-45","Male","Graduate Degree","Yes","Prolific","85c5c5a6ab4fdb3aaf06947e0b9d4483","1","t-M_n-E","M","E","linear",10,"19",0,"Certain","Clustering"
"2aaacaa1fc0e7df6cf53c9b6d9bf8e6b","11",13,"41-45","Male","Graduate Degree","Yes","Prolific","909f6bb4a0bbb8708bcc2d96c0b7052f","2","t-E_n-H","E","H","linear",17,"17",1,"Certain","Different range"
"2aaacaa1fc0e7df6cf53c9b6d9bf8e6b","14",13,"41-45","Male","Graduate Degree","Yes","Prolific","85c5c5a6ab4fdb3aaf06947e0b9d4483","1","t-M_n-E","M","E","log",10,"10",1,"Very Certain","Different shape"
"2aaacaa1fc0e7df6cf53c9b6d9bf8e6b","13",13,"41-45","Male","Graduate Degree","Yes","Prolific","85c5c5a6ab4fdb3aaf06947e0b9d4483","1","t-M_n-E","M","E","linear",10,"19",0,"Certain","Clustering"
"2aaacaa1fc0e7df6cf53c9b6d9bf8e6b","7",13,"41-45","Male","Graduate Degree","Yes","Prolific","076f2d6385d635ea49402478f7e44cab","2","t-E_n-M","E","M","linear",14,"14",1,"Certain","Different range"
"2aaacaa1fc0e7df6cf53c9b6d9bf8e6b","25",13,"41-45","Male","Graduate Degree","Yes","Prolific","ee322d63db5869407801b2c6cd54c452","1","t-H_n-E","H","E","linear",1,"1",1,"Certain","Different slope"
"2aaacaa1fc0e7df6cf53c9b6d9bf8e6b","9",13,"41-45","Male","Graduate Degree","Yes","Prolific","8105c77bcc5d38d9b4e742f1b76de5fc","1","t-E_n-H","E","H","linear",15,"15",1,"Certain","Different range"
"2aaacaa1fc0e7df6cf53c9b6d9bf8e6b","21",13,"41-45","Male","Graduate Degree","Yes","Prolific","17c70f64092db27a58faa6c255efd8ba","1","t-M_n-H","M","H","linear",1,"10",0,"Certain","Different shape"
"2aaacaa1fc0e7df6cf53c9b6d9bf8e6b","11",13,"41-45","Male","Graduate Degree","Yes","Prolific","909f6bb4a0bbb8708bcc2d96c0b7052f","2","t-E_n-H","E","H","linear",17,"17",1,"Certain","Different range"
"2aaacaa1fc0e7df6cf53c9b6d9bf8e6b","24",13,"41-45","Male","Graduate Degree","Yes","Prolific","70eebf16937fb9e77a3b806afe9aa528","2","t-M_n-H","M","H","log",13,"2",0,"Certain","Clustering"
"2aaacaa1fc0e7df6cf53c9b6d9bf8e6b","15",13,"41-45","Male","Graduate Degree","Yes","Prolific","07f1a227ee4ee73124d6589fada210dc","2","t-M_n-E","M","E","linear",10,"12",0,"Neutral","Clustering"
"2aaacaa1fc0e7df6cf53c9b6d9bf8e6b","22",13,"41-45","Male","Graduate Degree","Yes","Prolific","17c70f64092db27a58faa6c255efd8ba","1","t-M_n-H","M","H","log",1,"1",1,"Certain","Different shape"
"2aaacaa1fc0e7df6cf53c9b6d9bf8e6b","13",13,"41-45","Male","Graduate Degree","Yes","Prolific","85c5c5a6ab4fdb3aaf06947e0b9d4483","1","t-M_n-E","M","E","linear",10,"11",0,"Certain","Different range"
"42afdf9c2e96d50fe148f9f961260667","15",12,"19-25","Male","Some Undergraduate Courses","Yes","Prolific","07f1a227ee4ee73124d6589fada210dc","2","t-M_n-E","M","E","linear",10,"14",0,"Certain","Different range"
"42afdf9c2e96d50fe148f9f961260667","25",12,"19-25","Male","Some Undergraduate Courses","Yes","Prolific","ee322d63db5869407801b2c6cd54c452","1","t-H_n-E","H","E","linear",1,"1",1,"Very Certain","Different shape"
"42afdf9c2e96d50fe148f9f961260667","32",12,"19-25","Male","Some Undergraduate Courses","Yes","Prolific","914e02881a7432dc34831c5dff0477e0","2","t-H_n-M","H","M","log",12,"19",0,"Certain","Different range"
"42afdf9c2e96d50fe148f9f961260667","11",12,"19-25","Male","Some Undergraduate Courses","Yes","Prolific","909f6bb4a0bbb8708bcc2d96c0b7052f","2","t-E_n-H","E","H","linear",17,"17",1,"Certain","Different shape"
"42afdf9c2e96d50fe148f9f961260667","23",12,"19-25","Male","Some Undergraduate Courses","Yes","Prolific","70eebf16937fb9e77a3b806afe9aa528","2","t-M_n-H","M","H","linear",13,"16",0,"Neutral","Different range"
"42afdf9c2e96d50fe148f9f961260667","7",12,"19-25","Male","Some Undergraduate Courses","Yes","Prolific","076f2d6385d635ea49402478f7e44cab","2","t-E_n-M","E","M","linear",14,"14",1,"Neutral","Outlier(s)"
"42afdf9c2e96d50fe148f9f961260667","21",12,"19-25","Male","Some Undergraduate Courses","Yes","Prolific","17c70f64092db27a58faa6c255efd8ba","1","t-M_n-H","M","H","linear",1,"1",1,"Certain","Different shape"
"42afdf9c2e96d50fe148f9f961260667","8",12,"19-25","Male","Some Undergraduate Courses","Yes","Prolific","076f2d6385d635ea49402478f7e44cab","2","t-E_n-M","E","M","log",14,"14",1,"Neutral","Different shape"
"42afdf9c2e96d50fe148f9f961260667","32",12,"19-25","Male","Some Undergraduate Courses","Yes","Prolific","914e02881a7432dc34831c5dff0477e0","2","t-H_n-M","H","M","log",12,"12",1,"Very Certain","Different shape"
"42afdf9c2e96d50fe148f9f961260667","10",12,"19-25","Male","Some Undergraduate Courses","Yes","Prolific","8105c77bcc5d38d9b4e742f1b76de5fc","1","t-E_n-H","E","H","log",15,"15",1,"Very Certain","Different shape"
"42afdf9c2e96d50fe148f9f961260667","8",12,"19-25","Male","Some Undergraduate Courses","Yes","Prolific","076f2d6385d635ea49402478f7e44cab","2","t-E_n-M","E","M","log",14,"14",1,"Certain","Different shape"
"42afdf9c2e96d50fe148f9f961260667","22",12,"19-25","Male","Some Undergraduate Courses","Yes","Prolific","17c70f64092db27a58faa6c255efd8ba","1","t-M_n-H","M","H","log",1,"12",0,"Uncertain","Outlier(s)"
"f1a0b343aea1626bff44d77c01d884db","22",12,"19-25","Female","Prefer not to answer","No","Prolific","17c70f64092db27a58faa6c255efd8ba","1","t-M_n-H","M","H","log",1,"8,2",0,"Certain","Clustering"
"f1a0b343aea1626bff44d77c01d884db","32",12,"19-25","Female","Prefer not to answer","No","Prolific","914e02881a7432dc34831c5dff0477e0","2","t-H_n-M","H","M","log",12,"3",0,"Certain","Clustering"
"f1a0b343aea1626bff44d77c01d884db","16",12,"19-25","Female","Prefer not to answer","No","Prolific","07f1a227ee4ee73124d6589fada210dc","2","t-M_n-E","M","E","log",10,"13,20",0,"Certain","Clustering, Different shape"
"f1a0b343aea1626bff44d77c01d884db","15",12,"19-25","Female","Prefer not to answer","No","Prolific","07f1a227ee4ee73124d6589fada210dc","2","t-M_n-E","M","E","linear",10,"20,8",0,"Neutral","Different slope"
"f1a0b343aea1626bff44d77c01d884db","27",12,"19-25","Female","Prefer not to answer","No","Prolific","b8efad9285426a191f979b32a5094198","2","t-H_n-E","H","E","linear",9,"9,10",1,"Very Certain","Different slope, Outlier(s)"
"f1a0b343aea1626bff44d77c01d884db","31",12,"19-25","Female","Prefer not to answer","No","Prolific","914e02881a7432dc34831c5dff0477e0","2","t-H_n-M","H","M","linear",12,"8,20",0,"Neutral","Clustering, Different slope"
"f1a0b343aea1626bff44d77c01d884db","5",12,"19-25","Female","Prefer not to answer","No","Prolific","9f2d96ab9212ba1d26f176b00e6eeec0","1","t-E_n-M","E","M","linear",12,"11,19",0,"Certain","Clustering"
"f1a0b343aea1626bff44d77c01d884db","30",12,"19-25","Female","Prefer not to answer","No","Prolific","1b39b36e7a6189897f2015f191953b9d","1","t-H_n-M","H","M","log",12,"2",0,"Uncertain","Clustering"
"f1a0b343aea1626bff44d77c01d884db","13",12,"19-25","Female","Prefer not to answer","No","Prolific","85c5c5a6ab4fdb3aaf06947e0b9d4483","1","t-M_n-E","M","E","linear",10,"13,19",0,"Neutral","Different slope, Outlier(s)"
"f1a0b343aea1626bff44d77c01d884db","24",12,"19-25","Female","Prefer not to answer","No","Prolific","70eebf16937fb9e77a3b806afe9aa528","2","t-M_n-H","M","H","log",13,"8,16",0,"Uncertain","Clustering"
"f1a0b343aea1626bff44d77c01d884db","6",12,"19-25","Female","Prefer not to answer","No","Prolific","9f2d96ab9212ba1d26f176b00e6eeec0","1","t-E_n-M","E","M","log",12,"12",1,"Certain","Different shape"
"f1a0b343aea1626bff44d77c01d884db","10",12,"19-25","Female","Prefer not to answer","No","Prolific","8105c77bcc5d38d9b4e742f1b76de5fc","1","t-E_n-H","E","H","log",15,"15",1,"Very Certain","Different shape, Different slope"
"87f0edc79e76121f02981552451ce66d","22",13,"19-25","Female","High School or Less","Yes","Prolific","17c70f64092db27a58faa6c255efd8ba","1","t-M_n-H","M","H","log",1,"1",1,"Neutral","Different shape"
"87f0edc79e76121f02981552451ce66d","31",13,"19-25","Female","High School or Less","Yes","Prolific","914e02881a7432dc34831c5dff0477e0","2","t-H_n-M","H","M","linear",12,"8",0,"Very Certain","Different range"
"87f0edc79e76121f02981552451ce66d","12",13,"19-25","Female","High School or Less","Yes","Prolific","909f6bb4a0bbb8708bcc2d96c0b7052f","2","t-E_n-H","E","H","log",17,"17",1,"Very Certain","Different slope"
"87f0edc79e76121f02981552451ce66d","27",13,"19-25","Female","High School or Less","Yes","Prolific","b8efad9285426a191f979b32a5094198","2","t-H_n-E","H","E","linear",9,"9",1,"Very Certain","Different slope"
"87f0edc79e76121f02981552451ce66d","8",13,"19-25","Female","High School or Less","Yes","Prolific","076f2d6385d635ea49402478f7e44cab","2","t-E_n-M","E","M","log",14,"14",1,"Very Certain","Different slope"
"87f0edc79e76121f02981552451ce66d","31",13,"19-25","Female","High School or Less","Yes","Prolific","914e02881a7432dc34831c5dff0477e0","2","t-H_n-M","H","M","linear",12,"12",1,"Very Certain","Different shape, Different slope"
"87f0edc79e76121f02981552451ce66d","7",13,"19-25","Female","High School or Less","Yes","Prolific","076f2d6385d635ea49402478f7e44cab","2","t-E_n-M","E","M","linear",14,"14",1,"Certain","Different shape, Different slope"
"87f0edc79e76121f02981552451ce66d","13",13,"19-25","Female","High School or Less","Yes","Prolific","85c5c5a6ab4fdb3aaf06947e0b9d4483","1","t-M_n-E","M","E","linear",10,"11",0,"Very Certain","Different range, Different slope"
"87f0edc79e76121f02981552451ce66d","21",13,"19-25","Female","High School or Less","Yes","Prolific","17c70f64092db27a58faa6c255efd8ba","1","t-M_n-H","M","H","linear",1,"1",1,"Certain","Clustering, Different range"
"87f0edc79e76121f02981552451ce66d","7",13,"19-25","Female","High School or Less","Yes","Prolific","076f2d6385d635ea49402478f7e44cab","2","t-E_n-M","E","M","linear",14,"16",0,"Certain","Clustering, Different range, Different slope"
"87f0edc79e76121f02981552451ce66d","21",13,"19-25","Female","High School or Less","Yes","Prolific","17c70f64092db27a58faa6c255efd8ba","1","t-M_n-H","M","H","linear",1,"1",1,"Neutral","Clustering, Different shape"
"87f0edc79e76121f02981552451ce66d","5",13,"19-25","Female","High School or Less","Yes","Prolific","9f2d96ab9212ba1d26f176b00e6eeec0","1","t-E_n-M","E","M","linear",12,"19",0,"Neutral","Different range"
"87f0edc79e76121f02981552451ce66d","10",13,"19-25","Female","High School or Less","Yes","Prolific","8105c77bcc5d38d9b4e742f1b76de5fc","1","t-E_n-H","E","H","log",15,"15",1,"Very Certain","Different range, Different shape, Different slope"
"023e92c9cab7d780bbfa9eab36a370aa","22",12,"36-40","Female","Graduate Degree","Yes","Prolific","17c70f64092db27a58faa6c255efd8ba","1","t-M_n-H","M","H","log",1,"1",1,"Uncertain","Different slope"
"023e92c9cab7d780bbfa9eab36a370aa","31",12,"36-40","Female","Graduate Degree","Yes","Prolific","914e02881a7432dc34831c5dff0477e0","2","t-H_n-M","H","M","linear",12,"6",0,"Neutral","Different shape"
"023e92c9cab7d780bbfa9eab36a370aa","14",12,"36-40","Female","Graduate Degree","Yes","Prolific","85c5c5a6ab4fdb3aaf06947e0b9d4483","1","t-M_n-E","M","E","log",10,"10",1,"Neutral","Different slope"
"023e92c9cab7d780bbfa9eab36a370aa","26",12,"36-40","Female","Graduate Degree","Yes","Prolific","ee322d63db5869407801b2c6cd54c452","1","t-H_n-E","H","E","log",1,"1",1,"Certain","Different slope"
"023e92c9cab7d780bbfa9eab36a370aa","21",12,"36-40","Female","Graduate Degree","Yes","Prolific","17c70f64092db27a58faa6c255efd8ba","1","t-M_n-H","M","H","linear",1,"1",1,"Neutral","Different range"
"023e92c9cab7d780bbfa9eab36a370aa","25",12,"36-40","Female","Graduate Degree","Yes","Prolific","ee322d63db5869407801b2c6cd54c452","1","t-H_n-E","H","E","linear",1,"1",1,"Neutral","Different shape, Different slope"
"023e92c9cab7d780bbfa9eab36a370aa","9",12,"36-40","Female","Graduate Degree","Yes","Prolific","8105c77bcc5d38d9b4e742f1b76de5fc","1","t-E_n-H","E","H","linear",15,"15",1,"Neutral","Different shape, Different slope, Outlier(s)"
"023e92c9cab7d780bbfa9eab36a370aa","5",12,"36-40","Female","Graduate Degree","Yes","Prolific","9f2d96ab9212ba1d26f176b00e6eeec0","1","t-E_n-M","E","M","linear",12,"17",0,"Neutral","Outlier(s)"
"023e92c9cab7d780bbfa9eab36a370aa","30",12,"36-40","Female","Graduate Degree","Yes","Prolific","1b39b36e7a6189897f2015f191953b9d","1","t-H_n-M","H","M","log",12,"12",1,"Certain","Different shape, Different slope"
"023e92c9cab7d780bbfa9eab36a370aa","28",12,"36-40","Female","Graduate Degree","Yes","Prolific","b8efad9285426a191f979b32a5094198","2","t-H_n-E","H","E","log",9,"9",1,"Certain","Different shape, Different slope"
"023e92c9cab7d780bbfa9eab36a370aa","15",12,"36-40","Female","Graduate Degree","Yes","Prolific","07f1a227ee4ee73124d6589fada210dc","2","t-M_n-E","M","E","linear",10,"14",0,"Uncertain","Clustering"
"023e92c9cab7d780bbfa9eab36a370aa","11",12,"36-40","Female","Graduate Degree","Yes","Prolific","909f6bb4a0bbb8708bcc2d96c0b7052f","2","t-E_n-H","E","H","linear",17,"17",1,"Certain","Clustering, Different range, Different shape, Different slope, Outlier(s)"
"924c62cc84cd09d128245feecaf4790f","22",11,"19-25","Female","Some Graduate Courses","Yes","Prolific","17c70f64092db27a58faa6c255efd8ba","1","t-M_n-H","M","H","log",1,"12,3",0,"Certain","Different range"
"924c62cc84cd09d128245feecaf4790f","16",11,"19-25","Female","Some Graduate Courses","Yes","Prolific","07f1a227ee4ee73124d6589fada210dc","2","t-M_n-E","M","E","log",10,"10",1,"Certain","Different slope"
"924c62cc84cd09d128245feecaf4790f","15",11,"19-25","Female","Some Graduate Courses","Yes","Prolific","07f1a227ee4ee73124d6589fada210dc","2","t-M_n-E","M","E","linear",10,"10",1,"Certain","Different shape"
"924c62cc84cd09d128245feecaf4790f","26",11,"19-25","Female","Some Graduate Courses","Yes","Prolific","ee322d63db5869407801b2c6cd54c452","1","t-H_n-E","H","E","log",1,"1",1,"Very Certain","Different slope"
"924c62cc84cd09d128245feecaf4790f","31",11,"19-25","Female","Some Graduate Courses","Yes","Prolific","914e02881a7432dc34831c5dff0477e0","2","t-H_n-M","H","M","linear",12,"12",1,"Neutral","Other, line more like x=y"
"924c62cc84cd09d128245feecaf4790f","5",11,"19-25","Female","Some Graduate Courses","Yes","Prolific","9f2d96ab9212ba1d26f176b00e6eeec0","1","t-E_n-M","E","M","linear",12,"2",0,"Uncertain","Clustering"
"924c62cc84cd09d128245feecaf4790f","30",11,"19-25","Female","Some Graduate Courses","Yes","Prolific","1b39b36e7a6189897f2015f191953b9d","1","t-H_n-M","H","M","log",12,"10",0,"Certain","Different slope"
"924c62cc84cd09d128245feecaf4790f","13",11,"19-25","Female","Some Graduate Courses","Yes","Prolific","85c5c5a6ab4fdb3aaf06947e0b9d4483","1","t-M_n-E","M","E","linear",10,"8",0,"Certain","Clustering"
"924c62cc84cd09d128245feecaf4790f","24",11,"19-25","Female","Some Graduate Courses","Yes","Prolific","70eebf16937fb9e77a3b806afe9aa528","2","t-M_n-H","M","H","log",13,"2",0,"Certain","Different range"
"924c62cc84cd09d128245feecaf4790f","6",11,"19-25","Female","Some Graduate Courses","Yes","Prolific","9f2d96ab9212ba1d26f176b00e6eeec0","1","t-E_n-M","E","M","log",12,"6",0,"Certain","Different slope"
"924c62cc84cd09d128245feecaf4790f","10",11,"19-25","Female","Some Graduate Courses","Yes","Prolific","8105c77bcc5d38d9b4e742f1b76de5fc","1","t-E_n-H","E","H","log",15,"15",1,"Very Certain","Different slope"
"1073f1718534f414361b8acf04a707bd","15",11,"26-30","Female","Graduate Degree","Yes","Prolific","07f1a227ee4ee73124d6589fada210dc","2","t-M_n-E","M","E","linear",10,"14",0,"Certain","Different shape"
"1073f1718534f414361b8acf04a707bd","25",11,"26-30","Female","Graduate Degree","Yes","Prolific","ee322d63db5869407801b2c6cd54c452","1","t-H_n-E","H","E","linear",1,"1",1,"Certain","Different range"
"1073f1718534f414361b8acf04a707bd","24",11,"26-30","Female","Graduate Degree","Yes","Prolific","70eebf16937fb9e77a3b806afe9aa528","2","t-M_n-H","M","H","log",13,"9",0,"Certain","Clustering"
"1073f1718534f414361b8acf04a707bd","26",11,"26-30","Female","Graduate Degree","Yes","Prolific","ee322d63db5869407801b2c6cd54c452","1","t-H_n-E","H","E","log",1,"1",1,"Certain","Different slope"
"1073f1718534f414361b8acf04a707bd","25",11,"26-30","Female","Graduate Degree","Yes","Prolific","ee322d63db5869407801b2c6cd54c452","1","t-H_n-E","H","E","linear",1,"1",1,"Neutral","Different range, Different slope"
"1073f1718534f414361b8acf04a707bd","8",11,"26-30","Female","Graduate Degree","Yes","Prolific","076f2d6385d635ea49402478f7e44cab","2","t-E_n-M","E","M","log",14,"14",1,"Certain","Different shape"
"1073f1718534f414361b8acf04a707bd","14",11,"26-30","Female","Graduate Degree","Yes","Prolific","85c5c5a6ab4fdb3aaf06947e0b9d4483","1","t-M_n-E","M","E","log",10,"8",0,"Neutral","Clustering"
"1073f1718534f414361b8acf04a707bd","10",11,"26-30","Female","Graduate Degree","Yes","Prolific","8105c77bcc5d38d9b4e742f1b76de5fc","1","t-E_n-H","E","H","log",15,"15",1,"Certain","Different shape"
"1073f1718534f414361b8acf04a707bd","28",11,"26-30","Female","Graduate Degree","Yes","Prolific","b8efad9285426a191f979b32a5094198","2","t-H_n-E","H","E","log",9,"9",1,"Certain","Different slope"
"1073f1718534f414361b8acf04a707bd","12",11,"26-30","Female","Graduate Degree","Yes","Prolific","909f6bb4a0bbb8708bcc2d96c0b7052f","2","t-E_n-H","E","H","log",17,"17",1,"Very Certain","Different shape, Different slope"
"1073f1718534f414361b8acf04a707bd","27",11,"26-30","Female","Graduate Degree","Yes","Prolific","b8efad9285426a191f979b32a5094198","2","t-H_n-E","H","E","linear",9,"5",0,"Certain","Different range"
"303feff3aa8f682d0f7ea0b3978f14f9","15",12,"26-30","Male","Graduate Degree","Yes","Prolific","07f1a227ee4ee73124d6589fada210dc","2","t-M_n-E","M","E","linear",10,"14,20,18,11",0,"Neutral","Different range, Different shape, Outlier(s)"
"303feff3aa8f682d0f7ea0b3978f14f9","31",12,"26-30","Male","Graduate Degree","Yes","Prolific","914e02881a7432dc34831c5dff0477e0","2","t-H_n-M","H","M","linear",12,"5,20,9,7,6",0,"Neutral","Different shape, Outlier(s)"
"303feff3aa8f682d0f7ea0b3978f14f9","23",12,"26-30","Male","Graduate Degree","Yes","Prolific","70eebf16937fb9e77a3b806afe9aa528","2","t-M_n-H","M","H","linear",13,"16",0,"Certain","Different slope"
"303feff3aa8f682d0f7ea0b3978f14f9","29",12,"26-30","Male","Graduate Degree","Yes","Prolific","1b39b36e7a6189897f2015f191953b9d","1","t-H_n-M","H","M","linear",12,"14,19",0,"Neutral","Different range, Different slope"
"303feff3aa8f682d0f7ea0b3978f14f9","25",12,"26-30","Male","Graduate Degree","Yes","Prolific","ee322d63db5869407801b2c6cd54c452","1","t-H_n-E","H","E","linear",1,"6,20",0,"Very Certain","Outlier(s)"
"303feff3aa8f682d0f7ea0b3978f14f9","14",12,"26-30","Male","Graduate Degree","Yes","Prolific","85c5c5a6ab4fdb3aaf06947e0b9d4483","1","t-M_n-E","M","E","log",10,"1,8",0,"Very Uncertain","Different shape"
"303feff3aa8f682d0f7ea0b3978f14f9","14",12,"26-30","Male","Graduate Degree","Yes","Prolific","85c5c5a6ab4fdb3aaf06947e0b9d4483","1","t-M_n-E","M","E","log",10,"19,4,2",0,"Certain","Outlier(s)"
"303feff3aa8f682d0f7ea0b3978f14f9","12",12,"26-30","Male","Graduate Degree","Yes","Prolific","909f6bb4a0bbb8708bcc2d96c0b7052f","2","t-E_n-H","E","H","log",17,"6",0,"Neutral","Different slope"
"303feff3aa8f682d0f7ea0b3978f14f9","11",12,"26-30","Male","Graduate Degree","Yes","Prolific","909f6bb4a0bbb8708bcc2d96c0b7052f","2","t-E_n-H","E","H","linear",17,"2,15,18",0,"Neutral","Different slope"
"303feff3aa8f682d0f7ea0b3978f14f9","7",12,"26-30","Male","Graduate Degree","Yes","Prolific","076f2d6385d635ea49402478f7e44cab","2","t-E_n-M","E","M","linear",14,"4,8,13,9,14",1,"Neutral","Clustering, Different shape, Outlier(s)"
"303feff3aa8f682d0f7ea0b3978f14f9","12",12,"26-30","Male","Graduate Degree","Yes","Prolific","909f6bb4a0bbb8708bcc2d96c0b7052f","2","t-E_n-H","E","H","log",17,"17",1,"Neutral","Different range"
"303feff3aa8f682d0f7ea0b3978f14f9","15",12,"26-30","Male","Graduate Degree","Yes","Prolific","07f1a227ee4ee73124d6589fada210dc","2","t-M_n-E","M","E","linear",10,"2,6,14",0,"Neutral","Different shape"
"1e5955c53388e99d98e752f9e941649d","15",13,"19-25","Male","Undergraduate Degree","Yes","Prolific","07f1a227ee4ee73124d6589fada210dc","2","t-M_n-E","M","E","linear",10,"14,15,4,3",0,"Neutral","Different range, Different shape"
"1e5955c53388e99d98e752f9e941649d","11",13,"19-25","Male","Undergraduate Degree","Yes","Prolific","909f6bb4a0bbb8708bcc2d96c0b7052f","2","t-E_n-H","E","H","linear",17,"17",1,"Certain","Different range, Different shape"
"1e5955c53388e99d98e752f9e941649d","14",13,"19-25","Male","Undergraduate Degree","Yes","Prolific","85c5c5a6ab4fdb3aaf06947e0b9d4483","1","t-M_n-E","M","E","log",10,"18,10,1",1,"Uncertain","Outlier(s)"
"1e5955c53388e99d98e752f9e941649d","26",13,"19-25","Male","Undergraduate Degree","Yes","Prolific","ee322d63db5869407801b2c6cd54c452","1","t-H_n-E","H","E","log",1,"3,6,15",0,"Neutral","Different range, Different shape"
"1e5955c53388e99d98e752f9e941649d","29",13,"19-25","Male","Undergraduate Degree","Yes","Prolific","1b39b36e7a6189897f2015f191953b9d","1","t-H_n-M","H","M","linear",12,"5,9",0,"Certain","Different range, Different shape, Outlier(s)"
"1e5955c53388e99d98e752f9e941649d","25",13,"19-25","Male","Undergraduate Degree","Yes","Prolific","ee322d63db5869407801b2c6cd54c452","1","t-H_n-E","H","E","linear",1,"3,19",0,"Neutral","Different range, Different shape"
"1e5955c53388e99d98e752f9e941649d","14",13,"19-25","Male","Undergraduate Degree","Yes","Prolific","85c5c5a6ab4fdb3aaf06947e0b9d4483","1","t-M_n-E","M","E","log",10,"1,10,11,18",1,"Neutral","Clustering, Different range, Different shape"
"1e5955c53388e99d98e752f9e941649d","30",13,"19-25","Male","Undergraduate Degree","Yes","Prolific","1b39b36e7a6189897f2015f191953b9d","1","t-H_n-M","H","M","log",12,"5,14",0,"Neutral","Different range, Different shape"
"1e5955c53388e99d98e752f9e941649d","13",13,"19-25","Male","Undergraduate Degree","Yes","Prolific","85c5c5a6ab4fdb3aaf06947e0b9d4483","1","t-M_n-E","M","E","linear",10,"1,13,19",0,"Neutral","Different range"
"1e5955c53388e99d98e752f9e941649d","26",13,"19-25","Male","Undergraduate Degree","Yes","Prolific","ee322d63db5869407801b2c6cd54c452","1","t-H_n-E","H","E","log",1,"1,6",1,"Neutral","Different range, Different shape"
"1e5955c53388e99d98e752f9e941649d","12",13,"19-25","Male","Undergraduate Degree","Yes","Prolific","909f6bb4a0bbb8708bcc2d96c0b7052f","2","t-E_n-H","E","H","log",17,"17",1,"Very Certain","Clustering, Different shape, Different slope"
"1e5955c53388e99d98e752f9e941649d","27",13,"19-25","Male","Undergraduate Degree","Yes","Prolific","b8efad9285426a191f979b32a5094198","2","t-H_n-E","H","E","linear",9,"9",1,"Certain","Different range, Different shape"
"1e5955c53388e99d98e752f9e941649d","23",13,"19-25","Male","Undergraduate Degree","Yes","Prolific","70eebf16937fb9e77a3b806afe9aa528","2","t-M_n-H","M","H","linear",13,"16,13",1,"Certain","Clustering, Different range"
"619a0c0e4cdeb0de78ba767f78e7d677","22",13,"19-25","Male","High School or Less","Yes","Prolific","17c70f64092db27a58faa6c255efd8ba","1","t-M_n-H","M","H","log",1,"1",1,"Uncertain","Different shape"
"619a0c0e4cdeb0de78ba767f78e7d677","32",13,"19-25","Male","High School or Less","Yes","Prolific","914e02881a7432dc34831c5dff0477e0","2","t-H_n-M","H","M","log",12,"8",0,"Very Uncertain","Different range"
"619a0c0e4cdeb0de78ba767f78e7d677","16",13,"19-25","Male","High School or Less","Yes","Prolific","07f1a227ee4ee73124d6589fada210dc","2","t-M_n-E","M","E","log",10,"13",0,"Uncertain","Different slope"
"619a0c0e4cdeb0de78ba767f78e7d677","15",13,"19-25","Male","High School or Less","Yes","Prolific","07f1a227ee4ee73124d6589fada210dc","2","t-M_n-E","M","E","linear",10,"8",0,"Uncertain","Clustering"
"619a0c0e4cdeb0de78ba767f78e7d677","7",13,"19-25","Male","High School or Less","Yes","Prolific","076f2d6385d635ea49402478f7e44cab","2","t-E_n-M","E","M","linear",14,"18",0,"Neutral","Clustering"
"619a0c0e4cdeb0de78ba767f78e7d677","9",13,"19-25","Male","High School or Less","Yes","Prolific","8105c77bcc5d38d9b4e742f1b76de5fc","1","t-E_n-H","E","H","linear",15,"15",1,"Uncertain","Clustering"
"619a0c0e4cdeb0de78ba767f78e7d677","9",13,"19-25","Male","High School or Less","Yes","Prolific","8105c77bcc5d38d9b4e742f1b76de5fc","1","t-E_n-H","E","H","linear",15,"15",1,"Uncertain","Clustering, Different shape"
"619a0c0e4cdeb0de78ba767f78e7d677","5",13,"19-25","Male","High School or Less","Yes","Prolific","9f2d96ab9212ba1d26f176b00e6eeec0","1","t-E_n-M","E","M","linear",12,"14",0,"Uncertain","Different shape"
"619a0c0e4cdeb0de78ba767f78e7d677","30",13,"19-25","Male","High School or Less","Yes","Prolific","1b39b36e7a6189897f2015f191953b9d","1","t-H_n-M","H","M","log",12,"12",1,"Certain","Different shape"
"619a0c0e4cdeb0de78ba767f78e7d677","13",13,"19-25","Male","High School or Less","Yes","Prolific","85c5c5a6ab4fdb3aaf06947e0b9d4483","1","t-M_n-E","M","E","linear",10,"11",0,"Uncertain","Different slope"
"619a0c0e4cdeb0de78ba767f78e7d677","24",13,"19-25","Male","High School or Less","Yes","Prolific","70eebf16937fb9e77a3b806afe9aa528","2","t-M_n-H","M","H","log",13,"13",1,"Uncertain","Different shape"
"619a0c0e4cdeb0de78ba767f78e7d677","6",13,"19-25","Male","High School or Less","Yes","Prolific","9f2d96ab9212ba1d26f176b00e6eeec0","1","t-E_n-M","E","M","log",12,"12",1,"Uncertain","Different shape"
"619a0c0e4cdeb0de78ba767f78e7d677","10",13,"19-25","Male","High School or Less","Yes","Prolific","8105c77bcc5d38d9b4e742f1b76de5fc","1","t-E_n-H","E","H","log",15,"15",1,"Certain","Different shape"
"909a35d16a563cd2df6ad923e1cb457d","22",12,"19-25","Male","Some Undergraduate Courses","Yes","Prolific","17c70f64092db27a58faa6c255efd8ba","1","t-M_n-H","M","H","log",1,"1",1,"Very Certain","Different shape"
"909a35d16a563cd2df6ad923e1cb457d","31",12,"19-25","Male","Some Undergraduate Courses","Yes","Prolific","914e02881a7432dc34831c5dff0477e0","2","t-H_n-M","H","M","linear",12,"12",1,"Very Certain","Different slope"
"909a35d16a563cd2df6ad923e1cb457d","12",12,"19-25","Male","Some Undergraduate Courses","Yes","Prolific","909f6bb4a0bbb8708bcc2d96c0b7052f","2","t-E_n-H","E","H","log",17,"17",1,"Very Certain","Different shape"
"909a35d16a563cd2df6ad923e1cb457d","27",12,"19-25","Male","Some Undergraduate Courses","Yes","Prolific","b8efad9285426a191f979b32a5094198","2","t-H_n-E","H","E","linear",9,"9",1,"Certain","Different slope"
"909a35d16a563cd2df6ad923e1cb457d","22",12,"19-25","Male","Some Undergraduate Courses","Yes","Prolific","17c70f64092db27a58faa6c255efd8ba","1","t-M_n-H","M","H","log",1,"1",1,"Very Certain","Different shape"
"909a35d16a563cd2df6ad923e1cb457d","31",12,"19-25","Male","Some Undergraduate Courses","Yes","Prolific","914e02881a7432dc34831c5dff0477e0","2","t-H_n-M","H","M","linear",12,"8",0,"Certain","Different range, Different slope"
"909a35d16a563cd2df6ad923e1cb457d","22",12,"19-25","Male","Some Undergraduate Courses","Yes","Prolific","17c70f64092db27a58faa6c255efd8ba","1","t-M_n-H","M","H","log",1,"3",0,"Neutral","Different range"
"909a35d16a563cd2df6ad923e1cb457d","11",12,"19-25","Male","Some Undergraduate Courses","Yes","Prolific","909f6bb4a0bbb8708bcc2d96c0b7052f","2","t-E_n-H","E","H","linear",17,"17",1,"Very Certain","Different shape, Different slope, Outlier(s)"
"909a35d16a563cd2df6ad923e1cb457d","32",12,"19-25","Male","Some Undergraduate Courses","Yes","Prolific","914e02881a7432dc34831c5dff0477e0","2","t-H_n-M","H","M","log",12,"12",1,"Certain","Different slope"
"909a35d16a563cd2df6ad923e1cb457d","16",12,"19-25","Male","Some Undergraduate Courses","Yes","Prolific","07f1a227ee4ee73124d6589fada210dc","2","t-M_n-E","M","E","log",10,"10",1,"Certain","Different shape, Different slope"
"909a35d16a563cd2df6ad923e1cb457d","6",12,"19-25","Male","Some Undergraduate Courses","Yes","Prolific","9f2d96ab9212ba1d26f176b00e6eeec0","1","t-E_n-M","E","M","log",12,"12",1,"Neutral","Different shape, Different slope"
"909a35d16a563cd2df6ad923e1cb457d","10",12,"19-25","Male","Some Undergraduate Courses","Yes","Prolific","8105c77bcc5d38d9b4e742f1b76de5fc","1","t-E_n-H","E","H","log",15,"15",1,"Very Certain","Different shape, Different slope"
"fe6cfb397a1f2ace64d5aede1f15fcc8","15",12,"19-25","Male","Graduate Degree","Yes","Prolific","07f1a227ee4ee73124d6589fada210dc","2","t-M_n-E","M","E","linear",10,"12,14",0,"Certain","Clustering"
"fe6cfb397a1f2ace64d5aede1f15fcc8","12",12,"19-25","Male","Graduate Degree","Yes","Prolific","909f6bb4a0bbb8708bcc2d96c0b7052f","2","t-E_n-H","E","H","log",17,"19",0,"Very Certain","Different shape"
"fe6cfb397a1f2ace64d5aede1f15fcc8","32",12,"19-25","Male","Graduate Degree","Yes","Prolific","914e02881a7432dc34831c5dff0477e0","2","t-H_n-M","H","M","log",12,"19",0,"Certain","Different range"
"fe6cfb397a1f2ace64d5aede1f15fcc8","22",12,"19-25","Male","Graduate Degree","Yes","Prolific","17c70f64092db27a58faa6c255efd8ba","1","t-M_n-H","M","H","log",1,"13",0,"Very Certain","Different slope"
"fe6cfb397a1f2ace64d5aede1f15fcc8","31",12,"19-25","Male","Graduate Degree","Yes","Prolific","914e02881a7432dc34831c5dff0477e0","2","t-H_n-M","H","M","linear",12,"3",0,"Certain","Different range, Different slope"
"fe6cfb397a1f2ace64d5aede1f15fcc8","7",12,"19-25","Male","Graduate Degree","Yes","Prolific","076f2d6385d635ea49402478f7e44cab","2","t-E_n-M","E","M","linear",14,"14",1,"Certain","Different range, Different slope"
"fe6cfb397a1f2ace64d5aede1f15fcc8","21",12,"19-25","Male","Graduate Degree","Yes","Prolific","17c70f64092db27a58faa6c255efd8ba","1","t-M_n-H","M","H","linear",1,"7,20",0,"Neutral","Clustering"
"fe6cfb397a1f2ace64d5aede1f15fcc8","21",12,"19-25","Male","Graduate Degree","Yes","Prolific","17c70f64092db27a58faa6c255efd8ba","1","t-M_n-H","M","H","linear",1,"20,13",0,"Very Certain","Clustering"
"fe6cfb397a1f2ace64d5aede1f15fcc8","7",12,"19-25","Male","Graduate Degree","Yes","Prolific","076f2d6385d635ea49402478f7e44cab","2","t-E_n-M","E","M","linear",14,"10",0,"Certain","Different range"
"fe6cfb397a1f2ace64d5aede1f15fcc8","28",12,"19-25","Male","Graduate Degree","Yes","Prolific","b8efad9285426a191f979b32a5094198","2","t-H_n-E","H","E","log",9,"10",0,"Very Certain","Different shape, Different slope"
"fe6cfb397a1f2ace64d5aede1f15fcc8","31",12,"19-25","Male","Graduate Degree","Yes","Prolific","914e02881a7432dc34831c5dff0477e0","2","t-H_n-M","H","M","linear",12,"3",0,"Very Certain","Clustering, Different range"
"fe6cfb397a1f2ace64d5aede1f15fcc8","25",12,"19-25","Male","Graduate Degree","Yes","Prolific","ee322d63db5869407801b2c6cd54c452","1","t-H_n-E","H","E","linear",1,"1",1,"Very Certain","Different range, Different slope"
"e22c2ebf2d2734f9078b69c6f86b830a","24",12,"19-25","Female","Undergraduate Degree","No","Prolific","70eebf16937fb9e77a3b806afe9aa528","2","t-M_n-H","M","H","log",13,"2",0,"Certain","Clustering"
"e22c2ebf2d2734f9078b69c6f86b830a","31",12,"19-25","Female","Undergraduate Degree","No","Prolific","914e02881a7432dc34831c5dff0477e0","2","t-H_n-M","H","M","linear",12,"3",0,"Certain","Outlier(s)"
"e22c2ebf2d2734f9078b69c6f86b830a","23",12,"19-25","Female","Undergraduate Degree","No","Prolific","70eebf16937fb9e77a3b806afe9aa528","2","t-M_n-H","M","H","linear",13,"13",1,"Very Certain","Different shape"
"e22c2ebf2d2734f9078b69c6f86b830a","29",12,"19-25","Female","Undergraduate Degree","No","Prolific","1b39b36e7a6189897f2015f191953b9d","1","t-H_n-M","H","M","linear",12,"1",0,"Uncertain","Different range"
"e22c2ebf2d2734f9078b69c6f86b830a","5",12,"19-25","Female","Undergraduate Degree","No","Prolific","9f2d96ab9212ba1d26f176b00e6eeec0","1","t-E_n-M","E","M","linear",12,"10",0,"Uncertain","Clustering"
"e22c2ebf2d2734f9078b69c6f86b830a","32",12,"19-25","Female","Undergraduate Degree","No","Prolific","914e02881a7432dc34831c5dff0477e0","2","t-H_n-M","H","M","log",12,"12",1,"Certain","Different range"
"e22c2ebf2d2734f9078b69c6f86b830a","25",12,"19-25","Female","Undergraduate Degree","No","Prolific","ee322d63db5869407801b2c6cd54c452","1","t-H_n-E","H","E","linear",1,"1",1,"Very Certain","Different shape"
"e22c2ebf2d2734f9078b69c6f86b830a","15",12,"19-25","Female","Undergraduate Degree","No","Prolific","07f1a227ee4ee73124d6589fada210dc","2","t-M_n-E","M","E","linear",10,"2",0,"Certain","Different range"
"e22c2ebf2d2734f9078b69c6f86b830a","32",12,"19-25","Female","Undergraduate Degree","No","Prolific","914e02881a7432dc34831c5dff0477e0","2","t-H_n-M","H","M","log",12,"19",0,"Certain","Outlier(s)"
"e22c2ebf2d2734f9078b69c6f86b830a","23",12,"19-25","Female","Undergraduate Degree","No","Prolific","70eebf16937fb9e77a3b806afe9aa528","2","t-M_n-H","M","H","linear",13,"13",1,"Certain","Different slope"
"e22c2ebf2d2734f9078b69c6f86b830a","25",12,"19-25","Female","Undergraduate Degree","No","Prolific","ee322d63db5869407801b2c6cd54c452","1","t-H_n-E","H","E","linear",1,"19",0,"Certain","Different shape"
"e22c2ebf2d2734f9078b69c6f86b830a","25",12,"19-25","Female","Undergraduate Degree","No","Prolific","ee322d63db5869407801b2c6cd54c452","1","t-H_n-E","H","E","linear",1,"1",1,"Certain","Different shape, Different slope"
"98e4d04ba46bf95d8e2f7c4184b72468","22",13,"19-25","Female","Graduate Degree","No","Prolific","17c70f64092db27a58faa6c255efd8ba","1","t-M_n-H","M","H","log",1,"4,8,11,18",0,"Neutral","Clustering, Different shape"
"98e4d04ba46bf95d8e2f7c4184b72468","31",13,"19-25","Female","Graduate Degree","No","Prolific","914e02881a7432dc34831c5dff0477e0","2","t-H_n-M","H","M","linear",12,"4,6,13,19",0,"Neutral","Clustering, Different range"
"98e4d04ba46bf95d8e2f7c4184b72468","16",13,"19-25","Female","Graduate Degree","No","Prolific","07f1a227ee4ee73124d6589fada210dc","2","t-M_n-E","M","E","log",10,"2,8,14,17",0,"Neutral","Clustering, Different shape"
"98e4d04ba46bf95d8e2f7c4184b72468","15",13,"19-25","Female","Graduate Degree","No","Prolific","07f1a227ee4ee73124d6589fada210dc","2","t-M_n-E","M","E","linear",10,"2,6,14,18",0,"Certain","Clustering, Different slope"
"98e4d04ba46bf95d8e2f7c4184b72468","26",13,"19-25","Female","Graduate Degree","No","Prolific","ee322d63db5869407801b2c6cd54c452","1","t-H_n-E","H","E","log",1,"1,6,13,18",1,"Certain","Clustering, Different shape, Outlier(s)"
"98e4d04ba46bf95d8e2f7c4184b72468","12",13,"19-25","Female","Graduate Degree","No","Prolific","909f6bb4a0bbb8708bcc2d96c0b7052f","2","t-E_n-H","E","H","log",17,"1,7,14,17",1,"Neutral","Clustering, Different range"
"98e4d04ba46bf95d8e2f7c4184b72468","8",13,"19-25","Female","Graduate Degree","No","Prolific","076f2d6385d635ea49402478f7e44cab","2","t-E_n-M","E","M","log",14,"3,6,14,19",1,"Certain","Clustering, Different slope"
"98e4d04ba46bf95d8e2f7c4184b72468","32",13,"19-25","Female","Graduate Degree","No","Prolific","914e02881a7432dc34831c5dff0477e0","2","t-H_n-M","H","M","log",12,"3,8,11,16",0,"Certain","Clustering, Different shape, Different slope"
"98e4d04ba46bf95d8e2f7c4184b72468","15",13,"19-25","Female","Graduate Degree","No","Prolific","07f1a227ee4ee73124d6589fada210dc","2","t-M_n-E","M","E","linear",10,"1,2,7,14,16",0,"Neutral","Clustering, Different range, Different slope"
"98e4d04ba46bf95d8e2f7c4184b72468","13",13,"19-25","Female","Graduate Degree","No","Prolific","85c5c5a6ab4fdb3aaf06947e0b9d4483","1","t-M_n-E","M","E","linear",10,"5,8,14,18",0,"Neutral","Clustering, Different shape"
"98e4d04ba46bf95d8e2f7c4184b72468","24",13,"19-25","Female","Graduate Degree","No","Prolific","70eebf16937fb9e77a3b806afe9aa528","2","t-M_n-H","M","H","log",13,"3,9,13,17",1,"Neutral","Different range, Different shape, Different slope"
"98e4d04ba46bf95d8e2f7c4184b72468","6",13,"19-25","Female","Graduate Degree","No","Prolific","9f2d96ab9212ba1d26f176b00e6eeec0","1","t-E_n-M","E","M","log",12,"4,8,12,19",1,"Neutral","Clustering, Different shape, Different slope"
"98e4d04ba46bf95d8e2f7c4184b72468","10",13,"19-25","Female","Graduate Degree","No","Prolific","8105c77bcc5d38d9b4e742f1b76de5fc","1","t-E_n-H","E","H","log",15,"2,8,11,20",0,"Certain","Different range, Different slope"
"9bf3ab12c69ef88e444d41cdc2a8b43f","22",13,"19-25","Male","Undergraduate Degree","Yes","Prolific","17c70f64092db27a58faa6c255efd8ba","1","t-M_n-H","M","H","log",1,"1",1,"Certain","Different shape, Different slope"
"9bf3ab12c69ef88e444d41cdc2a8b43f","11",13,"19-25","Male","Undergraduate Degree","Yes","Prolific","909f6bb4a0bbb8708bcc2d96c0b7052f","2","t-E_n-H","E","H","linear",17,"17",1,"Certain","Different range, Different slope"
"9bf3ab12c69ef88e444d41cdc2a8b43f","14",13,"19-25","Male","Undergraduate Degree","Yes","Prolific","85c5c5a6ab4fdb3aaf06947e0b9d4483","1","t-M_n-E","M","E","log",10,"10",1,"Certain","Different shape, Different slope"
"9bf3ab12c69ef88e444d41cdc2a8b43f","13",13,"19-25","Male","Undergraduate Degree","Yes","Prolific","85c5c5a6ab4fdb3aaf06947e0b9d4483","1","t-M_n-E","M","E","linear",10,"11",0,"Neutral","Different range"
"9bf3ab12c69ef88e444d41cdc2a8b43f","21",13,"19-25","Male","Undergraduate Degree","Yes","Prolific","17c70f64092db27a58faa6c255efd8ba","1","t-M_n-H","M","H","linear",1,"1",1,"Neutral","Clustering, Different shape"
"9bf3ab12c69ef88e444d41cdc2a8b43f","25",13,"19-25","Male","Undergraduate Degree","Yes","Prolific","ee322d63db5869407801b2c6cd54c452","1","t-H_n-E","H","E","linear",1,"19",0,"Neutral","Outlier(s)"
"9bf3ab12c69ef88e444d41cdc2a8b43f","9",13,"19-25","Male","Undergraduate Degree","Yes","Prolific","8105c77bcc5d38d9b4e742f1b76de5fc","1","t-E_n-H","E","H","linear",15,"15",1,"Certain","Outlier(s)"
"9bf3ab12c69ef88e444d41cdc2a8b43f","5",13,"19-25","Male","Undergraduate Degree","Yes","Prolific","9f2d96ab9212ba1d26f176b00e6eeec0","1","t-E_n-M","E","M","linear",12,"10",0,"Uncertain","Clustering"
"9bf3ab12c69ef88e444d41cdc2a8b43f","30",13,"19-25","Male","Undergraduate Degree","Yes","Prolific","1b39b36e7a6189897f2015f191953b9d","1","t-H_n-M","H","M","log",12,"5",0,"Very Uncertain","Outlier(s)"
"9bf3ab12c69ef88e444d41cdc2a8b43f","13",13,"19-25","Male","Undergraduate Degree","Yes","Prolific","85c5c5a6ab4fdb3aaf06947e0b9d4483","1","t-M_n-E","M","E","linear",10,"19",0,"Neutral","Different range, Different slope"
"9bf3ab12c69ef88e444d41cdc2a8b43f","24",13,"19-25","Male","Undergraduate Degree","Yes","Prolific","70eebf16937fb9e77a3b806afe9aa528","2","t-M_n-H","M","H","log",13,"13",1,"Neutral","Different shape, Different slope"
"9bf3ab12c69ef88e444d41cdc2a8b43f","5",13,"19-25","Male","Undergraduate Degree","Yes","Prolific","9f2d96ab9212ba1d26f176b00e6eeec0","1","t-E_n-M","E","M","linear",12,"16",0,"Uncertain","Clustering"
"9bf3ab12c69ef88e444d41cdc2a8b43f","32",13,"19-25","Male","Undergraduate Degree","Yes","Prolific","914e02881a7432dc34831c5dff0477e0","2","t-H_n-M","H","M","log",12,"20",0,"Uncertain","Clustering"
"cc78b65cd622b4161cf8f40b42f75cb5","22",12,"19-25","Male","Graduate Degree","Yes","Prolific","17c70f64092db27a58faa6c255efd8ba","1","t-M_n-H","M","H","log",1,"20",0,"Certain","Clustering"
"cc78b65cd622b4161cf8f40b42f75cb5","14",12,"19-25","Male","Graduate Degree","Yes","Prolific","85c5c5a6ab4fdb3aaf06947e0b9d4483","1","t-M_n-E","M","E","log",10,"14",0,"Very Certain","Different range"
"cc78b65cd622b4161cf8f40b42f75cb5","7",12,"19-25","Male","Graduate Degree","Yes","Prolific","076f2d6385d635ea49402478f7e44cab","2","t-E_n-M","E","M","linear",14,"14",1,"Very Certain","Clustering"
"cc78b65cd622b4161cf8f40b42f75cb5","22",12,"19-25","Male","Graduate Degree","Yes","Prolific","17c70f64092db27a58faa6c255efd8ba","1","t-M_n-H","M","H","log",1,"10",0,"Certain","Different range"
"cc78b65cd622b4161cf8f40b42f75cb5","25",12,"19-25","Male","Graduate Degree","Yes","Prolific","ee322d63db5869407801b2c6cd54c452","1","t-H_n-E","H","E","linear",1,"15",0,"Certain","Clustering"
"cc78b65cd622b4161cf8f40b42f75cb5","8",12,"19-25","Male","Graduate Degree","Yes","Prolific","076f2d6385d635ea49402478f7e44cab","2","t-E_n-M","E","M","log",14,"14",1,"Certain","Different range"
"cc78b65cd622b4161cf8f40b42f75cb5","32",12,"19-25","Male","Graduate Degree","Yes","Prolific","914e02881a7432dc34831c5dff0477e0","2","t-H_n-M","H","M","log",12,"3",0,"Neutral","Different shape"
"cc78b65cd622b4161cf8f40b42f75cb5","15",12,"19-25","Male","Graduate Degree","Yes","Prolific","07f1a227ee4ee73124d6589fada210dc","2","t-M_n-E","M","E","linear",10,"15",0,"Very Certain","Clustering, Different range"
"cc78b65cd622b4161cf8f40b42f75cb5","13",12,"19-25","Male","Graduate Degree","Yes","Prolific","85c5c5a6ab4fdb3aaf06947e0b9d4483","1","t-M_n-E","M","E","linear",10,"14",0,"Certain","Different range"
"cc78b65cd622b4161cf8f40b42f75cb5","24",12,"19-25","Male","Graduate Degree","Yes","Prolific","70eebf16937fb9e77a3b806afe9aa528","2","t-M_n-H","M","H","log",13,"16",0,"Certain","Different range"
"cc78b65cd622b4161cf8f40b42f75cb5","6",12,"19-25","Male","Graduate Degree","Yes","Prolific","9f2d96ab9212ba1d26f176b00e6eeec0","1","t-E_n-M","E","M","log",12,"17",0,"Neutral","Different range"
"cc78b65cd622b4161cf8f40b42f75cb5","10",12,"19-25","Male","Graduate Degree","Yes","Prolific","8105c77bcc5d38d9b4e742f1b76de5fc","1","t-E_n-H","E","H","log",15,"19",0,"Certain","Different range"
"599f3c7c34cd80792e91818b9e8e802c","22",12,"31-35","Female","Prefer not to answer","Yes","Prolific","17c70f64092db27a58faa6c255efd8ba","1","t-M_n-H","M","H","log",1,"10",0,"Uncertain","Clustering"
"599f3c7c34cd80792e91818b9e8e802c","32",12,"31-35","Female","Prefer not to answer","Yes","Prolific","914e02881a7432dc34831c5dff0477e0","2","t-H_n-M","H","M","log",12,"12",1,"Neutral","Different slope"
"599f3c7c34cd80792e91818b9e8e802c","16",12,"31-35","Female","Prefer not to answer","Yes","Prolific","07f1a227ee4ee73124d6589fada210dc","2","t-M_n-E","M","E","log",10,"10",1,"Certain","Different shape"
"599f3c7c34cd80792e91818b9e8e802c","21",12,"31-35","Female","Prefer not to answer","Yes","Prolific","17c70f64092db27a58faa6c255efd8ba","1","t-M_n-H","M","H","linear",1,"1",1,"Certain","Different shape"
"599f3c7c34cd80792e91818b9e8e802c","9",12,"31-35","Female","Prefer not to answer","Yes","Prolific","8105c77bcc5d38d9b4e742f1b76de5fc","1","t-E_n-H","E","H","linear",15,"15",1,"Certain","Different slope"
"599f3c7c34cd80792e91818b9e8e802c","9",12,"31-35","Female","Prefer not to answer","Yes","Prolific","8105c77bcc5d38d9b4e742f1b76de5fc","1","t-E_n-H","E","H","linear",15,"15",1,"Certain","Different shape"
"599f3c7c34cd80792e91818b9e8e802c","5",12,"31-35","Female","Prefer not to answer","Yes","Prolific","9f2d96ab9212ba1d26f176b00e6eeec0","1","t-E_n-M","E","M","linear",12,"1",0,"Uncertain","Different range"
"599f3c7c34cd80792e91818b9e8e802c","30",12,"31-35","Female","Prefer not to answer","Yes","Prolific","1b39b36e7a6189897f2015f191953b9d","1","t-H_n-M","H","M","log",12,"12",1,"Certain","Different slope"
"599f3c7c34cd80792e91818b9e8e802c","13",12,"31-35","Female","Prefer not to answer","Yes","Prolific","85c5c5a6ab4fdb3aaf06947e0b9d4483","1","t-M_n-E","M","E","linear",10,"11",0,"Certain","Different range"
"599f3c7c34cd80792e91818b9e8e802c","24",12,"31-35","Female","Prefer not to answer","Yes","Prolific","70eebf16937fb9e77a3b806afe9aa528","2","t-M_n-H","M","H","log",13,"13",1,"Certain","Different shape"
"599f3c7c34cd80792e91818b9e8e802c","6",12,"31-35","Female","Prefer not to answer","Yes","Prolific","9f2d96ab9212ba1d26f176b00e6eeec0","1","t-E_n-M","E","M","log",12,"12",1,"Certain","Different slope"
"599f3c7c34cd80792e91818b9e8e802c","10",12,"31-35","Female","Prefer not to answer","Yes","Prolific","8105c77bcc5d38d9b4e742f1b76de5fc","1","t-E_n-H","E","H","log",15,"15",1,"Certain","Different slope"
"1aef11466b07f5f983796c00956b8565","13",13,"19-25","Male","Undergraduate Degree","Yes","Prolific","85c5c5a6ab4fdb3aaf06947e0b9d4483","1","t-M_n-E","M","E","linear",10,"19,11,13",0,"Certain","Clustering, Different shape, Different slope"
"1aef11466b07f5f983796c00956b8565","26",13,"19-25","Male","Undergraduate Degree","Yes","Prolific","ee322d63db5869407801b2c6cd54c452","1","t-H_n-E","H","E","log",1,"1",1,"Very Certain","Different slope"
"1aef11466b07f5f983796c00956b8565","25",13,"19-25","Male","Undergraduate Degree","Yes","Prolific","ee322d63db5869407801b2c6cd54c452","1","t-H_n-E","H","E","linear",1,"1",1,"Very Certain","Clustering, Different slope"
"1aef11466b07f5f983796c00956b8565","23",13,"19-25","Male","Undergraduate Degree","Yes","Prolific","70eebf16937fb9e77a3b806afe9aa528","2","t-M_n-H","M","H","linear",13,"1",0,"Very Certain","Clustering"
"1aef11466b07f5f983796c00956b8565","29",13,"19-25","Male","Undergraduate Degree","Yes","Prolific","1b39b36e7a6189897f2015f191953b9d","1","t-H_n-M","H","M","linear",12,"8",0,"Certain","Outlier(s)"
"1aef11466b07f5f983796c00956b8565","25",13,"19-25","Male","Undergraduate Degree","Yes","Prolific","ee322d63db5869407801b2c6cd54c452","1","t-H_n-E","H","E","linear",1,"3",0,"Certain","Different range, Different shape, Different slope, Outlier(s)"
"1aef11466b07f5f983796c00956b8565","9",13,"19-25","Male","Undergraduate Degree","Yes","Prolific","8105c77bcc5d38d9b4e742f1b76de5fc","1","t-E_n-H","E","H","linear",15,"15",1,"Certain","Outlier(s)"
"1aef11466b07f5f983796c00956b8565","5",13,"19-25","Male","Undergraduate Degree","Yes","Prolific","9f2d96ab9212ba1d26f176b00e6eeec0","1","t-E_n-M","E","M","linear",12,"14",0,"Neutral","Different range"
"1aef11466b07f5f983796c00956b8565","30",13,"19-25","Male","Undergraduate Degree","Yes","Prolific","1b39b36e7a6189897f2015f191953b9d","1","t-H_n-M","H","M","log",12,"6,1",0,"Certain","Clustering"
"1aef11466b07f5f983796c00956b8565","13",13,"19-25","Male","Undergraduate Degree","Yes","Prolific","85c5c5a6ab4fdb3aaf06947e0b9d4483","1","t-M_n-E","M","E","linear",10,"11",0,"Very Certain","Different range, Outlier(s)"
"1aef11466b07f5f983796c00956b8565","27",13,"19-25","Male","Undergraduate Degree","Yes","Prolific","b8efad9285426a191f979b32a5094198","2","t-H_n-E","H","E","linear",9,"5",0,"Very Certain","Clustering, Different range, Outlier(s)"
"1aef11466b07f5f983796c00956b8565","24",13,"19-25","Male","Undergraduate Degree","Yes","Prolific","70eebf16937fb9e77a3b806afe9aa528","2","t-M_n-H","M","H","log",13,"16",0,"Uncertain","Outlier(s)"
"1aef11466b07f5f983796c00956b8565","11",13,"19-25","Male","Undergraduate Degree","Yes","Prolific","909f6bb4a0bbb8708bcc2d96c0b7052f","2","t-E_n-H","E","H","linear",17,"17",1,"Very Uncertain","Different range, Different shape, Outlier(s)"
"b4b589b6019d2b39bcf73a3250092f7a","22",12,"19-25","Male","Some Undergraduate Courses","Yes","Prolific","17c70f64092db27a58faa6c255efd8ba","1","t-M_n-H","M","H","log",1,"1",1,"Certain","Different slope"
"b4b589b6019d2b39bcf73a3250092f7a","11",12,"19-25","Male","Some Undergraduate Courses","Yes","Prolific","909f6bb4a0bbb8708bcc2d96c0b7052f","2","t-E_n-H","E","H","linear",17,"17",1,"Certain","Different shape, Different slope"
"b4b589b6019d2b39bcf73a3250092f7a","16",12,"19-25","Male","Some Undergraduate Courses","Yes","Prolific","07f1a227ee4ee73124d6589fada210dc","2","t-M_n-E","M","E","log",10,"13,12,17",0,"Neutral","Clustering"
"b4b589b6019d2b39bcf73a3250092f7a","15",12,"19-25","Male","Some Undergraduate Courses","Yes","Prolific","07f1a227ee4ee73124d6589fada210dc","2","t-M_n-E","M","E","linear",10,"14,18",0,"Certain","Clustering, Different range"
"b4b589b6019d2b39bcf73a3250092f7a","27",12,"19-25","Male","Some Undergraduate Courses","Yes","Prolific","b8efad9285426a191f979b32a5094198","2","t-H_n-E","H","E","linear",9,"19",0,"Uncertain","Different slope"
"b4b589b6019d2b39bcf73a3250092f7a","8",12,"19-25","Male","Some Undergraduate Courses","Yes","Prolific","076f2d6385d635ea49402478f7e44cab","2","t-E_n-M","E","M","log",14,"14",1,"Certain","Different shape"
"b4b589b6019d2b39bcf73a3250092f7a","11",12,"19-25","Male","Some Undergraduate Courses","Yes","Prolific","909f6bb4a0bbb8708bcc2d96c0b7052f","2","t-E_n-H","E","H","linear",17,"13,12",0,"Uncertain","Different slope, Outlier(s)"
"b4b589b6019d2b39bcf73a3250092f7a","15",12,"19-25","Male","Some Undergraduate Courses","Yes","Prolific","07f1a227ee4ee73124d6589fada210dc","2","t-M_n-E","M","E","linear",10,"7,6",0,"Neutral","Different range, Different slope"
"b4b589b6019d2b39bcf73a3250092f7a","6",12,"19-25","Male","Some Undergraduate Courses","Yes","Prolific","9f2d96ab9212ba1d26f176b00e6eeec0","1","t-E_n-M","E","M","log",12,"12,11,20,15",1,"Neutral","Different shape, Different slope"
"b4b589b6019d2b39bcf73a3250092f7a","24",12,"19-25","Male","Some Undergraduate Courses","Yes","Prolific","70eebf16937fb9e77a3b806afe9aa528","2","t-M_n-H","M","H","log",13,"1,6",0,"Uncertain","Clustering"
"b4b589b6019d2b39bcf73a3250092f7a","6",12,"19-25","Male","Some Undergraduate Courses","Yes","Prolific","9f2d96ab9212ba1d26f176b00e6eeec0","1","t-E_n-M","E","M","log",12,"13,10",0,"Uncertain","Clustering, Different shape"
"b4b589b6019d2b39bcf73a3250092f7a","10",12,"19-25","Male","Some Undergraduate Courses","Yes","Prolific","8105c77bcc5d38d9b4e742f1b76de5fc","1","t-E_n-H","E","H","log",15,"15,20",1,"Neutral","Different slope, Outlier(s)"
"48e695c4524a17943315b003b65281db","13",12,"26-30","Male","Graduate Degree","Yes","Prolific","85c5c5a6ab4fdb3aaf06947e0b9d4483","1","t-M_n-E","M","E","linear",10,"11",0,"Certain","Different range, Different slope"
"48e695c4524a17943315b003b65281db","11",12,"26-30","Male","Graduate Degree","Yes","Prolific","909f6bb4a0bbb8708bcc2d96c0b7052f","2","t-E_n-H","E","H","linear",17,"17",1,"Neutral","Different slope"
"48e695c4524a17943315b003b65281db","24",12,"26-30","Male","Graduate Degree","Yes","Prolific","70eebf16937fb9e77a3b806afe9aa528","2","t-M_n-H","M","H","log",13,"13",1,"Uncertain","Clustering"
"48e695c4524a17943315b003b65281db","14",12,"26-30","Male","Graduate Degree","Yes","Prolific","85c5c5a6ab4fdb3aaf06947e0b9d4483","1","t-M_n-E","M","E","log",10,"18",0,"Very Uncertain","Clustering"
"48e695c4524a17943315b003b65281db","23",12,"26-30","Male","Graduate Degree","Yes","Prolific","70eebf16937fb9e77a3b806afe9aa528","2","t-M_n-H","M","H","linear",13,"16",0,"Uncertain","Different shape"
"48e695c4524a17943315b003b65281db","11",12,"26-30","Male","Graduate Degree","Yes","Prolific","909f6bb4a0bbb8708bcc2d96c0b7052f","2","t-E_n-H","E","H","linear",17,"12",0,"Very Uncertain","Clustering"
"48e695c4524a17943315b003b65281db","6",12,"26-30","Male","Graduate Degree","Yes","Prolific","9f2d96ab9212ba1d26f176b00e6eeec0","1","t-E_n-M","E","M","log",12,"1,7,2,13",0,"Certain","Clustering"
"48e695c4524a17943315b003b65281db","7",12,"26-30","Male","Graduate Degree","Yes","Prolific","076f2d6385d635ea49402478f7e44cab","2","t-E_n-M","E","M","linear",14,"16",0,"Uncertain","Different slope"
"48e695c4524a17943315b003b65281db","8",12,"26-30","Male","Graduate Degree","Yes","Prolific","076f2d6385d635ea49402478f7e44cab","2","t-E_n-M","E","M","log",14,"14,16",1,"Neutral","Clustering"
"48e695c4524a17943315b003b65281db","6",12,"26-30","Male","Graduate Degree","Yes","Prolific","9f2d96ab9212ba1d26f176b00e6eeec0","1","t-E_n-M","E","M","log",12,"7,9,17,14",0,"Uncertain","Clustering, Different shape"
"48e695c4524a17943315b003b65281db","10",12,"26-30","Male","Graduate Degree","Yes","Prolific","8105c77bcc5d38d9b4e742f1b76de5fc","1","t-E_n-H","E","H","log",15,"1,18,11,6",0,"Certain","Clustering"
"48e695c4524a17943315b003b65281db","15",12,"26-30","Male","Graduate Degree","Yes","Prolific","07f1a227ee4ee73124d6589fada210dc","2","t-M_n-E","M","E","linear",10,"17,13,19",0,"Neutral","Clustering, Different shape"
"b0b939dcb9f0904401a782f5f78117f7","24",13,"26-30","Male","Some Undergraduate Courses","Yes","Prolific","70eebf16937fb9e77a3b806afe9aa528","2","t-M_n-H","M","H","log",13,"15",0,"Neutral","Clustering"
"b0b939dcb9f0904401a782f5f78117f7","11",13,"26-30","Male","Some Undergraduate Courses","Yes","Prolific","909f6bb4a0bbb8708bcc2d96c0b7052f","2","t-E_n-H","E","H","linear",17,"17",1,"Certain","Different slope"
"b0b939dcb9f0904401a782f5f78117f7","16",13,"26-30","Male","Some Undergraduate Courses","Yes","Prolific","07f1a227ee4ee73124d6589fada210dc","2","t-M_n-E","M","E","log",10,"8,20",0,"Neutral","Clustering, Different slope"
"b0b939dcb9f0904401a782f5f78117f7","13",13,"26-30","Male","Some Undergraduate Courses","Yes","Prolific","85c5c5a6ab4fdb3aaf06947e0b9d4483","1","t-M_n-E","M","E","linear",10,"8",0,"Neutral","Different range"
"b0b939dcb9f0904401a782f5f78117f7","7",13,"26-30","Male","Some Undergraduate Courses","Yes","Prolific","076f2d6385d635ea49402478f7e44cab","2","t-E_n-M","E","M","linear",14,"18",0,"Neutral","Clustering"
"b0b939dcb9f0904401a782f5f78117f7","9",13,"26-30","Male","Some Undergraduate Courses","Yes","Prolific","8105c77bcc5d38d9b4e742f1b76de5fc","1","t-E_n-H","E","H","linear",15,"15",1,"Certain","Different range"
"b0b939dcb9f0904401a782f5f78117f7","31",13,"26-30","Male","Some Undergraduate Courses","Yes","Prolific","914e02881a7432dc34831c5dff0477e0","2","t-H_n-M","H","M","linear",12,"6",0,"Certain","Different shape"
"b0b939dcb9f0904401a782f5f78117f7","32",13,"26-30","Male","Some Undergraduate Courses","Yes","Prolific","914e02881a7432dc34831c5dff0477e0","2","t-H_n-M","H","M","log",12,"11",0,"Neutral","Clustering"
"b0b939dcb9f0904401a782f5f78117f7","30",13,"26-30","Male","Some Undergraduate Courses","Yes","Prolific","1b39b36e7a6189897f2015f191953b9d","1","t-H_n-M","H","M","log",12,"1,17",0,"Neutral","Clustering"
"b0b939dcb9f0904401a782f5f78117f7","13",13,"26-30","Male","Some Undergraduate Courses","Yes","Prolific","85c5c5a6ab4fdb3aaf06947e0b9d4483","1","t-M_n-E","M","E","linear",10,"5",0,"Certain","Different shape"
"b0b939dcb9f0904401a782f5f78117f7","24",13,"26-30","Male","Some Undergraduate Courses","Yes","Prolific","70eebf16937fb9e77a3b806afe9aa528","2","t-M_n-H","M","H","log",13,"2",0,"Neutral","Clustering, Different shape"
"b0b939dcb9f0904401a782f5f78117f7","6",13,"26-30","Male","Some Undergraduate Courses","Yes","Prolific","9f2d96ab9212ba1d26f176b00e6eeec0","1","t-E_n-M","E","M","log",12,"6",0,"Certain","Outlier(s)"
"b0b939dcb9f0904401a782f5f78117f7","10",13,"26-30","Male","Some Undergraduate Courses","Yes","Prolific","8105c77bcc5d38d9b4e742f1b76de5fc","1","t-E_n-H","E","H","log",15,"11",0,"Certain","Clustering"
"d0eacaf26fd6a436d5f3ac5f0947fc5a","29",12,"19-25","Male","Some Graduate Courses","Yes","Prolific","1b39b36e7a6189897f2015f191953b9d","1","t-H_n-M","H","M","linear",12,"12",1,"Certain","Different slope"
"d0eacaf26fd6a436d5f3ac5f0947fc5a","14",12,"19-25","Male","Some Graduate Courses","Yes","Prolific","85c5c5a6ab4fdb3aaf06947e0b9d4483","1","t-M_n-E","M","E","log",10,"10",1,"Certain","Different slope"
"d0eacaf26fd6a436d5f3ac5f0947fc5a","13",12,"19-25","Male","Some Graduate Courses","Yes","Prolific","85c5c5a6ab4fdb3aaf06947e0b9d4483","1","t-M_n-E","M","E","linear",10,"19",0,"Neutral","Clustering"
"d0eacaf26fd6a436d5f3ac5f0947fc5a","7",12,"19-25","Male","Some Graduate Courses","Yes","Prolific","076f2d6385d635ea49402478f7e44cab","2","t-E_n-M","E","M","linear",14,"14",1,"Very Certain","Different slope"
"d0eacaf26fd6a436d5f3ac5f0947fc5a","9",12,"19-25","Male","Some Graduate Courses","Yes","Prolific","8105c77bcc5d38d9b4e742f1b76de5fc","1","t-E_n-H","E","H","linear",15,"15",1,"Certain","Clustering"
"d0eacaf26fd6a436d5f3ac5f0947fc5a","31",12,"19-25","Male","Some Graduate Courses","Yes","Prolific","914e02881a7432dc34831c5dff0477e0","2","t-H_n-M","H","M","linear",12,"3",0,"Certain","Clustering"
"d0eacaf26fd6a436d5f3ac5f0947fc5a","32",12,"19-25","Male","Some Graduate Courses","Yes","Prolific","914e02881a7432dc34831c5dff0477e0","2","t-H_n-M","H","M","log",12,"19",0,"Certain","Clustering"
"d0eacaf26fd6a436d5f3ac5f0947fc5a","30",12,"19-25","Male","Some Graduate Courses","Yes","Prolific","1b39b36e7a6189897f2015f191953b9d","1","t-H_n-M","H","M","log",12,"2",0,"Certain","Clustering"
"d0eacaf26fd6a436d5f3ac5f0947fc5a","13",12,"19-25","Male","Some Graduate Courses","Yes","Prolific","85c5c5a6ab4fdb3aaf06947e0b9d4483","1","t-M_n-E","M","E","linear",10,"19",0,"Certain","Different slope"
"d0eacaf26fd6a436d5f3ac5f0947fc5a","24",12,"19-25","Male","Some Graduate Courses","Yes","Prolific","70eebf16937fb9e77a3b806afe9aa528","2","t-M_n-H","M","H","log",13,"13",1,"Neutral","Different shape"
"d0eacaf26fd6a436d5f3ac5f0947fc5a","6",12,"19-25","Male","Some Graduate Courses","Yes","Prolific","9f2d96ab9212ba1d26f176b00e6eeec0","1","t-E_n-M","E","M","log",12,"12",1,"Certain","Different slope"
"d0eacaf26fd6a436d5f3ac5f0947fc5a","10",12,"19-25","Male","Some Graduate Courses","Yes","Prolific","8105c77bcc5d38d9b4e742f1b76de5fc","1","t-E_n-H","E","H","log",15,"15",1,"Very Certain","Different slope"
"50c5837ffa5b0f12972eba1ff146f5aa","28",13,"19-25","Male","Undergraduate Degree","Yes","Prolific","b8efad9285426a191f979b32a5094198","2","t-H_n-E","H","E","log",9,"5,9",1,"Very Certain","Different slope"
"50c5837ffa5b0f12972eba1ff146f5aa","31",13,"19-25","Male","Undergraduate Degree","Yes","Prolific","914e02881a7432dc34831c5dff0477e0","2","t-H_n-M","H","M","linear",12,"6",0,"Certain","Clustering"
"50c5837ffa5b0f12972eba1ff146f5aa","12",13,"19-25","Male","Undergraduate Degree","Yes","Prolific","909f6bb4a0bbb8708bcc2d96c0b7052f","2","t-E_n-H","E","H","log",17,"17",1,"Very Certain","Different slope"
"50c5837ffa5b0f12972eba1ff146f5aa","15",13,"19-25","Male","Undergraduate Degree","Yes","Prolific","07f1a227ee4ee73124d6589fada210dc","2","t-M_n-E","M","E","linear",10,"6",0,"Neutral","Clustering"
"50c5837ffa5b0f12972eba1ff146f5aa","21",13,"19-25","Male","Undergraduate Degree","Yes","Prolific","17c70f64092db27a58faa6c255efd8ba","1","t-M_n-H","M","H","linear",1,"1",1,"Very Certain","Clustering"
"50c5837ffa5b0f12972eba1ff146f5aa","25",13,"19-25","Male","Undergraduate Degree","Yes","Prolific","ee322d63db5869407801b2c6cd54c452","1","t-H_n-E","H","E","linear",1,"1",1,"Certain","Different shape"
"50c5837ffa5b0f12972eba1ff146f5aa","9",13,"19-25","Male","Undergraduate Degree","Yes","Prolific","8105c77bcc5d38d9b4e742f1b76de5fc","1","t-E_n-H","E","H","linear",15,"15",1,"Certain","Clustering"
"50c5837ffa5b0f12972eba1ff146f5aa","5",13,"19-25","Male","Undergraduate Degree","Yes","Prolific","9f2d96ab9212ba1d26f176b00e6eeec0","1","t-E_n-M","E","M","linear",12,"18",0,"Neutral","Clustering"
"50c5837ffa5b0f12972eba1ff146f5aa","30",13,"19-25","Male","Undergraduate Degree","Yes","Prolific","1b39b36e7a6189897f2015f191953b9d","1","t-H_n-M","H","M","log",12,"2,10,5",0,"Neutral","Clustering"
"50c5837ffa5b0f12972eba1ff146f5aa","13",13,"19-25","Male","Undergraduate Degree","Yes","Prolific","85c5c5a6ab4fdb3aaf06947e0b9d4483","1","t-M_n-E","M","E","linear",10,"3,8,13,19",0,"Certain","Clustering"
"50c5837ffa5b0f12972eba1ff146f5aa","24",13,"19-25","Male","Undergraduate Degree","Yes","Prolific","70eebf16937fb9e77a3b806afe9aa528","2","t-M_n-H","M","H","log",13,"7,17,9",0,"Certain","Clustering"
"50c5837ffa5b0f12972eba1ff146f5aa","6",13,"19-25","Male","Undergraduate Degree","Yes","Prolific","9f2d96ab9212ba1d26f176b00e6eeec0","1","t-E_n-M","E","M","log",12,"12,10,16",1,"Certain","Clustering"
"50c5837ffa5b0f12972eba1ff146f5aa","10",13,"19-25","Male","Undergraduate Degree","Yes","Prolific","8105c77bcc5d38d9b4e742f1b76de5fc","1","t-E_n-H","E","H","log",15,"5,9,8,15",1,"Certain","Clustering"
"3c04b9afe737dffeda1e55423bf48bd2","7",12,"19-25","Male","High School or Less","Yes","Prolific","076f2d6385d635ea49402478f7e44cab","2","t-E_n-M","E","M","linear",14,"14",1,"Certain","Different slope"
"3c04b9afe737dffeda1e55423bf48bd2","31",12,"19-25","Male","High School or Less","Yes","Prolific","914e02881a7432dc34831c5dff0477e0","2","t-H_n-M","H","M","linear",12,"12",1,"Very Certain","Different shape"
"3c04b9afe737dffeda1e55423bf48bd2","12",12,"19-25","Male","High School or Less","Yes","Prolific","909f6bb4a0bbb8708bcc2d96c0b7052f","2","t-E_n-H","E","H","log",17,"17",1,"Very Certain","Different slope"
"3c04b9afe737dffeda1e55423bf48bd2","15",12,"19-25","Male","High School or Less","Yes","Prolific","07f1a227ee4ee73124d6589fada210dc","2","t-M_n-E","M","E","linear",10,"2",0,"Certain","Different shape"
"3c04b9afe737dffeda1e55423bf48bd2","21",12,"19-25","Male","High School or Less","Yes","Prolific","17c70f64092db27a58faa6c255efd8ba","1","t-M_n-H","M","H","linear",1,"6",0,"Neutral","Clustering, Different shape"
"3c04b9afe737dffeda1e55423bf48bd2","26",12,"19-25","Male","High School or Less","Yes","Prolific","ee322d63db5869407801b2c6cd54c452","1","t-H_n-E","H","E","log",1,"1",1,"Very Certain","Different slope"
"3c04b9afe737dffeda1e55423bf48bd2","30",12,"19-25","Male","High School or Less","Yes","Prolific","1b39b36e7a6189897f2015f191953b9d","1","t-H_n-M","H","M","log",12,"14",0,"Neutral","Different shape"
"3c04b9afe737dffeda1e55423bf48bd2","12",12,"19-25","Male","High School or Less","Yes","Prolific","909f6bb4a0bbb8708bcc2d96c0b7052f","2","t-E_n-H","E","H","log",17,"17",1,"Very Certain","Different slope"
"3c04b9afe737dffeda1e55423bf48bd2","27",12,"19-25","Male","High School or Less","Yes","Prolific","b8efad9285426a191f979b32a5094198","2","t-H_n-E","H","E","linear",9,"9",1,"Very Certain","Different shape"
"3c04b9afe737dffeda1e55423bf48bd2","30",12,"19-25","Male","High School or Less","Yes","Prolific","1b39b36e7a6189897f2015f191953b9d","1","t-H_n-M","H","M","log",12,"8",0,"Uncertain","Clustering"
"3c04b9afe737dffeda1e55423bf48bd2","12",12,"19-25","Male","High School or Less","Yes","Prolific","909f6bb4a0bbb8708bcc2d96c0b7052f","2","t-E_n-H","E","H","log",17,"17",1,"Very Certain","Different shape"
"3c04b9afe737dffeda1e55423bf48bd2","11",12,"19-25","Male","High School or Less","Yes","Prolific","909f6bb4a0bbb8708bcc2d96c0b7052f","2","t-E_n-H","E","H","linear",17,"17",1,"Very Certain","Different shape"
"9a5c9366c8eba94cb3ac4c069c599a6a","11",12,"26-30","Female","Graduate Degree","Yes","Prolific","909f6bb4a0bbb8708bcc2d96c0b7052f","2","t-E_n-H","E","H","linear",17,"17",1,"Very Certain","Different shape, Outlier(s)"
"9a5c9366c8eba94cb3ac4c069c599a6a","14",12,"26-30","Female","Graduate Degree","Yes","Prolific","85c5c5a6ab4fdb3aaf06947e0b9d4483","1","t-M_n-E","M","E","log",10,"19",0,"Neutral","Different shape"
"9a5c9366c8eba94cb3ac4c069c599a6a","25",12,"26-30","Female","Graduate Degree","Yes","Prolific","ee322d63db5869407801b2c6cd54c452","1","t-H_n-E","H","E","linear",1,"1",1,"Very Certain","Different shape"
"9a5c9366c8eba94cb3ac4c069c599a6a","22",12,"26-30","Female","Graduate Degree","Yes","Prolific","17c70f64092db27a58faa6c255efd8ba","1","t-M_n-H","M","H","log",1,"1",1,"Uncertain","Different shape"
"9a5c9366c8eba94cb3ac4c069c599a6a","24",12,"26-30","Female","Graduate Degree","Yes","Prolific","70eebf16937fb9e77a3b806afe9aa528","2","t-M_n-H","M","H","log",13,"2",0,"Certain","Different range, Different shape"
"9a5c9366c8eba94cb3ac4c069c599a6a","9",12,"26-30","Female","Graduate Degree","Yes","Prolific","8105c77bcc5d38d9b4e742f1b76de5fc","1","t-E_n-H","E","H","linear",15,"15",1,"Certain","Outlier(s)"
"9a5c9366c8eba94cb3ac4c069c599a6a","23",12,"26-30","Female","Graduate Degree","Yes","Prolific","70eebf16937fb9e77a3b806afe9aa528","2","t-M_n-H","M","H","linear",13,"13",1,"Certain","Different shape"
"9a5c9366c8eba94cb3ac4c069c599a6a","32",12,"26-30","Female","Graduate Degree","Yes","Prolific","914e02881a7432dc34831c5dff0477e0","2","t-H_n-M","H","M","log",12,"3",0,"Neutral","Clustering"
"9a5c9366c8eba94cb3ac4c069c599a6a","24",12,"26-30","Female","Graduate Degree","Yes","Prolific","70eebf16937fb9e77a3b806afe9aa528","2","t-M_n-H","M","H","log",13,"2",0,"Certain","Different shape"
"9a5c9366c8eba94cb3ac4c069c599a6a","8",12,"26-30","Female","Graduate Degree","Yes","Prolific","076f2d6385d635ea49402478f7e44cab","2","t-E_n-M","E","M","log",14,"14",1,"Certain","Different slope"
"9a5c9366c8eba94cb3ac4c069c599a6a","15",12,"26-30","Female","Graduate Degree","Yes","Prolific","07f1a227ee4ee73124d6589fada210dc","2","t-M_n-E","M","E","linear",10,"14",0,"Neutral","Different shape"
"9a5c9366c8eba94cb3ac4c069c599a6a","8",12,"26-30","Female","Graduate Degree","Yes","Prolific","076f2d6385d635ea49402478f7e44cab","2","t-E_n-M","E","M","log",14,"14",1,"Neutral","Different shape"
"49ba4b71fd310b4f8cf6b3f0dd48cee2","26",12,"31-35","Female","High School or Less","No","Prolific","ee322d63db5869407801b2c6cd54c452","1","t-H_n-E","H","E","log",1,"1",1,"Very Certain","Different slope"
"49ba4b71fd310b4f8cf6b3f0dd48cee2","14",12,"31-35","Female","High School or Less","No","Prolific","85c5c5a6ab4fdb3aaf06947e0b9d4483","1","t-M_n-E","M","E","log",10,"10",1,"Certain","Clustering"
"49ba4b71fd310b4f8cf6b3f0dd48cee2","29",12,"31-35","Female","High School or Less","No","Prolific","1b39b36e7a6189897f2015f191953b9d","1","t-H_n-M","H","M","linear",12,"16",0,"Neutral","Different shape"
"49ba4b71fd310b4f8cf6b3f0dd48cee2","8",12,"31-35","Female","High School or Less","No","Prolific","076f2d6385d635ea49402478f7e44cab","2","t-E_n-M","E","M","log",14,"14",1,"Uncertain","Outlier(s)"
"49ba4b71fd310b4f8cf6b3f0dd48cee2","23",12,"31-35","Female","High School or Less","No","Prolific","70eebf16937fb9e77a3b806afe9aa528","2","t-M_n-H","M","H","linear",13,"16",0,"Certain","Outlier(s)"
"49ba4b71fd310b4f8cf6b3f0dd48cee2","32",12,"31-35","Female","High School or Less","No","Prolific","914e02881a7432dc34831c5dff0477e0","2","t-H_n-M","H","M","log",12,"12",1,"Certain","Different shape"
"49ba4b71fd310b4f8cf6b3f0dd48cee2","30",12,"31-35","Female","High School or Less","No","Prolific","1b39b36e7a6189897f2015f191953b9d","1","t-H_n-M","H","M","log",12,"2",0,"Neutral","Clustering"
"49ba4b71fd310b4f8cf6b3f0dd48cee2","25",12,"31-35","Female","High School or Less","No","Prolific","ee322d63db5869407801b2c6cd54c452","1","t-H_n-E","H","E","linear",1,"1",1,"Very Certain","Clustering"
"49ba4b71fd310b4f8cf6b3f0dd48cee2","30",12,"31-35","Female","High School or Less","No","Prolific","1b39b36e7a6189897f2015f191953b9d","1","t-H_n-M","H","M","log",12,"2",0,"Certain","Clustering"
"49ba4b71fd310b4f8cf6b3f0dd48cee2","8",12,"31-35","Female","High School or Less","No","Prolific","076f2d6385d635ea49402478f7e44cab","2","t-E_n-M","E","M","log",14,"14",1,"Certain","Clustering"
"49ba4b71fd310b4f8cf6b3f0dd48cee2","25",12,"31-35","Female","High School or Less","No","Prolific","ee322d63db5869407801b2c6cd54c452","1","t-H_n-E","H","E","linear",1,"1",1,"Very Certain","Different slope"
"49ba4b71fd310b4f8cf6b3f0dd48cee2","27",12,"31-35","Female","High School or Less","No","Prolific","b8efad9285426a191f979b32a5094198","2","t-H_n-E","H","E","linear",9,"10",0,"Neutral","Outlier(s)"
"e2bd1a685a26e525f42f8069756828f5","26",12,"19-25","Male","Undergraduate Degree","Yes","Prolific","ee322d63db5869407801b2c6cd54c452","1","t-H_n-E","H","E","log",1,"1",1,"Certain","Different shape, Different slope"
"e2bd1a685a26e525f42f8069756828f5","14",12,"19-25","Male","Undergraduate Degree","Yes","Prolific","85c5c5a6ab4fdb3aaf06947e0b9d4483","1","t-M_n-E","M","E","log",10,"10",1,"Certain","Different slope"
"e2bd1a685a26e525f42f8069756828f5","13",12,"19-25","Male","Undergraduate Degree","Yes","Prolific","85c5c5a6ab4fdb3aaf06947e0b9d4483","1","t-M_n-E","M","E","linear",10,"11",0,"Uncertain","Different range, Different slope"
"e2bd1a685a26e525f42f8069756828f5","23",12,"19-25","Male","Undergraduate Degree","Yes","Prolific","70eebf16937fb9e77a3b806afe9aa528","2","t-M_n-H","M","H","linear",13,"13",1,"Certain","Different shape, Different slope"
"e2bd1a685a26e525f42f8069756828f5","7",12,"19-25","Male","Undergraduate Degree","Yes","Prolific","076f2d6385d635ea49402478f7e44cab","2","t-E_n-M","E","M","linear",14,"14",1,"Certain","Different shape, Different slope"
"e2bd1a685a26e525f42f8069756828f5","32",12,"19-25","Male","Undergraduate Degree","Yes","Prolific","914e02881a7432dc34831c5dff0477e0","2","t-H_n-M","H","M","log",12,"12",1,"Certain","Different slope"
"e2bd1a685a26e525f42f8069756828f5","14",12,"19-25","Male","Undergraduate Degree","Yes","Prolific","85c5c5a6ab4fdb3aaf06947e0b9d4483","1","t-M_n-E","M","E","log",10,"10",1,"Certain","Different shape, Different slope"
"e2bd1a685a26e525f42f8069756828f5","13",12,"19-25","Male","Undergraduate Degree","Yes","Prolific","85c5c5a6ab4fdb3aaf06947e0b9d4483","1","t-M_n-E","M","E","linear",10,"19",0,"Uncertain","Clustering, Different slope"
"e2bd1a685a26e525f42f8069756828f5","23",12,"19-25","Male","Undergraduate Degree","Yes","Prolific","70eebf16937fb9e77a3b806afe9aa528","2","t-M_n-H","M","H","linear",13,"13",1,"Certain","Clustering, Different slope"
"e2bd1a685a26e525f42f8069756828f5","12",12,"19-25","Male","Undergraduate Degree","Yes","Prolific","909f6bb4a0bbb8708bcc2d96c0b7052f","2","t-E_n-H","E","H","log",17,"17",1,"Very Certain","Different shape, Different slope"
"e2bd1a685a26e525f42f8069756828f5","24",12,"19-25","Male","Undergraduate Degree","Yes","Prolific","70eebf16937fb9e77a3b806afe9aa528","2","t-M_n-H","M","H","log",13,"2",0,"Certain","Clustering"
"e2bd1a685a26e525f42f8069756828f5","15",12,"19-25","Male","Undergraduate Degree","Yes","Prolific","07f1a227ee4ee73124d6589fada210dc","2","t-M_n-E","M","E","linear",10,"15",0,"Very Uncertain","Clustering"
"0bbfae521b60724dfd07592320a09328","26",12,"41-45","Male","Graduate Degree","Yes","Prolific","ee322d63db5869407801b2c6cd54c452","1","t-H_n-E","H","E","log",1,"1",1,"Certain","Different range, Different slope"
"0bbfae521b60724dfd07592320a09328","14",12,"41-45","Male","Graduate Degree","Yes","Prolific","85c5c5a6ab4fdb3aaf06947e0b9d4483","1","t-M_n-E","M","E","log",10,"10",1,"Certain","Different slope"
"0bbfae521b60724dfd07592320a09328","13",12,"41-45","Male","Graduate Degree","Yes","Prolific","85c5c5a6ab4fdb3aaf06947e0b9d4483","1","t-M_n-E","M","E","linear",10,"11",0,"Neutral","Clustering"
"0bbfae521b60724dfd07592320a09328","16",12,"41-45","Male","Graduate Degree","Yes","Prolific","07f1a227ee4ee73124d6589fada210dc","2","t-M_n-E","M","E","log",10,"10",1,"Certain","Different slope"
"0bbfae521b60724dfd07592320a09328","7",12,"41-45","Male","Graduate Degree","Yes","Prolific","076f2d6385d635ea49402478f7e44cab","2","t-E_n-M","E","M","linear",14,"14",1,"Certain","Clustering"
"0bbfae521b60724dfd07592320a09328","32",12,"41-45","Male","Graduate Degree","Yes","Prolific","914e02881a7432dc34831c5dff0477e0","2","t-H_n-M","H","M","log",12,"12",1,"Neutral","Different slope"
"0bbfae521b60724dfd07592320a09328","23",12,"41-45","Male","Graduate Degree","Yes","Prolific","70eebf16937fb9e77a3b806afe9aa528","2","t-M_n-H","M","H","linear",13,"13",1,"Neutral","Clustering"
"0bbfae521b60724dfd07592320a09328","22",12,"41-45","Male","Graduate Degree","Yes","Prolific","17c70f64092db27a58faa6c255efd8ba","1","t-M_n-H","M","H","log",1,"1",1,"Certain","Different slope"
"0bbfae521b60724dfd07592320a09328","23",12,"41-45","Male","Graduate Degree","Yes","Prolific","70eebf16937fb9e77a3b806afe9aa528","2","t-M_n-H","M","H","linear",13,"13",1,"Neutral","Clustering"
"0bbfae521b60724dfd07592320a09328","7",12,"41-45","Male","Graduate Degree","Yes","Prolific","076f2d6385d635ea49402478f7e44cab","2","t-E_n-M","E","M","linear",14,"14",1,"Certain","Clustering"
"0bbfae521b60724dfd07592320a09328","12",12,"41-45","Male","Graduate Degree","Yes","Prolific","909f6bb4a0bbb8708bcc2d96c0b7052f","2","t-E_n-H","E","H","log",17,"17",1,"Very Certain","Different slope"
"0bbfae521b60724dfd07592320a09328","11",12,"41-45","Male","Graduate Degree","Yes","Prolific","909f6bb4a0bbb8708bcc2d96c0b7052f","2","t-E_n-H","E","H","linear",17,"17",1,"Certain","Different shape"
"ad1759a07481abb1aa664e0d70382222","26",11,"26-30","Male","Graduate Degree","Yes","Prolific","ee322d63db5869407801b2c6cd54c452","1","t-H_n-E","H","E","log",1,"1",1,"Very Certain","Different shape"
"ad1759a07481abb1aa664e0d70382222","14",11,"26-30","Male","Graduate Degree","Yes","Prolific","85c5c5a6ab4fdb3aaf06947e0b9d4483","1","t-M_n-E","M","E","log",10,"10",1,"Very Certain","Different shape"
"ad1759a07481abb1aa664e0d70382222","23",11,"26-30","Male","Graduate Degree","Yes","Prolific","70eebf16937fb9e77a3b806afe9aa528","2","t-M_n-H","M","H","linear",13,"13",1,"Very Certain","Clustering, Different shape"
"ad1759a07481abb1aa664e0d70382222","11",11,"26-30","Male","Graduate Degree","Yes","Prolific","909f6bb4a0bbb8708bcc2d96c0b7052f","2","t-E_n-H","E","H","linear",17,"17",1,"Very Certain","Clustering, Different shape"
"ad1759a07481abb1aa664e0d70382222","32",11,"26-30","Male","Graduate Degree","Yes","Prolific","914e02881a7432dc34831c5dff0477e0","2","t-H_n-M","H","M","log",12,"12",1,"Certain","Different slope"
"ad1759a07481abb1aa664e0d70382222","14",11,"26-30","Male","Graduate Degree","Yes","Prolific","85c5c5a6ab4fdb3aaf06947e0b9d4483","1","t-M_n-E","M","E","log",10,"10",1,"Very Certain","Different slope"
"ad1759a07481abb1aa664e0d70382222","13",11,"26-30","Male","Graduate Degree","Yes","Prolific","85c5c5a6ab4fdb3aaf06947e0b9d4483","1","t-M_n-E","M","E","linear",10,"13",0,"Very Certain","Outlier(s)"
"ad1759a07481abb1aa664e0d70382222","23",11,"26-30","Male","Graduate Degree","Yes","Prolific","70eebf16937fb9e77a3b806afe9aa528","2","t-M_n-H","M","H","linear",13,"13",1,"Certain","Outlier(s)"
"ad1759a07481abb1aa664e0d70382222","7",11,"26-30","Male","Graduate Degree","Yes","Prolific","076f2d6385d635ea49402478f7e44cab","2","t-E_n-M","E","M","linear",14,"5",0,"Very Certain","Clustering, Outlier(s)"
"ad1759a07481abb1aa664e0d70382222","24",11,"26-30","Male","Graduate Degree","Yes","Prolific","70eebf16937fb9e77a3b806afe9aa528","2","t-M_n-H","M","H","log",13,"9",0,"Certain","Clustering"
"ad1759a07481abb1aa664e0d70382222","15",11,"26-30","Male","Graduate Degree","Yes","Prolific","07f1a227ee4ee73124d6589fada210dc","2","t-M_n-E","M","E","linear",10,"20",0,"Certain","Clustering"
"11cc0dfd8624a50f49b97565d0e09340","26",13,"19-25","Male","Undergraduate Degree","Yes","Prolific","ee322d63db5869407801b2c6cd54c452","1","t-H_n-E","H","E","log",1,"1",1,"Certain","Different shape"
"11cc0dfd8624a50f49b97565d0e09340","14",13,"19-25","Male","Undergraduate Degree","Yes","Prolific","85c5c5a6ab4fdb3aaf06947e0b9d4483","1","t-M_n-E","M","E","log",10,"1",0,"Neutral","Clustering"
"11cc0dfd8624a50f49b97565d0e09340","10",13,"19-25","Male","Undergraduate Degree","Yes","Prolific","8105c77bcc5d38d9b4e742f1b76de5fc","1","t-E_n-H","E","H","log",15,"15",1,"Certain","Different shape"
"11cc0dfd8624a50f49b97565d0e09340","11",13,"19-25","Male","Undergraduate Degree","Yes","Prolific","909f6bb4a0bbb8708bcc2d96c0b7052f","2","t-E_n-H","E","H","linear",17,"17",1,"Certain","Different range"
"11cc0dfd8624a50f49b97565d0e09340","31",13,"19-25","Male","Undergraduate Degree","Yes","Prolific","914e02881a7432dc34831c5dff0477e0","2","t-H_n-M","H","M","linear",12,"6",0,"Neutral","Clustering"
"11cc0dfd8624a50f49b97565d0e09340","7",13,"19-25","Male","Undergraduate Degree","Yes","Prolific","076f2d6385d635ea49402478f7e44cab","2","t-E_n-M","E","M","linear",14,"14",1,"Certain","Outlier(s)"
"11cc0dfd8624a50f49b97565d0e09340","7",13,"19-25","Male","Undergraduate Degree","Yes","Prolific","076f2d6385d635ea49402478f7e44cab","2","t-E_n-M","E","M","linear",14,"14",1,"Certain","Outlier(s)"
"11cc0dfd8624a50f49b97565d0e09340","29",13,"19-25","Male","Undergraduate Degree","Yes","Prolific","1b39b36e7a6189897f2015f191953b9d","1","t-H_n-M","H","M","linear",12,"12",1,"Neutral","Clustering"
"11cc0dfd8624a50f49b97565d0e09340","13",13,"19-25","Male","Undergraduate Degree","Yes","Prolific","85c5c5a6ab4fdb3aaf06947e0b9d4483","1","t-M_n-E","M","E","linear",10,"19",0,"Uncertain","Different shape"
"11cc0dfd8624a50f49b97565d0e09340","26",13,"19-25","Male","Undergraduate Degree","Yes","Prolific","ee322d63db5869407801b2c6cd54c452","1","t-H_n-E","H","E","log",1,"1",1,"Certain","Different shape"
"11cc0dfd8624a50f49b97565d0e09340","12",13,"19-25","Male","Undergraduate Degree","Yes","Prolific","909f6bb4a0bbb8708bcc2d96c0b7052f","2","t-E_n-H","E","H","log",17,"17",1,"Very Certain","Different shape"
"11cc0dfd8624a50f49b97565d0e09340","24",13,"19-25","Male","Undergraduate Degree","Yes","Prolific","70eebf16937fb9e77a3b806afe9aa528","2","t-M_n-H","M","H","log",13,"13",1,"Certain","Clustering"
"11cc0dfd8624a50f49b97565d0e09340","15",13,"19-25","Male","Undergraduate Degree","Yes","Prolific","07f1a227ee4ee73124d6589fada210dc","2","t-M_n-E","M","E","linear",10,"2",0,"Certain","Outlier(s)"
"6114cb7e48aa00e3241709f085df64c1","26",12,"19-25","Male","Some Undergraduate Courses","Yes","Prolific","ee322d63db5869407801b2c6cd54c452","1","t-H_n-E","H","E","log",1,"1",1,"Very Certain","Different shape, Different slope"
"6114cb7e48aa00e3241709f085df64c1","14",12,"19-25","Male","Some Undergraduate Courses","Yes","Prolific","85c5c5a6ab4fdb3aaf06947e0b9d4483","1","t-M_n-E","M","E","log",10,"10",1,"Very Certain","Different slope"
"6114cb7e48aa00e3241709f085df64c1","23",12,"19-25","Male","Some Undergraduate Courses","Yes","Prolific","70eebf16937fb9e77a3b806afe9aa528","2","t-M_n-H","M","H","linear",13,"16",0,"Certain","Clustering"
"6114cb7e48aa00e3241709f085df64c1","29",12,"19-25","Male","Some Undergraduate Courses","Yes","Prolific","1b39b36e7a6189897f2015f191953b9d","1","t-H_n-M","H","M","linear",12,"9",0,"Very Certain","Different range"
"6114cb7e48aa00e3241709f085df64c1","25",12,"19-25","Male","Some Undergraduate Courses","Yes","Prolific","ee322d63db5869407801b2c6cd54c452","1","t-H_n-E","H","E","linear",1,"6",0,"Neutral","Clustering"
"6114cb7e48aa00e3241709f085df64c1","9",12,"19-25","Male","Some Undergraduate Courses","Yes","Prolific","8105c77bcc5d38d9b4e742f1b76de5fc","1","t-E_n-H","E","H","linear",15,"4",0,"Neutral","Clustering"
"6114cb7e48aa00e3241709f085df64c1","5",12,"19-25","Male","Some Undergraduate Courses","Yes","Prolific","9f2d96ab9212ba1d26f176b00e6eeec0","1","t-E_n-M","E","M","linear",12,"14",0,"Certain","Outlier(s)"
"6114cb7e48aa00e3241709f085df64c1","30",12,"19-25","Male","Some Undergraduate Courses","Yes","Prolific","1b39b36e7a6189897f2015f191953b9d","1","t-H_n-M","H","M","log",12,"17",0,"Neutral","Clustering"
"6114cb7e48aa00e3241709f085df64c1","13",12,"19-25","Male","Some Undergraduate Courses","Yes","Prolific","85c5c5a6ab4fdb3aaf06947e0b9d4483","1","t-M_n-E","M","E","linear",10,"18",0,"Certain","Different shape"
"6114cb7e48aa00e3241709f085df64c1","24",12,"19-25","Male","Some Undergraduate Courses","Yes","Prolific","70eebf16937fb9e77a3b806afe9aa528","2","t-M_n-H","M","H","log",13,"13",1,"Certain","Different shape"
"6114cb7e48aa00e3241709f085df64c1","6",12,"19-25","Male","Some Undergraduate Courses","Yes","Prolific","9f2d96ab9212ba1d26f176b00e6eeec0","1","t-E_n-M","E","M","log",12,"12",1,"Certain","Different shape, Different slope"
"6114cb7e48aa00e3241709f085df64c1","6",12,"19-25","Male","Some Undergraduate Courses","Yes","Prolific","9f2d96ab9212ba1d26f176b00e6eeec0","1","t-E_n-M","E","M","log",12,"1",0,"Certain","Clustering"
"0f1b9b6265dc4d7d005a1b90aad216ce","26",13,"19-25","Male","High School or Less","Yes","Prolific","ee322d63db5869407801b2c6cd54c452","1","t-H_n-E","H","E","log",1,"1",1,"Very Certain","Different range, Different shape"
"0f1b9b6265dc4d7d005a1b90aad216ce","14",13,"19-25","Male","High School or Less","Yes","Prolific","85c5c5a6ab4fdb3aaf06947e0b9d4483","1","t-M_n-E","M","E","log",10,"1,10",1,"Neutral","Different range, Different shape"
"0f1b9b6265dc4d7d005a1b90aad216ce","22",13,"19-25","Male","High School or Less","Yes","Prolific","17c70f64092db27a58faa6c255efd8ba","1","t-M_n-H","M","H","log",1,"1",1,"Certain","Clustering, Different shape"
"0f1b9b6265dc4d7d005a1b90aad216ce","13",13,"19-25","Male","High School or Less","Yes","Prolific","85c5c5a6ab4fdb3aaf06947e0b9d4483","1","t-M_n-E","M","E","linear",10,"19",0,"Neutral","Different range"
"0f1b9b6265dc4d7d005a1b90aad216ce","31",13,"19-25","Male","High School or Less","Yes","Prolific","914e02881a7432dc34831c5dff0477e0","2","t-H_n-M","H","M","linear",12,"20",0,"Uncertain","Clustering"
"0f1b9b6265dc4d7d005a1b90aad216ce","26",13,"19-25","Male","High School or Less","Yes","Prolific","ee322d63db5869407801b2c6cd54c452","1","t-H_n-E","H","E","log",1,"1",1,"Certain","Different range, Different shape"
"0f1b9b6265dc4d7d005a1b90aad216ce","24",13,"19-25","Male","High School or Less","Yes","Prolific","70eebf16937fb9e77a3b806afe9aa528","2","t-M_n-H","M","H","log",13,"13",1,"Uncertain","Different shape"
"0f1b9b6265dc4d7d005a1b90aad216ce","25",13,"19-25","Male","High School or Less","Yes","Prolific","ee322d63db5869407801b2c6cd54c452","1","t-H_n-E","H","E","linear",1,"1,19",1,"Certain","Clustering, Different range, Outlier(s)"
"0f1b9b6265dc4d7d005a1b90aad216ce","11",13,"19-25","Male","High School or Less","Yes","Prolific","909f6bb4a0bbb8708bcc2d96c0b7052f","2","t-E_n-H","E","H","linear",17,"17",1,"Certain","Different range, Different shape"
"0f1b9b6265dc4d7d005a1b90aad216ce","15",13,"19-25","Male","High School or Less","Yes","Prolific","07f1a227ee4ee73124d6589fada210dc","2","t-M_n-E","M","E","linear",10,"13",0,"Certain","Outlier(s)"
"0f1b9b6265dc4d7d005a1b90aad216ce","8",13,"19-25","Male","High School or Less","Yes","Prolific","076f2d6385d635ea49402478f7e44cab","2","t-E_n-M","E","M","log",14,"14",1,"Very Certain","Different range, Different shape, Different slope, Outlier(s)"
"0f1b9b6265dc4d7d005a1b90aad216ce","22",13,"19-25","Male","High School or Less","Yes","Prolific","17c70f64092db27a58faa6c255efd8ba","1","t-M_n-H","M","H","log",1,"1",1,"Neutral","Different shape, Different slope, Outlier(s)"
"0f1b9b6265dc4d7d005a1b90aad216ce","22",13,"19-25","Male","High School or Less","Yes","Prolific","17c70f64092db27a58faa6c255efd8ba","1","t-M_n-H","M","H","log",1,"12,1",1,"Neutral","Clustering, Different shape"
"d74efe0c9e8b1ffd06f4eb6533246b73","26",11,"36-40","Male","Graduate Degree","Yes","Prolific","ee322d63db5869407801b2c6cd54c452","1","t-H_n-E","H","E","log",1,"1",1,"Very Certain","Different shape"
"d74efe0c9e8b1ffd06f4eb6533246b73","14",11,"36-40","Male","Graduate Degree","Yes","Prolific","85c5c5a6ab4fdb3aaf06947e0b9d4483","1","t-M_n-E","M","E","log",10,"10",1,"Very Certain","Different shape"
"d74efe0c9e8b1ffd06f4eb6533246b73","13",11,"36-40","Male","Graduate Degree","Yes","Prolific","85c5c5a6ab4fdb3aaf06947e0b9d4483","1","t-M_n-E","M","E","linear",10,"11,8,18",0,"Neutral","Different slope"
"d74efe0c9e8b1ffd06f4eb6533246b73","31",11,"36-40","Male","Graduate Degree","Yes","Prolific","914e02881a7432dc34831c5dff0477e0","2","t-H_n-M","H","M","linear",12,"4",0,"Very Certain","Different range"
"d74efe0c9e8b1ffd06f4eb6533246b73","26",11,"36-40","Male","Graduate Degree","Yes","Prolific","ee322d63db5869407801b2c6cd54c452","1","t-H_n-E","H","E","log",1,"1",1,"Very Certain","Different shape"
"d74efe0c9e8b1ffd06f4eb6533246b73","32",11,"36-40","Male","Graduate Degree","Yes","Prolific","914e02881a7432dc34831c5dff0477e0","2","t-H_n-M","H","M","log",12,"20",0,"Neutral","Clustering"
"d74efe0c9e8b1ffd06f4eb6533246b73","24",11,"36-40","Male","Graduate Degree","Yes","Prolific","70eebf16937fb9e77a3b806afe9aa528","2","t-M_n-H","M","H","log",13,"2",0,"Uncertain","Clustering"
"d74efe0c9e8b1ffd06f4eb6533246b73","25",11,"36-40","Male","Graduate Degree","Yes","Prolific","ee322d63db5869407801b2c6cd54c452","1","t-H_n-E","H","E","linear",1,"18",0,"Certain","Different slope"
"d74efe0c9e8b1ffd06f4eb6533246b73","14",11,"36-40","Male","Graduate Degree","Yes","Prolific","85c5c5a6ab4fdb3aaf06947e0b9d4483","1","t-M_n-E","M","E","log",10,"13",0,"Certain","Different range"
"d74efe0c9e8b1ffd06f4eb6533246b73","8",11,"36-40","Male","Graduate Degree","Yes","Prolific","076f2d6385d635ea49402478f7e44cab","2","t-E_n-M","E","M","log",14,"14",1,"Very Certain","Different shape"
"d74efe0c9e8b1ffd06f4eb6533246b73","25",11,"36-40","Male","Graduate Degree","Yes","Prolific","ee322d63db5869407801b2c6cd54c452","1","t-H_n-E","H","E","linear",1,"18",0,"Very Certain","Different slope"
"b260431a5abc2625fe9fd1d38571c476","26",12,"19-25","Female","Some Undergraduate Courses","Yes","Prolific","ee322d63db5869407801b2c6cd54c452","1","t-H_n-E","H","E","log",1,"1",1,"Certain","Different shape"
"b260431a5abc2625fe9fd1d38571c476","14",12,"19-25","Female","Some Undergraduate Courses","Yes","Prolific","85c5c5a6ab4fdb3aaf06947e0b9d4483","1","t-M_n-E","M","E","log",10,"8",0,"Uncertain","Clustering, Different slope"
"b260431a5abc2625fe9fd1d38571c476","23",12,"19-25","Female","Some Undergraduate Courses","Yes","Prolific","70eebf16937fb9e77a3b806afe9aa528","2","t-M_n-H","M","H","linear",13,"13",1,"Neutral","Different range, Different slope"
"b260431a5abc2625fe9fd1d38571c476","29",12,"19-25","Female","Some Undergraduate Courses","Yes","Prolific","1b39b36e7a6189897f2015f191953b9d","1","t-H_n-M","H","M","linear",12,"9",0,"Certain","Different range"
"b260431a5abc2625fe9fd1d38571c476","25",12,"19-25","Female","Some Undergraduate Courses","Yes","Prolific","ee322d63db5869407801b2c6cd54c452","1","t-H_n-E","H","E","linear",1,"1",1,"Neutral","Different shape"
"b260431a5abc2625fe9fd1d38571c476","14",12,"19-25","Female","Some Undergraduate Courses","Yes","Prolific","85c5c5a6ab4fdb3aaf06947e0b9d4483","1","t-M_n-E","M","E","log",10,"20",0,"Certain","Clustering"
"b260431a5abc2625fe9fd1d38571c476","14",12,"19-25","Female","Some Undergraduate Courses","Yes","Prolific","85c5c5a6ab4fdb3aaf06947e0b9d4483","1","t-M_n-E","M","E","log",10,"10",1,"Certain","Clustering, Different shape"
"b260431a5abc2625fe9fd1d38571c476","24",12,"19-25","Female","Some Undergraduate Courses","Yes","Prolific","70eebf16937fb9e77a3b806afe9aa528","2","t-M_n-H","M","H","log",13,"9",0,"Uncertain","Other, Lack of big clusters"
"b260431a5abc2625fe9fd1d38571c476","27",12,"19-25","Female","Some Undergraduate Courses","Yes","Prolific","b8efad9285426a191f979b32a5094198","2","t-H_n-E","H","E","linear",9,"9",1,"Certain","Different shape"
"b260431a5abc2625fe9fd1d38571c476","30",12,"19-25","Female","Some Undergraduate Courses","Yes","Prolific","1b39b36e7a6189897f2015f191953b9d","1","t-H_n-M","H","M","log",12,"14",0,"Certain","Clustering"
"b260431a5abc2625fe9fd1d38571c476","12",12,"19-25","Female","Some Undergraduate Courses","Yes","Prolific","909f6bb4a0bbb8708bcc2d96c0b7052f","2","t-E_n-H","E","H","log",17,"19",0,"Certain","Clustering"
"b260431a5abc2625fe9fd1d38571c476","11",12,"19-25","Female","Some Undergraduate Courses","Yes","Prolific","909f6bb4a0bbb8708bcc2d96c0b7052f","2","t-E_n-H","E","H","linear",17,"17",1,"Certain","Different shape"
"8bfb02372e375bf1b9ba5eb29e0415f3","26",12,"19-25","Male","High School or Less","No","Prolific","ee322d63db5869407801b2c6cd54c452","1","t-H_n-E","H","E","log",1,"1",1,"Certain","Different shape"
"8bfb02372e375bf1b9ba5eb29e0415f3","14",12,"19-25","Male","High School or Less","No","Prolific","85c5c5a6ab4fdb3aaf06947e0b9d4483","1","t-M_n-E","M","E","log",10,"10,19",1,"Certain","Different slope"
"8bfb02372e375bf1b9ba5eb29e0415f3","13",12,"19-25","Male","High School or Less","No","Prolific","85c5c5a6ab4fdb3aaf06947e0b9d4483","1","t-M_n-E","M","E","linear",10,"11,18,8,17",0,"Neutral","Clustering, Different slope"
"8bfb02372e375bf1b9ba5eb29e0415f3","31",12,"19-25","Male","High School or Less","No","Prolific","914e02881a7432dc34831c5dff0477e0","2","t-H_n-M","H","M","linear",12,"8,10",0,"Certain","Different range"
"8bfb02372e375bf1b9ba5eb29e0415f3","7",12,"19-25","Male","High School or Less","No","Prolific","076f2d6385d635ea49402478f7e44cab","2","t-E_n-M","E","M","linear",14,"18,8,3,1",0,"Certain","Clustering"
"8bfb02372e375bf1b9ba5eb29e0415f3","24",12,"19-25","Male","High School or Less","No","Prolific","70eebf16937fb9e77a3b806afe9aa528","2","t-M_n-H","M","H","log",13,"13,14,20",1,"Certain","Different shape"
"8bfb02372e375bf1b9ba5eb29e0415f3","29",12,"19-25","Male","High School or Less","No","Prolific","1b39b36e7a6189897f2015f191953b9d","1","t-H_n-M","H","M","linear",12,"18,20,17,7,8,19",0,"Certain","Different range"
"8bfb02372e375bf1b9ba5eb29e0415f3","11",12,"19-25","Male","High School or Less","No","Prolific","909f6bb4a0bbb8708bcc2d96c0b7052f","2","t-E_n-H","E","H","linear",17,"17",1,"Very Certain","Different range, Different slope"
"8bfb02372e375bf1b9ba5eb29e0415f3","26",12,"19-25","Male","High School or Less","No","Prolific","ee322d63db5869407801b2c6cd54c452","1","t-H_n-E","H","E","log",1,"1",1,"Very Certain","Different shape, Different slope"
"8bfb02372e375bf1b9ba5eb29e0415f3","16",12,"19-25","Male","High School or Less","No","Prolific","07f1a227ee4ee73124d6589fada210dc","2","t-M_n-E","M","E","log",10,"10",1,"Certain","Different slope"
"8bfb02372e375bf1b9ba5eb29e0415f3","9",12,"19-25","Male","High School or Less","No","Prolific","8105c77bcc5d38d9b4e742f1b76de5fc","1","t-E_n-H","E","H","linear",15,"15",1,"Certain","Clustering, Different range"
"8bfb02372e375bf1b9ba5eb29e0415f3","23",12,"19-25","Male","High School or Less","No","Prolific","70eebf16937fb9e77a3b806afe9aa528","2","t-M_n-H","M","H","linear",13,"13",1,"Certain","Clustering, Different slope"
"ea56d370543263e45f5bffbf443c7977","28",18,"19-25","Male","Some Undergraduate Courses","Yes","Prolific","b8efad9285426a191f979b32a5094198","2","t-H_n-E","H","E","log",9,"9",1,"Very Certain","Different slope"
"ea56d370543263e45f5bffbf443c7977","25",18,"19-25","Male","Some Undergraduate Courses","Yes","Prolific","ee322d63db5869407801b2c6cd54c452","1","t-H_n-E","H","E","linear",1,"1",1,"Certain","Different slope"
"ea56d370543263e45f5bffbf443c7977","5",18,"19-25","Male","Some Undergraduate Courses","Yes","Prolific","9f2d96ab9212ba1d26f176b00e6eeec0","1","t-E_n-M","E","M","linear",12,"14",0,"Neutral","Outlier(s)"
"ea56d370543263e45f5bffbf443c7977","25",18,"19-25","Male","Some Undergraduate Courses","Yes","Prolific","ee322d63db5869407801b2c6cd54c452","1","t-H_n-E","H","E","linear",1,"19",0,"Certain","Outlier(s)"
"ea56d370543263e45f5bffbf443c7977","11",18,"19-25","Male","Some Undergraduate Courses","Yes","Prolific","909f6bb4a0bbb8708bcc2d96c0b7052f","2","t-E_n-H","E","H","linear",17,"17",1,"Certain","Different slope"
"ea56d370543263e45f5bffbf443c7977","26",18,"19-25","Male","Some Undergraduate Courses","Yes","Prolific","ee322d63db5869407801b2c6cd54c452","1","t-H_n-E","H","E","log",1,"1",1,"Certain","Different slope"
"ea56d370543263e45f5bffbf443c7977","10",18,"19-25","Male","Some Undergraduate Courses","Yes","Prolific","8105c77bcc5d38d9b4e742f1b76de5fc","1","t-E_n-H","E","H","log",15,"15",1,"Certain","Different slope"
"ea56d370543263e45f5bffbf443c7977","14",18,"19-25","Male","Some Undergraduate Courses","Yes","Prolific","85c5c5a6ab4fdb3aaf06947e0b9d4483","1","t-M_n-E","M","E","log",10,"18",0,"Neutral","Clustering"
"ea56d370543263e45f5bffbf443c7977","25",18,"19-25","Male","Some Undergraduate Courses","Yes","Prolific","ee322d63db5869407801b2c6cd54c452","1","t-H_n-E","H","E","linear",1,"1",1,"Certain","Different slope"
"ea56d370543263e45f5bffbf443c7977","28",18,"19-25","Male","Some Undergraduate Courses","Yes","Prolific","b8efad9285426a191f979b32a5094198","2","t-H_n-E","H","E","log",9,"9",1,"Very Certain","Different slope"
"ea56d370543263e45f5bffbf443c7977","25",18,"19-25","Male","Some Undergraduate Courses","Yes","Prolific","ee322d63db5869407801b2c6cd54c452","1","t-H_n-E","H","E","linear",1,"1",1,"Certain","Different slope"
"ea56d370543263e45f5bffbf443c7977","5",18,"19-25","Male","Some Undergraduate Courses","Yes","Prolific","9f2d96ab9212ba1d26f176b00e6eeec0","1","t-E_n-M","E","M","linear",12,"14",0,"Neutral","Outlier(s)"
"ea56d370543263e45f5bffbf443c7977","25",18,"19-25","Male","Some Undergraduate Courses","Yes","Prolific","ee322d63db5869407801b2c6cd54c452","1","t-H_n-E","H","E","linear",1,"19",0,"Certain","Outlier(s)"
"ea56d370543263e45f5bffbf443c7977","11",18,"19-25","Male","Some Undergraduate Courses","Yes","Prolific","909f6bb4a0bbb8708bcc2d96c0b7052f","2","t-E_n-H","E","H","linear",17,"17",1,"Certain","Different slope"
"ea56d370543263e45f5bffbf443c7977","26",18,"19-25","Male","Some Undergraduate Courses","Yes","Prolific","ee322d63db5869407801b2c6cd54c452","1","t-H_n-E","H","E","log",1,"1",1,"Certain","Different slope"
"ea56d370543263e45f5bffbf443c7977","10",18,"19-25","Male","Some Undergraduate Courses","Yes","Prolific","8105c77bcc5d38d9b4e742f1b76de5fc","1","t-E_n-H","E","H","log",15,"15",1,"Certain","Different slope"
"ea56d370543263e45f5bffbf443c7977","14",18,"19-25","Male","Some Undergraduate Courses","Yes","Prolific","85c5c5a6ab4fdb3aaf06947e0b9d4483","1","t-M_n-E","M","E","log",10,"18",0,"Neutral","Clustering"
"ea56d370543263e45f5bffbf443c7977","25",18,"19-25","Male","Some Undergraduate Courses","Yes","Prolific","ee322d63db5869407801b2c6cd54c452","1","t-H_n-E","H","E","linear",1,"1",1,"Certain","Different slope"
"949cee4018a5f98700cc18936a9a5360","28",12,"36-40","Male","Some Undergraduate Courses","Yes","Prolific","b8efad9285426a191f979b32a5094198","2","t-H_n-E","H","E","log",9,"9",1,"Certain","Different slope"
"949cee4018a5f98700cc18936a9a5360","30",12,"36-40","Male","Some Undergraduate Courses","Yes","Prolific","1b39b36e7a6189897f2015f191953b9d","1","t-H_n-M","H","M","log",12,"12",1,"Neutral","Different slope"
"949cee4018a5f98700cc18936a9a5360","25",12,"36-40","Male","Some Undergraduate Courses","Yes","Prolific","ee322d63db5869407801b2c6cd54c452","1","t-H_n-E","H","E","linear",1,"1",1,"Certain","Different range"
"949cee4018a5f98700cc18936a9a5360","14",12,"36-40","Male","Some Undergraduate Courses","Yes","Prolific","85c5c5a6ab4fdb3aaf06947e0b9d4483","1","t-M_n-E","M","E","log",10,"10",1,"Very Certain","Different slope"
"949cee4018a5f98700cc18936a9a5360","24",12,"36-40","Male","Some Undergraduate Courses","Yes","Prolific","70eebf16937fb9e77a3b806afe9aa528","2","t-M_n-H","M","H","log",13,"2",0,"Very Certain","Different shape"
"949cee4018a5f98700cc18936a9a5360","15",12,"36-40","Male","Some Undergraduate Courses","Yes","Prolific","07f1a227ee4ee73124d6589fada210dc","2","t-M_n-E","M","E","linear",10,"1",0,"Certain","Different shape"
"949cee4018a5f98700cc18936a9a5360","16",12,"36-40","Male","Some Undergraduate Courses","Yes","Prolific","07f1a227ee4ee73124d6589fada210dc","2","t-M_n-E","M","E","log",10,"7",0,"Uncertain","Different shape"
"949cee4018a5f98700cc18936a9a5360","32",12,"36-40","Male","Some Undergraduate Courses","Yes","Prolific","914e02881a7432dc34831c5dff0477e0","2","t-H_n-M","H","M","log",12,"12",1,"Very Certain","Different slope"
"949cee4018a5f98700cc18936a9a5360","10",12,"36-40","Male","Some Undergraduate Courses","Yes","Prolific","8105c77bcc5d38d9b4e742f1b76de5fc","1","t-E_n-H","E","H","log",15,"15",1,"Very Certain","Different slope"
"949cee4018a5f98700cc18936a9a5360","7",12,"36-40","Male","Some Undergraduate Courses","Yes","Prolific","076f2d6385d635ea49402478f7e44cab","2","t-E_n-M","E","M","linear",14,"14",1,"Neutral","Different range, Different shape"
"949cee4018a5f98700cc18936a9a5360","30",12,"36-40","Male","Some Undergraduate Courses","Yes","Prolific","1b39b36e7a6189897f2015f191953b9d","1","t-H_n-M","H","M","log",12,"12",1,"Certain","Different slope"
"949cee4018a5f98700cc18936a9a5360","13",12,"36-40","Male","Some Undergraduate Courses","Yes","Prolific","85c5c5a6ab4fdb3aaf06947e0b9d4483","1","t-M_n-E","M","E","linear",10,"11",0,"Neutral","Different shape"
"311648c41c4e4635f71b6f9f6506788b","14",12,"19-25","Male","High School or Less","Yes","Prolific","85c5c5a6ab4fdb3aaf06947e0b9d4483","1","t-M_n-E","M","E","log",10,"3",0,"Certain","Different range, Different slope, Outlier(s)"
"311648c41c4e4635f71b6f9f6506788b","6",12,"19-25","Male","High School or Less","Yes","Prolific","9f2d96ab9212ba1d26f176b00e6eeec0","1","t-E_n-M","E","M","log",12,"11",0,"Certain","Clustering, Different range"
"311648c41c4e4635f71b6f9f6506788b","6",12,"19-25","Male","High School or Less","Yes","Prolific","9f2d96ab9212ba1d26f176b00e6eeec0","1","t-E_n-M","E","M","log",12,"10",0,"Certain","Different range, Different shape, Outlier(s)"
"311648c41c4e4635f71b6f9f6506788b","14",12,"19-25","Male","High School or Less","Yes","Prolific","85c5c5a6ab4fdb3aaf06947e0b9d4483","1","t-M_n-E","M","E","log",10,"14",0,"Neutral","Different range, Different shape, Outlier(s)"
"311648c41c4e4635f71b6f9f6506788b","12",12,"19-25","Male","High School or Less","Yes","Prolific","909f6bb4a0bbb8708bcc2d96c0b7052f","2","t-E_n-H","E","H","log",17,"19",0,"Certain","Different range, Different shape, Different slope"
"311648c41c4e4635f71b6f9f6506788b","13",12,"19-25","Male","High School or Less","Yes","Prolific","85c5c5a6ab4fdb3aaf06947e0b9d4483","1","t-M_n-E","M","E","linear",10,"8,18",0,"Certain","Different range, Different shape, Different slope, Outlier(s)"
"311648c41c4e4635f71b6f9f6506788b","12",12,"19-25","Male","High School or Less","Yes","Prolific","909f6bb4a0bbb8708bcc2d96c0b7052f","2","t-E_n-H","E","H","log",17,"18",0,"Neutral","Clustering, Different range, Different shape"
"311648c41c4e4635f71b6f9f6506788b","12",12,"19-25","Male","High School or Less","Yes","Prolific","909f6bb4a0bbb8708bcc2d96c0b7052f","2","t-E_n-H","E","H","log",17,"17",1,"Certain","Different range, Different shape, Different slope"
"311648c41c4e4635f71b6f9f6506788b","11",12,"19-25","Male","High School or Less","Yes","Prolific","909f6bb4a0bbb8708bcc2d96c0b7052f","2","t-E_n-H","E","H","linear",17,"17",1,"Certain","Different shape, Different slope, Outlier(s)"
"311648c41c4e4635f71b6f9f6506788b","21",12,"19-25","Male","High School or Less","Yes","Prolific","17c70f64092db27a58faa6c255efd8ba","1","t-M_n-H","M","H","linear",1,"1",1,"Neutral","Different range, Different shape"
"311648c41c4e4635f71b6f9f6506788b","9",12,"19-25","Male","High School or Less","Yes","Prolific","8105c77bcc5d38d9b4e742f1b76de5fc","1","t-E_n-H","E","H","linear",15,"15",1,"Certain","Different range, Different shape, Different slope, Outlier(s)"
"311648c41c4e4635f71b6f9f6506788b","13",12,"19-25","Male","High School or Less","Yes","Prolific","85c5c5a6ab4fdb3aaf06947e0b9d4483","1","t-M_n-E","M","E","linear",10,"18",0,"Neutral","Different range, Different shape, Different slope"
"1c933ea32b7ef31b7497b1f6e4446dec","14",11,"19-25","Male","Undergraduate Degree","Yes","Prolific","85c5c5a6ab4fdb3aaf06947e0b9d4483","1","t-M_n-E","M","E","log",10,"10",1,"Certain","Different shape"
"1c933ea32b7ef31b7497b1f6e4446dec","12",11,"19-25","Male","Undergraduate Degree","Yes","Prolific","909f6bb4a0bbb8708bcc2d96c0b7052f","2","t-E_n-H","E","H","log",17,"17",1,"Very Certain","Different shape"
"1c933ea32b7ef31b7497b1f6e4446dec","28",11,"19-25","Male","Undergraduate Degree","Yes","Prolific","b8efad9285426a191f979b32a5094198","2","t-H_n-E","H","E","log",9,"9",1,"Very Certain","Different shape"
"1c933ea32b7ef31b7497b1f6e4446dec","9",11,"19-25","Male","Undergraduate Degree","Yes","Prolific","8105c77bcc5d38d9b4e742f1b76de5fc","1","t-E_n-H","E","H","linear",15,"15",1,"Very Certain","Different shape"
"1c933ea32b7ef31b7497b1f6e4446dec","8",11,"19-25","Male","Undergraduate Degree","Yes","Prolific","076f2d6385d635ea49402478f7e44cab","2","t-E_n-M","E","M","log",14,"14",1,"Very Certain","Different shape"
"1c933ea32b7ef31b7497b1f6e4446dec","15",11,"19-25","Male","Undergraduate Degree","Yes","Prolific","07f1a227ee4ee73124d6589fada210dc","2","t-M_n-E","M","E","linear",10,"14",0,"Certain","Clustering"
"1c933ea32b7ef31b7497b1f6e4446dec","11",11,"19-25","Male","Undergraduate Degree","Yes","Prolific","909f6bb4a0bbb8708bcc2d96c0b7052f","2","t-E_n-H","E","H","linear",17,"17",1,"Very Certain","Different shape"
"1c933ea32b7ef31b7497b1f6e4446dec","27",11,"19-25","Male","Undergraduate Degree","Yes","Prolific","b8efad9285426a191f979b32a5094198","2","t-H_n-E","H","E","linear",9,"9",1,"Very Certain","Different shape"
"1c933ea32b7ef31b7497b1f6e4446dec","15",11,"19-25","Male","Undergraduate Degree","Yes","Prolific","07f1a227ee4ee73124d6589fada210dc","2","t-M_n-E","M","E","linear",10,"14",0,"Neutral","Clustering"
"1c933ea32b7ef31b7497b1f6e4446dec","24",11,"19-25","Male","Undergraduate Degree","Yes","Prolific","70eebf16937fb9e77a3b806afe9aa528","2","t-M_n-H","M","H","log",13,"13",1,"Certain","Different slope"
"1c933ea32b7ef31b7497b1f6e4446dec","12",11,"19-25","Male","Undergraduate Degree","Yes","Prolific","909f6bb4a0bbb8708bcc2d96c0b7052f","2","t-E_n-H","E","H","log",17,"17",1,"Very Certain","Different shape"
"cb69ca50a5461809d86fa9f9b4266fe3","14",10,"19-25","Male","High School or Less","Yes","Prolific","85c5c5a6ab4fdb3aaf06947e0b9d4483","1","t-M_n-E","M","E","log",10,"8",0,"Very Certain","Outlier(s)"
"cb69ca50a5461809d86fa9f9b4266fe3","6",10,"19-25","Male","High School or Less","Yes","Prolific","9f2d96ab9212ba1d26f176b00e6eeec0","1","t-E_n-M","E","M","log",12,"17",0,"Certain","Outlier(s)"
"cb69ca50a5461809d86fa9f9b4266fe3","21",10,"19-25","Male","High School or Less","Yes","Prolific","17c70f64092db27a58faa6c255efd8ba","1","t-M_n-H","M","H","linear",1,"1",1,"Certain","Different shape"
"cb69ca50a5461809d86fa9f9b4266fe3","14",10,"19-25","Male","High School or Less","Yes","Prolific","85c5c5a6ab4fdb3aaf06947e0b9d4483","1","t-M_n-E","M","E","log",10,"19",0,"Neutral","Different shape"
"cb69ca50a5461809d86fa9f9b4266fe3","30",10,"19-25","Male","High School or Less","Yes","Prolific","1b39b36e7a6189897f2015f191953b9d","1","t-H_n-M","H","M","log",12,"2",0,"Certain","Different range"
"cb69ca50a5461809d86fa9f9b4266fe3","25",10,"19-25","Male","High School or Less","Yes","Prolific","ee322d63db5869407801b2c6cd54c452","1","t-H_n-E","H","E","linear",1,"1,3,15,17",1,"Certain","Different shape, Outlier(s)"
"cb69ca50a5461809d86fa9f9b4266fe3","30",10,"19-25","Male","High School or Less","Yes","Prolific","1b39b36e7a6189897f2015f191953b9d","1","t-H_n-M","H","M","log",12,"12",1,"Very Certain","Different shape"
"cb69ca50a5461809d86fa9f9b4266fe3","8",10,"19-25","Male","High School or Less","Yes","Prolific","076f2d6385d635ea49402478f7e44cab","2","t-E_n-M","E","M","log",14,"14",1,"Very Certain","Different shape"
"cb69ca50a5461809d86fa9f9b4266fe3","14",10,"19-25","Male","High School or Less","Yes","Prolific","85c5c5a6ab4fdb3aaf06947e0b9d4483","1","t-M_n-E","M","E","log",10,"19",0,"Very Certain","Different shape"
"cb69ca50a5461809d86fa9f9b4266fe3","13",10,"19-25","Male","High School or Less","Yes","Prolific","85c5c5a6ab4fdb3aaf06947e0b9d4483","1","t-M_n-E","M","E","linear",10,"3,8,11,17,18,14",0,"Certain","Different shape, Outlier(s)"
"f7ebedac94071228caec5e50706b909d","16",12,"19-25","Male","Some Graduate Courses","Yes","Prolific","07f1a227ee4ee73124d6589fada210dc","2","t-M_n-E","M","E","log",10,"9",0,"Certain","Different range"
"f7ebedac94071228caec5e50706b909d","14",12,"19-25","Male","Some Graduate Courses","Yes","Prolific","85c5c5a6ab4fdb3aaf06947e0b9d4483","1","t-M_n-E","M","E","log",10,"19,9,10",1,"Certain","Different slope"
"f7ebedac94071228caec5e50706b909d","6",12,"19-25","Male","Some Graduate Courses","Yes","Prolific","9f2d96ab9212ba1d26f176b00e6eeec0","1","t-E_n-M","E","M","log",12,"12",1,"Neutral","Different slope"
"f7ebedac94071228caec5e50706b909d","28",12,"19-25","Male","Some Graduate Courses","Yes","Prolific","b8efad9285426a191f979b32a5094198","2","t-H_n-E","H","E","log",9,"9",1,"Very Certain","Different slope"
"f7ebedac94071228caec5e50706b909d","10",12,"19-25","Male","Some Graduate Courses","Yes","Prolific","8105c77bcc5d38d9b4e742f1b76de5fc","1","t-E_n-H","E","H","log",15,"15",1,"Very Certain","Different slope"
"f7ebedac94071228caec5e50706b909d","13",12,"19-25","Male","Some Graduate Courses","Yes","Prolific","85c5c5a6ab4fdb3aaf06947e0b9d4483","1","t-M_n-E","M","E","linear",10,"3,11,19",0,"Neutral","Different range"
"f7ebedac94071228caec5e50706b909d","30",12,"19-25","Male","Some Graduate Courses","Yes","Prolific","1b39b36e7a6189897f2015f191953b9d","1","t-H_n-M","H","M","log",12,"14,18",0,"Neutral","Clustering"
"f7ebedac94071228caec5e50706b909d","27",12,"19-25","Male","Some Graduate Courses","Yes","Prolific","b8efad9285426a191f979b32a5094198","2","t-H_n-E","H","E","linear",9,"7,6,14,15",0,"Certain","Different range"
"f7ebedac94071228caec5e50706b909d","30",12,"19-25","Male","Some Graduate Courses","Yes","Prolific","1b39b36e7a6189897f2015f191953b9d","1","t-H_n-M","H","M","log",12,"2,4",0,"Certain","Clustering"
"f7ebedac94071228caec5e50706b909d","8",12,"19-25","Male","Some Graduate Courses","Yes","Prolific","076f2d6385d635ea49402478f7e44cab","2","t-E_n-M","E","M","log",14,"14",1,"Neutral","Different slope"
"f7ebedac94071228caec5e50706b909d","14",12,"19-25","Male","Some Graduate Courses","Yes","Prolific","85c5c5a6ab4fdb3aaf06947e0b9d4483","1","t-M_n-E","M","E","log",10,"4,2,1",0,"Neutral","Different range"
"f7ebedac94071228caec5e50706b909d","13",12,"19-25","Male","Some Graduate Courses","Yes","Prolific","85c5c5a6ab4fdb3aaf06947e0b9d4483","1","t-M_n-E","M","E","linear",10,"8,3,17",0,"Uncertain","Outlier(s)"
"590cc2aeee34bb38b8b1609a0f8d9c57","23",13,"19-25","Male","Some Undergraduate Courses","Yes","Prolific","70eebf16937fb9e77a3b806afe9aa528","2","t-M_n-H","M","H","linear",13,"13",1,"Very Uncertain","Different slope"
"590cc2aeee34bb38b8b1609a0f8d9c57","14",13,"19-25","Male","Some Undergraduate Courses","Yes","Prolific","85c5c5a6ab4fdb3aaf06947e0b9d4483","1","t-M_n-E","M","E","log",10,"10",1,"Very Uncertain","Different shape, Different slope"
"590cc2aeee34bb38b8b1609a0f8d9c57","6",13,"19-25","Male","Some Undergraduate Courses","Yes","Prolific","9f2d96ab9212ba1d26f176b00e6eeec0","1","t-E_n-M","E","M","log",12,"12",1,"Very Uncertain","Clustering, Outlier(s)"
"590cc2aeee34bb38b8b1609a0f8d9c57","22",13,"19-25","Male","Some Undergraduate Courses","Yes","Prolific","17c70f64092db27a58faa6c255efd8ba","1","t-M_n-H","M","H","log",1,"1",1,"Very Uncertain","Different shape, Different slope"
"590cc2aeee34bb38b8b1609a0f8d9c57","7",13,"19-25","Male","Some Undergraduate Courses","Yes","Prolific","076f2d6385d635ea49402478f7e44cab","2","t-E_n-M","E","M","linear",14,"14",1,"Very Uncertain","Different range, Different shape, Outlier(s)"
"590cc2aeee34bb38b8b1609a0f8d9c57","29",13,"19-25","Male","Some Undergraduate Courses","Yes","Prolific","1b39b36e7a6189897f2015f191953b9d","1","t-H_n-M","H","M","linear",12,"16",0,"Certain","Clustering"
"590cc2aeee34bb38b8b1609a0f8d9c57","14",13,"19-25","Male","Some Undergraduate Courses","Yes","Prolific","85c5c5a6ab4fdb3aaf06947e0b9d4483","1","t-M_n-E","M","E","log",10,"10",1,"Certain","Different shape, Different slope"
"590cc2aeee34bb38b8b1609a0f8d9c57","29",13,"19-25","Male","Some Undergraduate Courses","Yes","Prolific","1b39b36e7a6189897f2015f191953b9d","1","t-H_n-M","H","M","linear",12,"8",0,"Neutral","Different shape, Outlier(s)"
"590cc2aeee34bb38b8b1609a0f8d9c57","24",13,"19-25","Male","Some Undergraduate Courses","Yes","Prolific","70eebf16937fb9e77a3b806afe9aa528","2","t-M_n-H","M","H","log",13,"13",1,"Neutral","Different shape"
"590cc2aeee34bb38b8b1609a0f8d9c57","23",13,"19-25","Male","Some Undergraduate Courses","Yes","Prolific","70eebf16937fb9e77a3b806afe9aa528","2","t-M_n-H","M","H","linear",13,"13",1,"Certain","Different slope, Outlier(s)"
"590cc2aeee34bb38b8b1609a0f8d9c57","8",13,"19-25","Male","Some Undergraduate Courses","Yes","Prolific","076f2d6385d635ea49402478f7e44cab","2","t-E_n-M","E","M","log",14,"14",1,"Certain","Different shape, Outlier(s)"
"590cc2aeee34bb38b8b1609a0f8d9c57","24",13,"19-25","Male","Some Undergraduate Courses","Yes","Prolific","70eebf16937fb9e77a3b806afe9aa528","2","t-M_n-H","M","H","log",13,"2",0,"Very Certain","Clustering, Outlier(s)"
"590cc2aeee34bb38b8b1609a0f8d9c57","22",13,"19-25","Male","Some Undergraduate Courses","Yes","Prolific","17c70f64092db27a58faa6c255efd8ba","1","t-M_n-H","M","H","log",1,"1",1,"Very Certain","Different shape, Different slope"
"f5587d98f923c2c7a54bfe4e0e06c8d2","16",11,"19-25","Male","Undergraduate Degree","Yes","Prolific","07f1a227ee4ee73124d6589fada210dc","2","t-M_n-E","M","E","log",10,"4",0,"Uncertain","Different range, Different shape, Different slope"
"f5587d98f923c2c7a54bfe4e0e06c8d2","14",11,"19-25","Male","Undergraduate Degree","Yes","Prolific","85c5c5a6ab4fdb3aaf06947e0b9d4483","1","t-M_n-E","M","E","log",10,"12",0,"Neutral","Different range"
"f5587d98f923c2c7a54bfe4e0e06c8d2","13",11,"19-25","Male","Undergraduate Degree","Yes","Prolific","85c5c5a6ab4fdb3aaf06947e0b9d4483","1","t-M_n-E","M","E","linear",10,"19",0,"Certain","Different shape"
"f5587d98f923c2c7a54bfe4e0e06c8d2","14",11,"19-25","Male","Undergraduate Degree","Yes","Prolific","85c5c5a6ab4fdb3aaf06947e0b9d4483","1","t-M_n-E","M","E","log",10,"10",1,"Certain","Different range, Different shape, Outlier(s)"
"f5587d98f923c2c7a54bfe4e0e06c8d2","24",11,"19-25","Male","Undergraduate Degree","Yes","Prolific","70eebf16937fb9e77a3b806afe9aa528","2","t-M_n-H","M","H","log",13,"2",0,"Certain","Clustering, Different range, Different shape"
"f5587d98f923c2c7a54bfe4e0e06c8d2","11",11,"19-25","Male","Undergraduate Degree","Yes","Prolific","909f6bb4a0bbb8708bcc2d96c0b7052f","2","t-E_n-H","E","H","linear",17,"17",1,"Neutral","Different range, Different slope"
"f5587d98f923c2c7a54bfe4e0e06c8d2","7",11,"19-25","Male","Undergraduate Degree","Yes","Prolific","076f2d6385d635ea49402478f7e44cab","2","t-E_n-M","E","M","linear",14,"11",0,"Certain","Different shape"
"f5587d98f923c2c7a54bfe4e0e06c8d2","8",11,"19-25","Male","Undergraduate Degree","Yes","Prolific","076f2d6385d635ea49402478f7e44cab","2","t-E_n-M","E","M","log",14,"14",1,"Certain","Different shape, Different slope"
"f5587d98f923c2c7a54bfe4e0e06c8d2","32",11,"19-25","Male","Undergraduate Degree","Yes","Prolific","914e02881a7432dc34831c5dff0477e0","2","t-H_n-M","H","M","log",12,"8",0,"Neutral","Clustering, Different range"
"f5587d98f923c2c7a54bfe4e0e06c8d2","6",11,"19-25","Male","Undergraduate Degree","Yes","Prolific","9f2d96ab9212ba1d26f176b00e6eeec0","1","t-E_n-M","E","M","log",12,"7",0,"Neutral","Different shape"
"f5587d98f923c2c7a54bfe4e0e06c8d2","25",11,"19-25","Male","Undergraduate Degree","Yes","Prolific","ee322d63db5869407801b2c6cd54c452","1","t-H_n-E","H","E","linear",1,"15",0,"Neutral","Clustering, Different shape"
"8925541b627d21563031cace7ddd4a24","13",12,"26-30","Female","Graduate Degree","Yes","Prolific","85c5c5a6ab4fdb3aaf06947e0b9d4483","1","t-M_n-E","M","E","linear",10,"15",0,"Neutral","Different slope"
"8925541b627d21563031cace7ddd4a24","31",12,"26-30","Female","Graduate Degree","Yes","Prolific","914e02881a7432dc34831c5dff0477e0","2","t-H_n-M","H","M","linear",12,"8",0,"Certain","Different range"
"8925541b627d21563031cace7ddd4a24","5",12,"26-30","Female","Graduate Degree","Yes","Prolific","9f2d96ab9212ba1d26f176b00e6eeec0","1","t-E_n-M","E","M","linear",12,"19",0,"Uncertain","Different range"
"8925541b627d21563031cace7ddd4a24","16",12,"26-30","Female","Graduate Degree","Yes","Prolific","07f1a227ee4ee73124d6589fada210dc","2","t-M_n-E","M","E","log",10,"13",0,"Neutral","Outlier(s)"
"8925541b627d21563031cace7ddd4a24","5",12,"26-30","Female","Graduate Degree","Yes","Prolific","9f2d96ab9212ba1d26f176b00e6eeec0","1","t-E_n-M","E","M","linear",12,"19",0,"Certain","Different range"
"8925541b627d21563031cace7ddd4a24","5",12,"26-30","Female","Graduate Degree","Yes","Prolific","9f2d96ab9212ba1d26f176b00e6eeec0","1","t-E_n-M","E","M","linear",12,"16",0,"Neutral","Clustering"
"8925541b627d21563031cace7ddd4a24","15",12,"26-30","Female","Graduate Degree","Yes","Prolific","07f1a227ee4ee73124d6589fada210dc","2","t-M_n-E","M","E","linear",10,"2",0,"Uncertain","Different range"
"8925541b627d21563031cace7ddd4a24","11",12,"26-30","Female","Graduate Degree","Yes","Prolific","909f6bb4a0bbb8708bcc2d96c0b7052f","2","t-E_n-H","E","H","linear",17,"17",1,"Certain","Different shape"
"8925541b627d21563031cace7ddd4a24","27",12,"26-30","Female","Graduate Degree","Yes","Prolific","b8efad9285426a191f979b32a5094198","2","t-H_n-E","H","E","linear",9,"9",1,"Neutral","Different shape"
"8925541b627d21563031cace7ddd4a24","15",12,"26-30","Female","Graduate Degree","Yes","Prolific","07f1a227ee4ee73124d6589fada210dc","2","t-M_n-E","M","E","linear",10,"7",0,"Uncertain","Different range"
"8925541b627d21563031cace7ddd4a24","24",12,"26-30","Female","Graduate Degree","Yes","Prolific","70eebf16937fb9e77a3b806afe9aa528","2","t-M_n-H","M","H","log",13,"2",0,"Very Uncertain","Different shape"
"8925541b627d21563031cace7ddd4a24","13",12,"26-30","Female","Graduate Degree","Yes","Prolific","85c5c5a6ab4fdb3aaf06947e0b9d4483","1","t-M_n-E","M","E","linear",10,"19",0,"Uncertain","Different range"
"293e659f694781c54053eb995faa8c01","32",12,"19-25","Female","Graduate Degree","Yes","Prolific","914e02881a7432dc34831c5dff0477e0","2","t-H_n-M","H","M","log",12,"12",1,"Very Uncertain","Different range"
"293e659f694781c54053eb995faa8c01","12",12,"19-25","Female","Graduate Degree","Yes","Prolific","909f6bb4a0bbb8708bcc2d96c0b7052f","2","t-E_n-H","E","H","log",17,"17",1,"Very Uncertain","Different shape"
"293e659f694781c54053eb995faa8c01","5",12,"19-25","Female","Graduate Degree","Yes","Prolific","9f2d96ab9212ba1d26f176b00e6eeec0","1","t-E_n-M","E","M","linear",12,"1",0,"Neutral","Clustering"
"293e659f694781c54053eb995faa8c01","32",12,"19-25","Female","Graduate Degree","Yes","Prolific","914e02881a7432dc34831c5dff0477e0","2","t-H_n-M","H","M","log",12,"12",1,"Certain","Different range"
"293e659f694781c54053eb995faa8c01","5",12,"19-25","Female","Graduate Degree","Yes","Prolific","9f2d96ab9212ba1d26f176b00e6eeec0","1","t-E_n-M","E","M","linear",12,"16",0,"Neutral","Clustering"
"293e659f694781c54053eb995faa8c01","30",12,"19-25","Female","Graduate Degree","Yes","Prolific","1b39b36e7a6189897f2015f191953b9d","1","t-H_n-M","H","M","log",12,"12",1,"Certain","Different range"
"293e659f694781c54053eb995faa8c01","31",12,"19-25","Female","Graduate Degree","Yes","Prolific","914e02881a7432dc34831c5dff0477e0","2","t-H_n-M","H","M","linear",12,"6",0,"Very Certain","Different range"
"293e659f694781c54053eb995faa8c01","21",12,"19-25","Female","Graduate Degree","Yes","Prolific","17c70f64092db27a58faa6c255efd8ba","1","t-M_n-H","M","H","linear",1,"11",0,"Certain","Different range"
"293e659f694781c54053eb995faa8c01","11",12,"19-25","Female","Graduate Degree","Yes","Prolific","909f6bb4a0bbb8708bcc2d96c0b7052f","2","t-E_n-H","E","H","linear",17,"17",1,"Very Certain","Different shape"
"293e659f694781c54053eb995faa8c01","15",12,"19-25","Female","Graduate Degree","Yes","Prolific","07f1a227ee4ee73124d6589fada210dc","2","t-M_n-E","M","E","linear",10,"14",0,"Neutral","Different slope"
"293e659f694781c54053eb995faa8c01","9",12,"19-25","Female","Graduate Degree","Yes","Prolific","8105c77bcc5d38d9b4e742f1b76de5fc","1","t-E_n-H","E","H","linear",15,"15",1,"Very Certain","Outlier(s)"
"293e659f694781c54053eb995faa8c01","13",12,"19-25","Female","Graduate Degree","Yes","Prolific","85c5c5a6ab4fdb3aaf06947e0b9d4483","1","t-M_n-E","M","E","linear",10,"11",0,"Very Certain","Outlier(s)"
"aeb9df94681b8df658a57f7d07482391","13",13,"19-25","Male","Some Undergraduate Courses","Yes","Prolific","85c5c5a6ab4fdb3aaf06947e0b9d4483","1","t-M_n-E","M","E","linear",10,"11",0,"Very Certain","Clustering, Different slope, Outlier(s)"
"aeb9df94681b8df658a57f7d07482391","15",13,"19-25","Male","Some Undergraduate Courses","Yes","Prolific","07f1a227ee4ee73124d6589fada210dc","2","t-M_n-E","M","E","linear",10,"2",0,"Neutral","Clustering, Different shape"
"aeb9df94681b8df658a57f7d07482391","14",13,"19-25","Male","Some Undergraduate Courses","Yes","Prolific","85c5c5a6ab4fdb3aaf06947e0b9d4483","1","t-M_n-E","M","E","log",10,"10",1,"Certain","Different shape, Different slope"
"aeb9df94681b8df658a57f7d07482391","29",13,"19-25","Male","Some Undergraduate Courses","Yes","Prolific","1b39b36e7a6189897f2015f191953b9d","1","t-H_n-M","H","M","linear",12,"8",0,"Very Certain","Clustering, Outlier(s)"
"aeb9df94681b8df658a57f7d07482391","25",13,"19-25","Male","Some Undergraduate Courses","Yes","Prolific","ee322d63db5869407801b2c6cd54c452","1","t-H_n-E","H","E","linear",1,"1",1,"Very Certain","Clustering, Different shape, Different slope"
"aeb9df94681b8df658a57f7d07482391","32",13,"19-25","Male","Some Undergraduate Courses","Yes","Prolific","914e02881a7432dc34831c5dff0477e0","2","t-H_n-M","H","M","log",12,"3",0,"Certain","Clustering, Outlier(s)"
"aeb9df94681b8df658a57f7d07482391","31",13,"19-25","Male","Some Undergraduate Courses","Yes","Prolific","914e02881a7432dc34831c5dff0477e0","2","t-H_n-M","H","M","linear",12,"3",0,"Very Certain","Clustering, Different shape, Outlier(s)"
"aeb9df94681b8df658a57f7d07482391","14",13,"19-25","Male","Some Undergraduate Courses","Yes","Prolific","85c5c5a6ab4fdb3aaf06947e0b9d4483","1","t-M_n-E","M","E","log",10,"2,19",0,"Neutral","Different shape, Outlier(s)"
"aeb9df94681b8df658a57f7d07482391","30",13,"19-25","Male","Some Undergraduate Courses","Yes","Prolific","1b39b36e7a6189897f2015f191953b9d","1","t-H_n-M","H","M","log",12,"2",0,"Very Certain","Clustering"
"aeb9df94681b8df658a57f7d07482391","14",13,"19-25","Male","Some Undergraduate Courses","Yes","Prolific","85c5c5a6ab4fdb3aaf06947e0b9d4483","1","t-M_n-E","M","E","log",10,"19",0,"Certain","Clustering"
"aeb9df94681b8df658a57f7d07482391","27",13,"19-25","Male","Some Undergraduate Courses","Yes","Prolific","b8efad9285426a191f979b32a5094198","2","t-H_n-E","H","E","linear",9,"10",0,"Very Certain","Clustering, Different shape, Outlier(s)"
"aeb9df94681b8df658a57f7d07482391","6",13,"19-25","Male","Some Undergraduate Courses","Yes","Prolific","9f2d96ab9212ba1d26f176b00e6eeec0","1","t-E_n-M","E","M","log",12,"19",0,"Certain","Clustering"
"aeb9df94681b8df658a57f7d07482391","23",13,"19-25","Male","Some Undergraduate Courses","Yes","Prolific","70eebf16937fb9e77a3b806afe9aa528","2","t-M_n-H","M","H","linear",13,"13",1,"Very Certain","Different shape, Outlier(s)"
"49cc518eebf31e0204fcd237a06beead","13",12,"19-25","Female","Some Undergraduate Courses","No","Prolific","85c5c5a6ab4fdb3aaf06947e0b9d4483","1","t-M_n-E","M","E","linear",10,"16",0,"Neutral","Different shape, Different slope"
"49cc518eebf31e0204fcd237a06beead","15",12,"19-25","Female","Some Undergraduate Courses","No","Prolific","07f1a227ee4ee73124d6589fada210dc","2","t-M_n-E","M","E","linear",10,"14",0,"Certain","Different shape, Different slope"
"49cc518eebf31e0204fcd237a06beead","13",12,"19-25","Female","Some Undergraduate Courses","No","Prolific","85c5c5a6ab4fdb3aaf06947e0b9d4483","1","t-M_n-E","M","E","linear",10,"19,16",0,"Certain","Different shape, Different slope"
"49cc518eebf31e0204fcd237a06beead","14",12,"19-25","Female","Some Undergraduate Courses","No","Prolific","85c5c5a6ab4fdb3aaf06947e0b9d4483","1","t-M_n-E","M","E","log",10,"10,5,20,19",1,"Certain","Different slope"
"49cc518eebf31e0204fcd237a06beead","23",12,"19-25","Female","Some Undergraduate Courses","No","Prolific","70eebf16937fb9e77a3b806afe9aa528","2","t-M_n-H","M","H","linear",13,"13",1,"Certain","Different range"
"49cc518eebf31e0204fcd237a06beead","29",12,"19-25","Female","Some Undergraduate Courses","No","Prolific","1b39b36e7a6189897f2015f191953b9d","1","t-H_n-M","H","M","linear",12,"5",0,"Neutral","Clustering"
"49cc518eebf31e0204fcd237a06beead","14",12,"19-25","Female","Some Undergraduate Courses","No","Prolific","85c5c5a6ab4fdb3aaf06947e0b9d4483","1","t-M_n-E","M","E","log",10,"4",0,"Certain","Clustering"
"49cc518eebf31e0204fcd237a06beead","29",12,"19-25","Female","Some Undergraduate Courses","No","Prolific","1b39b36e7a6189897f2015f191953b9d","1","t-H_n-M","H","M","linear",12,"5",0,"Uncertain","Clustering, Different shape"
"49cc518eebf31e0204fcd237a06beead","30",12,"19-25","Female","Some Undergraduate Courses","No","Prolific","1b39b36e7a6189897f2015f191953b9d","1","t-H_n-M","H","M","log",12,"5,1",0,"Neutral","Clustering"
"49cc518eebf31e0204fcd237a06beead","8",12,"19-25","Female","Some Undergraduate Courses","No","Prolific","076f2d6385d635ea49402478f7e44cab","2","t-E_n-M","E","M","log",14,"18,19,1",0,"Neutral","Clustering, Different range"
"49cc518eebf31e0204fcd237a06beead","14",12,"19-25","Female","Some Undergraduate Courses","No","Prolific","85c5c5a6ab4fdb3aaf06947e0b9d4483","1","t-M_n-E","M","E","log",10,"1",0,"Neutral","Outlier(s)"
"49cc518eebf31e0204fcd237a06beead","13",12,"19-25","Female","Some Undergraduate Courses","No","Prolific","85c5c5a6ab4fdb3aaf06947e0b9d4483","1","t-M_n-E","M","E","linear",10,"20",0,"Certain","Other, No outliers"
"f0c0863a470af3bd310c83602272207c","13",12,"36-40","Female","Graduate Degree","Yes","Prolific","85c5c5a6ab4fdb3aaf06947e0b9d4483","1","t-M_n-E","M","E","linear",10,"13",0,"Certain","Different range"
"f0c0863a470af3bd310c83602272207c","12",12,"36-40","Female","Graduate Degree","Yes","Prolific","909f6bb4a0bbb8708bcc2d96c0b7052f","2","t-E_n-H","E","H","log",17,"17",1,"Certain","Different slope"
"f0c0863a470af3bd310c83602272207c","27",12,"36-40","Female","Graduate Degree","Yes","Prolific","b8efad9285426a191f979b32a5094198","2","t-H_n-E","H","E","linear",9,"9",1,"Certain","Different shape"
"f0c0863a470af3bd310c83602272207c","22",12,"36-40","Female","Graduate Degree","Yes","Prolific","17c70f64092db27a58faa6c255efd8ba","1","t-M_n-H","M","H","log",1,"1",1,"Neutral","Outlier(s)"
"f0c0863a470af3bd310c83602272207c","23",12,"36-40","Female","Graduate Degree","Yes","Prolific","70eebf16937fb9e77a3b806afe9aa528","2","t-M_n-H","M","H","linear",13,"13",1,"Certain","Outlier(s)"
"f0c0863a470af3bd310c83602272207c","12",12,"36-40","Female","Graduate Degree","Yes","Prolific","909f6bb4a0bbb8708bcc2d96c0b7052f","2","t-E_n-H","E","H","log",17,"17",1,"Certain","Different shape"
"f0c0863a470af3bd310c83602272207c","26",12,"36-40","Female","Graduate Degree","Yes","Prolific","ee322d63db5869407801b2c6cd54c452","1","t-H_n-E","H","E","log",1,"1",1,"Certain","Different shape"
"f0c0863a470af3bd310c83602272207c","24",12,"36-40","Female","Graduate Degree","Yes","Prolific","70eebf16937fb9e77a3b806afe9aa528","2","t-M_n-H","M","H","log",13,"8",0,"Neutral","Outlier(s)"
"f0c0863a470af3bd310c83602272207c","23",12,"36-40","Female","Graduate Degree","Yes","Prolific","70eebf16937fb9e77a3b806afe9aa528","2","t-M_n-H","M","H","linear",13,"13",1,"Certain","Different shape"
"f0c0863a470af3bd310c83602272207c","15",12,"36-40","Female","Graduate Degree","Yes","Prolific","07f1a227ee4ee73124d6589fada210dc","2","t-M_n-E","M","E","linear",10,"14",0,"Certain","Outlier(s)"
"f0c0863a470af3bd310c83602272207c","28",12,"36-40","Female","Graduate Degree","Yes","Prolific","b8efad9285426a191f979b32a5094198","2","t-H_n-E","H","E","log",9,"9",1,"Certain","Different shape"
"f0c0863a470af3bd310c83602272207c","10",12,"36-40","Female","Graduate Degree","Yes","Prolific","8105c77bcc5d38d9b4e742f1b76de5fc","1","t-E_n-H","E","H","log",15,"15",1,"Certain","Different slope"
"5e60d4a67d51a2042d1c457e27af2b13","16",11,"19-25","Female","Undergraduate Degree","Yes","Prolific","07f1a227ee4ee73124d6589fada210dc","2","t-M_n-E","M","E","log",10,"13",0,"Certain","Different range"
"5e60d4a67d51a2042d1c457e27af2b13","28",11,"19-25","Female","Undergraduate Degree","Yes","Prolific","b8efad9285426a191f979b32a5094198","2","t-H_n-E","H","E","log",9,"20",0,"Certain","Clustering"
"5e60d4a67d51a2042d1c457e27af2b13","14",11,"19-25","Female","Undergraduate Degree","Yes","Prolific","85c5c5a6ab4fdb3aaf06947e0b9d4483","1","t-M_n-E","M","E","log",10,"2",0,"Uncertain","Outlier(s)"
"5e60d4a67d51a2042d1c457e27af2b13","11",11,"19-25","Female","Undergraduate Degree","Yes","Prolific","909f6bb4a0bbb8708bcc2d96c0b7052f","2","t-E_n-H","E","H","linear",17,"17",1,"Neutral","Different slope"
"5e60d4a67d51a2042d1c457e27af2b13","25",11,"19-25","Female","Undergraduate Degree","Yes","Prolific","ee322d63db5869407801b2c6cd54c452","1","t-H_n-E","H","E","linear",1,"3",0,"Uncertain","Different shape"
"5e60d4a67d51a2042d1c457e27af2b13","7",11,"19-25","Female","Undergraduate Degree","Yes","Prolific","076f2d6385d635ea49402478f7e44cab","2","t-E_n-M","E","M","linear",14,"14",1,"Neutral","Clustering"
"5e60d4a67d51a2042d1c457e27af2b13","16",11,"19-25","Female","Undergraduate Degree","Yes","Prolific","07f1a227ee4ee73124d6589fada210dc","2","t-M_n-E","M","E","log",10,"13",0,"Certain","Different range"
"5e60d4a67d51a2042d1c457e27af2b13","16",11,"19-25","Female","Undergraduate Degree","Yes","Prolific","07f1a227ee4ee73124d6589fada210dc","2","t-M_n-E","M","E","log",10,"13",0,"Certain","Different range"
"5e60d4a67d51a2042d1c457e27af2b13","27",11,"19-25","Female","Undergraduate Degree","Yes","Prolific","b8efad9285426a191f979b32a5094198","2","t-H_n-E","H","E","linear",9,"6",0,"Uncertain","Outlier(s)"
"5e60d4a67d51a2042d1c457e27af2b13","9",11,"19-25","Female","Undergraduate Degree","Yes","Prolific","8105c77bcc5d38d9b4e742f1b76de5fc","1","t-E_n-H","E","H","linear",15,"15",1,"Certain","Clustering"
"5e60d4a67d51a2042d1c457e27af2b13","5",11,"19-25","Female","Undergraduate Degree","Yes","Prolific","9f2d96ab9212ba1d26f176b00e6eeec0","1","t-E_n-M","E","M","linear",12,"20",0,"Uncertain","Different range"
"3dd9ad42446d0924d420ec0a28828f59","30",12,"19-25","Male","Graduate Degree","Yes","Prolific","1b39b36e7a6189897f2015f191953b9d","1","t-H_n-M","H","M","log",12,"2",0,"Certain","Clustering"
"3dd9ad42446d0924d420ec0a28828f59","31",12,"19-25","Male","Graduate Degree","Yes","Prolific","914e02881a7432dc34831c5dff0477e0","2","t-H_n-M","H","M","linear",12,"7",0,"Very Certain","Different shape"
"3dd9ad42446d0924d420ec0a28828f59","10",12,"19-25","Male","Graduate Degree","Yes","Prolific","8105c77bcc5d38d9b4e742f1b76de5fc","1","t-E_n-H","E","H","log",15,"15",1,"Very Certain","Different shape"
"3dd9ad42446d0924d420ec0a28828f59","12",12,"19-25","Male","Graduate Degree","Yes","Prolific","909f6bb4a0bbb8708bcc2d96c0b7052f","2","t-E_n-H","E","H","log",17,"17",1,"Certain","Different shape"
"3dd9ad42446d0924d420ec0a28828f59","23",12,"19-25","Male","Graduate Degree","Yes","Prolific","70eebf16937fb9e77a3b806afe9aa528","2","t-M_n-H","M","H","linear",13,"13",1,"Certain","Different slope"
"3dd9ad42446d0924d420ec0a28828f59","29",12,"19-25","Male","Graduate Degree","Yes","Prolific","1b39b36e7a6189897f2015f191953b9d","1","t-H_n-M","H","M","linear",12,"4",0,"Neutral","Clustering"
"3dd9ad42446d0924d420ec0a28828f59","14",12,"19-25","Male","Graduate Degree","Yes","Prolific","85c5c5a6ab4fdb3aaf06947e0b9d4483","1","t-M_n-E","M","E","log",10,"4",0,"Certain","Clustering"
"3dd9ad42446d0924d420ec0a28828f59","27",12,"19-25","Male","Graduate Degree","Yes","Prolific","b8efad9285426a191f979b32a5094198","2","t-H_n-E","H","E","linear",9,"10",0,"Certain","Different shape"
"3dd9ad42446d0924d420ec0a28828f59","24",12,"19-25","Male","Graduate Degree","Yes","Prolific","70eebf16937fb9e77a3b806afe9aa528","2","t-M_n-H","M","H","log",13,"2",0,"Uncertain","Outlier(s)"
"3dd9ad42446d0924d420ec0a28828f59","8",12,"19-25","Male","Graduate Degree","Yes","Prolific","076f2d6385d635ea49402478f7e44cab","2","t-E_n-M","E","M","log",14,"14",1,"Certain","Different slope"
"3dd9ad42446d0924d420ec0a28828f59","14",12,"19-25","Male","Graduate Degree","Yes","Prolific","85c5c5a6ab4fdb3aaf06947e0b9d4483","1","t-M_n-E","M","E","log",10,"4",0,"Certain","Clustering"
"3dd9ad42446d0924d420ec0a28828f59","13",12,"19-25","Male","Graduate Degree","Yes","Prolific","85c5c5a6ab4fdb3aaf06947e0b9d4483","1","t-M_n-E","M","E","linear",10,"6",0,"Certain","Different shape"
"165aeff2c51ed0c7c6bf03871659e448","10",13,"26-30","Male","Some Undergraduate Courses","Yes","Prolific","8105c77bcc5d38d9b4e742f1b76de5fc","1","t-E_n-H","E","H","log",15,"15",1,"Certain","Clustering"
"165aeff2c51ed0c7c6bf03871659e448","15",13,"26-30","Male","Some Undergraduate Courses","Yes","Prolific","07f1a227ee4ee73124d6589fada210dc","2","t-M_n-E","M","E","linear",10,"16",0,"Certain","Different range"
"165aeff2c51ed0c7c6bf03871659e448","5",13,"26-30","Male","Some Undergraduate Courses","Yes","Prolific","9f2d96ab9212ba1d26f176b00e6eeec0","1","t-E_n-M","E","M","linear",12,"8",0,"Certain","Different slope"
"165aeff2c51ed0c7c6bf03871659e448","32",13,"26-30","Male","Some Undergraduate Courses","Yes","Prolific","914e02881a7432dc34831c5dff0477e0","2","t-H_n-M","H","M","log",12,"7",0,"Very Certain","Different range"
"165aeff2c51ed0c7c6bf03871659e448","15",13,"26-30","Male","Some Undergraduate Courses","Yes","Prolific","07f1a227ee4ee73124d6589fada210dc","2","t-M_n-E","M","E","linear",10,"16",0,"Very Certain","Clustering"
"165aeff2c51ed0c7c6bf03871659e448","11",13,"26-30","Male","Some Undergraduate Courses","Yes","Prolific","909f6bb4a0bbb8708bcc2d96c0b7052f","2","t-E_n-H","E","H","linear",17,"17",1,"Very Certain","Different slope, Outlier(s)"
"165aeff2c51ed0c7c6bf03871659e448","29",13,"26-30","Male","Some Undergraduate Courses","Yes","Prolific","1b39b36e7a6189897f2015f191953b9d","1","t-H_n-M","H","M","linear",12,"8",0,"Certain","Clustering, Different shape"
"165aeff2c51ed0c7c6bf03871659e448","7",13,"26-30","Male","Some Undergraduate Courses","Yes","Prolific","076f2d6385d635ea49402478f7e44cab","2","t-E_n-M","E","M","linear",14,"14",1,"Very Certain","Different slope"
"165aeff2c51ed0c7c6bf03871659e448","26",13,"26-30","Male","Some Undergraduate Courses","Yes","Prolific","ee322d63db5869407801b2c6cd54c452","1","t-H_n-E","H","E","log",1,"10",0,"Very Certain","Clustering, Different shape"
"165aeff2c51ed0c7c6bf03871659e448","23",13,"26-30","Male","Some Undergraduate Courses","Yes","Prolific","70eebf16937fb9e77a3b806afe9aa528","2","t-M_n-H","M","H","linear",13,"13",1,"Very Certain","Different range, Different shape"
"165aeff2c51ed0c7c6bf03871659e448","8",13,"26-30","Male","Some Undergraduate Courses","Yes","Prolific","076f2d6385d635ea49402478f7e44cab","2","t-E_n-M","E","M","log",14,"14",1,"Very Certain","Different shape, Different slope"
"165aeff2c51ed0c7c6bf03871659e448","7",13,"26-30","Male","Some Undergraduate Courses","Yes","Prolific","076f2d6385d635ea49402478f7e44cab","2","t-E_n-M","E","M","linear",14,"14",1,"Certain","Different slope, Outlier(s)"
"165aeff2c51ed0c7c6bf03871659e448","8",13,"26-30","Male","Some Undergraduate Courses","Yes","Prolific","076f2d6385d635ea49402478f7e44cab","2","t-E_n-M","E","M","log",14,"14",1,"Very Certain","Different range, Different slope, Outlier(s)"
"debac759953f08fa036a9d4b79df9b57","27",11,"19-25","Male","Some Graduate Courses","Yes","Prolific","b8efad9285426a191f979b32a5094198","2","t-H_n-E","H","E","linear",9,"15",0,"Certain","Clustering"
"debac759953f08fa036a9d4b79df9b57","28",11,"19-25","Male","Some Graduate Courses","Yes","Prolific","b8efad9285426a191f979b32a5094198","2","t-H_n-E","H","E","log",9,"9",1,"Very Certain","Different shape"
"debac759953f08fa036a9d4b79df9b57","13",11,"19-25","Male","Some Graduate Courses","Yes","Prolific","85c5c5a6ab4fdb3aaf06947e0b9d4483","1","t-M_n-E","M","E","linear",10,"19",0,"Certain","Different range"
"debac759953f08fa036a9d4b79df9b57","16",11,"19-25","Male","Some Graduate Courses","Yes","Prolific","07f1a227ee4ee73124d6589fada210dc","2","t-M_n-E","M","E","log",10,"10",1,"Certain","Different shape"
"debac759953f08fa036a9d4b79df9b57","5",11,"19-25","Male","Some Graduate Courses","Yes","Prolific","9f2d96ab9212ba1d26f176b00e6eeec0","1","t-E_n-M","E","M","linear",12,"19",0,"Neutral","Different range"
"debac759953f08fa036a9d4b79df9b57","31",11,"19-25","Male","Some Graduate Courses","Yes","Prolific","914e02881a7432dc34831c5dff0477e0","2","t-H_n-M","H","M","linear",12,"4",0,"Certain","Different range"
"debac759953f08fa036a9d4b79df9b57","30",11,"19-25","Male","Some Graduate Courses","Yes","Prolific","1b39b36e7a6189897f2015f191953b9d","1","t-H_n-M","H","M","log",12,"12",1,"Very Certain","Different range"
"debac759953f08fa036a9d4b79df9b57","21",11,"19-25","Male","Some Graduate Courses","Yes","Prolific","17c70f64092db27a58faa6c255efd8ba","1","t-M_n-H","M","H","linear",1,"1",1,"Certain","Different shape, Different slope"
"debac759953f08fa036a9d4b79df9b57","26",11,"19-25","Male","Some Graduate Courses","Yes","Prolific","ee322d63db5869407801b2c6cd54c452","1","t-H_n-E","H","E","log",1,"1",1,"Certain","Different shape, Outlier(s)"
"debac759953f08fa036a9d4b79df9b57","21",11,"19-25","Male","Some Graduate Courses","Yes","Prolific","17c70f64092db27a58faa6c255efd8ba","1","t-M_n-H","M","H","linear",1,"1",1,"Certain","Different slope, Outlier(s)"
"debac759953f08fa036a9d4b79df9b57","22",11,"19-25","Male","Some Graduate Courses","Yes","Prolific","17c70f64092db27a58faa6c255efd8ba","1","t-M_n-H","M","H","log",1,"1",1,"Certain","Different shape, Outlier(s)"
"de8d0b8506f7b633b8de0e0bbe4e5e29","8",13,"19-25","Male","High School or Less","Yes","Prolific","076f2d6385d635ea49402478f7e44cab","2","t-E_n-M","E","M","log",14,"14",1,"Certain","Different shape"
"de8d0b8506f7b633b8de0e0bbe4e5e29","30",13,"19-25","Male","High School or Less","Yes","Prolific","1b39b36e7a6189897f2015f191953b9d","1","t-H_n-M","H","M","log",12,"12",1,"Certain","Outlier(s)"
"de8d0b8506f7b633b8de0e0bbe4e5e29","26",13,"19-25","Male","High School or Less","Yes","Prolific","ee322d63db5869407801b2c6cd54c452","1","t-H_n-E","H","E","log",1,"1",1,"Very Certain","Different shape"
"de8d0b8506f7b633b8de0e0bbe4e5e29","9",13,"19-25","Male","High School or Less","Yes","Prolific","8105c77bcc5d38d9b4e742f1b76de5fc","1","t-E_n-H","E","H","linear",15,"15",1,"Certain","Clustering"
"de8d0b8506f7b633b8de0e0bbe4e5e29","31",13,"19-25","Male","High School or Less","Yes","Prolific","914e02881a7432dc34831c5dff0477e0","2","t-H_n-M","H","M","linear",12,"3",0,"Certain","Clustering"
"de8d0b8506f7b633b8de0e0bbe4e5e29","7",13,"19-25","Male","High School or Less","Yes","Prolific","076f2d6385d635ea49402478f7e44cab","2","t-E_n-M","E","M","linear",14,"14",1,"Certain","Clustering"
"de8d0b8506f7b633b8de0e0bbe4e5e29","32",13,"19-25","Male","High School or Less","Yes","Prolific","914e02881a7432dc34831c5dff0477e0","2","t-H_n-M","H","M","log",12,"12",1,"Certain","Outlier(s)"
"de8d0b8506f7b633b8de0e0bbe4e5e29","10",13,"19-25","Male","High School or Less","Yes","Prolific","8105c77bcc5d38d9b4e742f1b76de5fc","1","t-E_n-H","E","H","log",15,"15",1,"Certain","Different shape"
"de8d0b8506f7b633b8de0e0bbe4e5e29","28",13,"19-25","Male","High School or Less","Yes","Prolific","b8efad9285426a191f979b32a5094198","2","t-H_n-E","H","E","log",9,"9",1,"Certain","Different shape"
"de8d0b8506f7b633b8de0e0bbe4e5e29","23",13,"19-25","Male","High School or Less","Yes","Prolific","70eebf16937fb9e77a3b806afe9aa528","2","t-M_n-H","M","H","linear",13,"13",1,"Certain","Outlier(s)"
"de8d0b8506f7b633b8de0e0bbe4e5e29","15",13,"19-25","Male","High School or Less","Yes","Prolific","07f1a227ee4ee73124d6589fada210dc","2","t-M_n-E","M","E","linear",10,"10",1,"Certain","Different slope"
"de8d0b8506f7b633b8de0e0bbe4e5e29","24",13,"19-25","Male","High School or Less","Yes","Prolific","70eebf16937fb9e77a3b806afe9aa528","2","t-M_n-H","M","H","log",13,"13",1,"Certain","Different shape"
"de8d0b8506f7b633b8de0e0bbe4e5e29","12",13,"19-25","Male","High School or Less","Yes","Prolific","909f6bb4a0bbb8708bcc2d96c0b7052f","2","t-E_n-H","E","H","log",17,"17",1,"Very Certain","Different shape"
"f80e2f0a5368da8cde168d7d91ab89a1","8",12,"19-25","Female","Undergraduate Degree","Yes","Prolific","076f2d6385d635ea49402478f7e44cab","2","t-E_n-M","E","M","log",14,"14",1,"Certain","Different shape"
"f80e2f0a5368da8cde168d7d91ab89a1","23",12,"19-25","Female","Undergraduate Degree","Yes","Prolific","70eebf16937fb9e77a3b806afe9aa528","2","t-M_n-H","M","H","linear",13,"13",1,"Certain","Different shape, Different slope"
"f80e2f0a5368da8cde168d7d91ab89a1","14",12,"19-25","Female","Undergraduate Degree","Yes","Prolific","85c5c5a6ab4fdb3aaf06947e0b9d4483","1","t-M_n-E","M","E","log",10,"10",1,"Certain","Different shape"
"f80e2f0a5368da8cde168d7d91ab89a1","11",12,"19-25","Female","Undergraduate Degree","Yes","Prolific","909f6bb4a0bbb8708bcc2d96c0b7052f","2","t-E_n-H","E","H","linear",17,"17",1,"Certain","Different range, Different shape, Different slope"
"f80e2f0a5368da8cde168d7d91ab89a1","25",12,"19-25","Female","Undergraduate Degree","Yes","Prolific","ee322d63db5869407801b2c6cd54c452","1","t-H_n-E","H","E","linear",1,"1",1,"Certain","Different shape"
"f80e2f0a5368da8cde168d7d91ab89a1","31",12,"19-25","Female","Undergraduate Degree","Yes","Prolific","914e02881a7432dc34831c5dff0477e0","2","t-H_n-M","H","M","linear",12,"12",1,"Uncertain","Different shape"
"f80e2f0a5368da8cde168d7d91ab89a1","15",12,"19-25","Female","Undergraduate Degree","Yes","Prolific","07f1a227ee4ee73124d6589fada210dc","2","t-M_n-E","M","E","linear",10,"6",0,"Very Uncertain","Outlier(s)"
"f80e2f0a5368da8cde168d7d91ab89a1","11",12,"19-25","Female","Undergraduate Degree","Yes","Prolific","909f6bb4a0bbb8708bcc2d96c0b7052f","2","t-E_n-H","E","H","linear",17,"17",1,"Certain","Different shape"
"f80e2f0a5368da8cde168d7d91ab89a1","25",12,"19-25","Female","Undergraduate Degree","Yes","Prolific","ee322d63db5869407801b2c6cd54c452","1","t-H_n-E","H","E","linear",1,"1",1,"Certain","Different range"
"f80e2f0a5368da8cde168d7d91ab89a1","15",12,"19-25","Female","Undergraduate Degree","Yes","Prolific","07f1a227ee4ee73124d6589fada210dc","2","t-M_n-E","M","E","linear",10,"8",0,"Very Uncertain","Clustering"
"f80e2f0a5368da8cde168d7d91ab89a1","21",12,"19-25","Female","Undergraduate Degree","Yes","Prolific","17c70f64092db27a58faa6c255efd8ba","1","t-M_n-H","M","H","linear",1,"1",1,"Certain","Different shape"
"f80e2f0a5368da8cde168d7d91ab89a1","9",12,"19-25","Female","Undergraduate Degree","Yes","Prolific","8105c77bcc5d38d9b4e742f1b76de5fc","1","t-E_n-H","E","H","linear",15,"15",1,"Certain","Different range, Different shape"
"a8789b68f490e029c261f3a2760361c4","23",11,"26-30","Male","Some Undergraduate Courses","Yes","Prolific","70eebf16937fb9e77a3b806afe9aa528","2","t-M_n-H","M","H","linear",13,"13",1,"Certain","Different slope"
"a8789b68f490e029c261f3a2760361c4","24",11,"26-30","Male","Some Undergraduate Courses","Yes","Prolific","70eebf16937fb9e77a3b806afe9aa528","2","t-M_n-H","M","H","log",13,"9",0,"Certain","Clustering"
"a8789b68f490e029c261f3a2760361c4","28",11,"26-30","Male","Some Undergraduate Courses","Yes","Prolific","b8efad9285426a191f979b32a5094198","2","t-H_n-E","H","E","log",9,"5",0,"Certain","Different range"
"a8789b68f490e029c261f3a2760361c4","27",11,"26-30","Male","Some Undergraduate Courses","Yes","Prolific","b8efad9285426a191f979b32a5094198","2","t-H_n-E","H","E","linear",9,"5",0,"Very Certain","Different range"
"a8789b68f490e029c261f3a2760361c4","28",11,"26-30","Male","Some Undergraduate Courses","Yes","Prolific","b8efad9285426a191f979b32a5094198","2","t-H_n-E","H","E","log",9,"9",1,"Very Certain","Different shape"
"a8789b68f490e029c261f3a2760361c4","30",11,"26-30","Male","Some Undergraduate Courses","Yes","Prolific","1b39b36e7a6189897f2015f191953b9d","1","t-H_n-M","H","M","log",12,"10",0,"Neutral","Clustering"
"a8789b68f490e029c261f3a2760361c4","7",11,"26-30","Male","Some Undergraduate Courses","Yes","Prolific","076f2d6385d635ea49402478f7e44cab","2","t-E_n-M","E","M","linear",14,"14",1,"Very Certain","Different slope"
"a8789b68f490e029c261f3a2760361c4","14",11,"26-30","Male","Some Undergraduate Courses","Yes","Prolific","85c5c5a6ab4fdb3aaf06947e0b9d4483","1","t-M_n-E","M","E","log",10,"19",0,"Neutral","Clustering"
"a8789b68f490e029c261f3a2760361c4","7",11,"26-30","Male","Some Undergraduate Courses","Yes","Prolific","076f2d6385d635ea49402478f7e44cab","2","t-E_n-M","E","M","linear",14,"14",1,"Very Certain","Outlier(s)"
"a8789b68f490e029c261f3a2760361c4","25",11,"26-30","Male","Some Undergraduate Courses","Yes","Prolific","ee322d63db5869407801b2c6cd54c452","1","t-H_n-E","H","E","linear",1,"1",1,"Very Certain","Different slope"
"a8789b68f490e029c261f3a2760361c4","23",11,"26-30","Male","Some Undergraduate Courses","Yes","Prolific","70eebf16937fb9e77a3b806afe9aa528","2","t-M_n-H","M","H","linear",13,"13",1,"Very Certain","Different range"
"945dd4756deea347f07029bde1d7c845","8",13,"19-25","Female","Graduate Degree","No","Prolific","076f2d6385d635ea49402478f7e44cab","2","t-E_n-M","E","M","log",14,"14",1,"Certain","Different slope"
"945dd4756deea347f07029bde1d7c845","23",13,"19-25","Female","Graduate Degree","No","Prolific","70eebf16937fb9e77a3b806afe9aa528","2","t-M_n-H","M","H","linear",13,"13",1,"Neutral","Outlier(s)"
"945dd4756deea347f07029bde1d7c845","14",13,"19-25","Female","Graduate Degree","No","Prolific","85c5c5a6ab4fdb3aaf06947e0b9d4483","1","t-M_n-E","M","E","log",10,"13",0,"Uncertain","Clustering"
"945dd4756deea347f07029bde1d7c845","29",13,"19-25","Female","Graduate Degree","No","Prolific","1b39b36e7a6189897f2015f191953b9d","1","t-H_n-M","H","M","linear",12,"8",0,"Certain","Outlier(s)"
"945dd4756deea347f07029bde1d7c845","25",13,"19-25","Female","Graduate Degree","No","Prolific","ee322d63db5869407801b2c6cd54c452","1","t-H_n-E","H","E","linear",1,"1",1,"Certain","Different shape"
"945dd4756deea347f07029bde1d7c845","32",13,"19-25","Female","Graduate Degree","No","Prolific","914e02881a7432dc34831c5dff0477e0","2","t-H_n-M","H","M","log",12,"12",1,"Certain","Different slope"
"945dd4756deea347f07029bde1d7c845","31",13,"19-25","Female","Graduate Degree","No","Prolific","914e02881a7432dc34831c5dff0477e0","2","t-H_n-M","H","M","linear",12,"4",0,"Certain","Clustering"
"945dd4756deea347f07029bde1d7c845","13",13,"19-25","Female","Graduate Degree","No","Prolific","85c5c5a6ab4fdb3aaf06947e0b9d4483","1","t-M_n-E","M","E","linear",10,"13",0,"Certain","Clustering"
"945dd4756deea347f07029bde1d7c845","11",13,"19-25","Female","Graduate Degree","No","Prolific","909f6bb4a0bbb8708bcc2d96c0b7052f","2","t-E_n-H","E","H","linear",17,"17",1,"Very Certain","Different shape"
"945dd4756deea347f07029bde1d7c845","27",13,"19-25","Female","Graduate Degree","No","Prolific","b8efad9285426a191f979b32a5094198","2","t-H_n-E","H","E","linear",9,"5",0,"Certain","Outlier(s)"
"945dd4756deea347f07029bde1d7c845","27",13,"19-25","Female","Graduate Degree","No","Prolific","b8efad9285426a191f979b32a5094198","2","t-H_n-E","H","E","linear",9,"9",1,"Uncertain","Different shape"
"945dd4756deea347f07029bde1d7c845","24",13,"19-25","Female","Graduate Degree","No","Prolific","70eebf16937fb9e77a3b806afe9aa528","2","t-M_n-H","M","H","log",13,"13",1,"Very Uncertain","Clustering, Different shape"
"945dd4756deea347f07029bde1d7c845","12",13,"19-25","Female","Graduate Degree","No","Prolific","909f6bb4a0bbb8708bcc2d96c0b7052f","2","t-E_n-H","E","H","log",17,"17",1,"Very Certain","Different slope"
"592cf8c775ac6617fba8482c468f7cec","23",13,"19-25","Female","Graduate Degree","Yes","Prolific","70eebf16937fb9e77a3b806afe9aa528","2","t-M_n-H","M","H","linear",13,"13",1,"Neutral","Different slope, Outlier(s)"
"592cf8c775ac6617fba8482c468f7cec","30",13,"19-25","Female","Graduate Degree","Yes","Prolific","1b39b36e7a6189897f2015f191953b9d","1","t-H_n-M","H","M","log",12,"12",1,"Certain","Different shape"
"592cf8c775ac6617fba8482c468f7cec","32",13,"19-25","Female","Graduate Degree","Yes","Prolific","914e02881a7432dc34831c5dff0477e0","2","t-H_n-M","H","M","log",12,"12",1,"Uncertain","Different shape"
"592cf8c775ac6617fba8482c468f7cec","7",13,"19-25","Female","Graduate Degree","Yes","Prolific","076f2d6385d635ea49402478f7e44cab","2","t-E_n-M","E","M","linear",14,"14",1,"Uncertain","Different slope"
"592cf8c775ac6617fba8482c468f7cec","24",13,"19-25","Female","Graduate Degree","Yes","Prolific","70eebf16937fb9e77a3b806afe9aa528","2","t-M_n-H","M","H","log",13,"13",1,"Certain","Different shape"
"592cf8c775ac6617fba8482c468f7cec","7",13,"19-25","Female","Graduate Degree","Yes","Prolific","076f2d6385d635ea49402478f7e44cab","2","t-E_n-M","E","M","linear",14,"14",1,"Uncertain","Clustering"
"592cf8c775ac6617fba8482c468f7cec","32",13,"19-25","Female","Graduate Degree","Yes","Prolific","914e02881a7432dc34831c5dff0477e0","2","t-H_n-M","H","M","log",12,"12",1,"Neutral","Different shape, Different slope"
"592cf8c775ac6617fba8482c468f7cec","12",13,"19-25","Female","Graduate Degree","Yes","Prolific","909f6bb4a0bbb8708bcc2d96c0b7052f","2","t-E_n-H","E","H","log",17,"17",1,"Very Certain","Different shape"
"592cf8c775ac6617fba8482c468f7cec","31",13,"19-25","Female","Graduate Degree","Yes","Prolific","914e02881a7432dc34831c5dff0477e0","2","t-H_n-M","H","M","linear",12,"4",0,"Certain","Different range"
"592cf8c775ac6617fba8482c468f7cec","11",13,"19-25","Female","Graduate Degree","Yes","Prolific","909f6bb4a0bbb8708bcc2d96c0b7052f","2","t-E_n-H","E","H","linear",17,"17",1,"Certain","Different shape"
"592cf8c775ac6617fba8482c468f7cec","15",13,"19-25","Female","Graduate Degree","Yes","Prolific","07f1a227ee4ee73124d6589fada210dc","2","t-M_n-E","M","E","linear",10,"20",0,"Uncertain","Outlier(s)"
"592cf8c775ac6617fba8482c468f7cec","24",13,"19-25","Female","Graduate Degree","Yes","Prolific","70eebf16937fb9e77a3b806afe9aa528","2","t-M_n-H","M","H","log",13,"13",1,"Neutral","Different shape, Different slope"
"592cf8c775ac6617fba8482c468f7cec","6",13,"19-25","Female","Graduate Degree","Yes","Prolific","9f2d96ab9212ba1d26f176b00e6eeec0","1","t-E_n-M","E","M","log",12,"12",1,"Uncertain","Different shape"
"ae86c5f46e3b8b868686930d267eb11b","24",12,"19-25","Male","High School or Less","Yes","Prolific","70eebf16937fb9e77a3b806afe9aa528","2","t-M_n-H","M","H","log",13,"2",0,"Neutral","Clustering"
"ae86c5f46e3b8b868686930d267eb11b","16",12,"19-25","Male","High School or Less","Yes","Prolific","07f1a227ee4ee73124d6589fada210dc","2","t-M_n-E","M","E","log",10,"10",1,"Certain","Different slope"
"ae86c5f46e3b8b868686930d267eb11b","31",12,"19-25","Male","High School or Less","Yes","Prolific","914e02881a7432dc34831c5dff0477e0","2","t-H_n-M","H","M","linear",12,"12",1,"Certain","Different slope"
"ae86c5f46e3b8b868686930d267eb11b","28",12,"19-25","Male","High School or Less","Yes","Prolific","b8efad9285426a191f979b32a5094198","2","t-H_n-E","H","E","log",9,"9",1,"Certain","Different shape"
"ae86c5f46e3b8b868686930d267eb11b","27",12,"19-25","Male","High School or Less","Yes","Prolific","b8efad9285426a191f979b32a5094198","2","t-H_n-E","H","E","linear",9,"9",1,"Uncertain","Different slope"
"ae86c5f46e3b8b868686930d267eb11b","28",12,"19-25","Male","High School or Less","Yes","Prolific","b8efad9285426a191f979b32a5094198","2","t-H_n-E","H","E","log",9,"9",1,"Certain","Different shape"
"ae86c5f46e3b8b868686930d267eb11b","30",12,"19-25","Male","High School or Less","Yes","Prolific","1b39b36e7a6189897f2015f191953b9d","1","t-H_n-M","H","M","log",12,"18",0,"Neutral","Clustering"
"ae86c5f46e3b8b868686930d267eb11b","9",12,"19-25","Male","High School or Less","Yes","Prolific","8105c77bcc5d38d9b4e742f1b76de5fc","1","t-E_n-H","E","H","linear",15,"15",1,"Certain","Different shape"
"ae86c5f46e3b8b868686930d267eb11b","16",12,"19-25","Male","High School or Less","Yes","Prolific","07f1a227ee4ee73124d6589fada210dc","2","t-M_n-E","M","E","log",10,"10",1,"Neutral","Different slope"
"ae86c5f46e3b8b868686930d267eb11b","27",12,"19-25","Male","High School or Less","Yes","Prolific","b8efad9285426a191f979b32a5094198","2","t-H_n-E","H","E","linear",9,"9",1,"Neutral","Different shape"
"ae86c5f46e3b8b868686930d267eb11b","9",12,"19-25","Male","High School or Less","Yes","Prolific","8105c77bcc5d38d9b4e742f1b76de5fc","1","t-E_n-H","E","H","linear",15,"15",1,"Certain","Different shape"
"ae86c5f46e3b8b868686930d267eb11b","13",12,"19-25","Male","High School or Less","Yes","Prolific","85c5c5a6ab4fdb3aaf06947e0b9d4483","1","t-M_n-E","M","E","linear",10,"11",0,"Neutral","Different range"
"b383753fe21035de58b71838c4345244","24",12,"19-25","Male","Prefer not to answer","No","Prolific","70eebf16937fb9e77a3b806afe9aa528","2","t-M_n-H","M","H","log",13,"2,9",0,"Very Uncertain","Different range"
"b383753fe21035de58b71838c4345244","16",12,"19-25","Male","Prefer not to answer","No","Prolific","07f1a227ee4ee73124d6589fada210dc","2","t-M_n-E","M","E","log",10,"13",0,"Uncertain","Different shape"
"b383753fe21035de58b71838c4345244","16",12,"19-25","Male","Prefer not to answer","No","Prolific","07f1a227ee4ee73124d6589fada210dc","2","t-M_n-E","M","E","log",10,"13,10",1,"Neutral","Different slope"
"b383753fe21035de58b71838c4345244","27",12,"19-25","Male","Prefer not to answer","No","Prolific","b8efad9285426a191f979b32a5094198","2","t-H_n-E","H","E","linear",9,"9",1,"Very Uncertain","Different slope"
"b383753fe21035de58b71838c4345244","28",12,"19-25","Male","Prefer not to answer","No","Prolific","b8efad9285426a191f979b32a5094198","2","t-H_n-E","H","E","log",9,"9",1,"Very Uncertain","Different slope"
"b383753fe21035de58b71838c4345244","25",12,"19-25","Male","Prefer not to answer","No","Prolific","ee322d63db5869407801b2c6cd54c452","1","t-H_n-E","H","E","linear",1,"1",1,"Neutral","Different shape"
"b383753fe21035de58b71838c4345244","22",12,"19-25","Male","Prefer not to answer","No","Prolific","17c70f64092db27a58faa6c255efd8ba","1","t-M_n-H","M","H","log",1,"10",0,"Uncertain","Clustering"
"b383753fe21035de58b71838c4345244","7",12,"19-25","Male","Prefer not to answer","No","Prolific","076f2d6385d635ea49402478f7e44cab","2","t-E_n-M","E","M","linear",14,"14",1,"Neutral","Outlier(s)"
"b383753fe21035de58b71838c4345244","14",12,"19-25","Male","Prefer not to answer","No","Prolific","85c5c5a6ab4fdb3aaf06947e0b9d4483","1","t-M_n-E","M","E","log",10,"1",0,"Uncertain","Clustering"
"b383753fe21035de58b71838c4345244","7",12,"19-25","Male","Prefer not to answer","No","Prolific","076f2d6385d635ea49402478f7e44cab","2","t-E_n-M","E","M","linear",14,"14",1,"Neutral","Different shape, Outlier(s)"
"b383753fe21035de58b71838c4345244","25",12,"19-25","Male","Prefer not to answer","No","Prolific","ee322d63db5869407801b2c6cd54c452","1","t-H_n-E","H","E","linear",1,"1",1,"Uncertain","Different shape, Different slope"
"b383753fe21035de58b71838c4345244","32",12,"19-25","Male","Prefer not to answer","No","Prolific","914e02881a7432dc34831c5dff0477e0","2","t-H_n-M","H","M","log",12,"19",0,"Very Uncertain","Clustering"
"12f761d7c71483e09ab23bfd7e946d4d","29",11,"26-30","Male","Undergraduate Degree","Yes","Prolific","1b39b36e7a6189897f2015f191953b9d","1","t-H_n-M","H","M","linear",12,"1,12,8,10,16,9",1,"Certain","Clustering, Different range, Different shape, Outlier(s)"
"12f761d7c71483e09ab23bfd7e946d4d","6",11,"26-30","Male","Undergraduate Degree","Yes","Prolific","9f2d96ab9212ba1d26f176b00e6eeec0","1","t-E_n-M","E","M","log",12,"6,11,19",0,"Neutral","Clustering, Different range, Other, trend line incomplete, lack of values for certain x points"
"12f761d7c71483e09ab23bfd7e946d4d","5",11,"26-30","Male","Undergraduate Degree","Yes","Prolific","9f2d96ab9212ba1d26f176b00e6eeec0","1","t-E_n-M","E","M","linear",12,"20,10,16",0,"Uncertain","Clustering, Different range, Different slope"
"12f761d7c71483e09ab23bfd7e946d4d","32",11,"26-30","Male","Undergraduate Degree","Yes","Prolific","914e02881a7432dc34831c5dff0477e0","2","t-H_n-M","H","M","log",12,"12,20",1,"Uncertain","Different shape"
"12f761d7c71483e09ab23bfd7e946d4d","7",11,"26-30","Male","Undergraduate Degree","Yes","Prolific","076f2d6385d635ea49402478f7e44cab","2","t-E_n-M","E","M","linear",14,"12,16,14,5",1,"Neutral","Different range, Different shape"
"12f761d7c71483e09ab23bfd7e946d4d","16",11,"26-30","Male","Undergraduate Degree","Yes","Prolific","07f1a227ee4ee73124d6589fada210dc","2","t-M_n-E","M","E","log",10,"10,2,11",1,"Neutral","Different shape, Outlier(s), Other, data very scattered"
"12f761d7c71483e09ab23bfd7e946d4d","23",11,"26-30","Male","Undergraduate Degree","Yes","Prolific","70eebf16937fb9e77a3b806afe9aa528","2","t-M_n-H","M","H","linear",13,"13,16",1,"Certain","Different range, Different shape, Outlier(s)"
"12f761d7c71483e09ab23bfd7e946d4d","8",11,"26-30","Male","Undergraduate Degree","Yes","Prolific","076f2d6385d635ea49402478f7e44cab","2","t-E_n-M","E","M","log",14,"14,16",1,"Neutral","Different range, Different shape"
"12f761d7c71483e09ab23bfd7e946d4d","7",11,"26-30","Male","Undergraduate Degree","Yes","Prolific","076f2d6385d635ea49402478f7e44cab","2","t-E_n-M","E","M","linear",14,"14,12,5",1,"Neutral","Different range, Different slope, Outlier(s)"
"12f761d7c71483e09ab23bfd7e946d4d","11",11,"26-30","Male","Undergraduate Degree","Yes","Prolific","909f6bb4a0bbb8708bcc2d96c0b7052f","2","t-E_n-H","E","H","linear",17,"17,10",1,"Certain","Different shape, Different slope"
"12f761d7c71483e09ab23bfd7e946d4d","29",11,"26-30","Male","Undergraduate Degree","Yes","Prolific","1b39b36e7a6189897f2015f191953b9d","1","t-H_n-M","H","M","linear",12,"1,12,15",1,"Neutral","Different range, Different shape"
"ad25ed359bba6ab5000832f4265978de","22",12,"19-25","Female","Some Undergraduate Courses","Yes","Prolific","17c70f64092db27a58faa6c255efd8ba","1","t-M_n-H","M","H","log",1,"18",0,"Uncertain","Clustering"
"ad25ed359bba6ab5000832f4265978de","28",12,"19-25","Female","Some Undergraduate Courses","Yes","Prolific","b8efad9285426a191f979b32a5094198","2","t-H_n-E","H","E","log",9,"4",0,"Neutral","Outlier(s)"
"ad25ed359bba6ab5000832f4265978de","6",12,"19-25","Female","Some Undergraduate Courses","Yes","Prolific","9f2d96ab9212ba1d26f176b00e6eeec0","1","t-E_n-M","E","M","log",12,"12",1,"Neutral","Different shape"
"ad25ed359bba6ab5000832f4265978de","30",12,"19-25","Female","Some Undergraduate Courses","Yes","Prolific","1b39b36e7a6189897f2015f191953b9d","1","t-H_n-M","H","M","log",12,"4",0,"Uncertain","Different range"
"ad25ed359bba6ab5000832f4265978de","23",12,"19-25","Female","Some Undergraduate Courses","Yes","Prolific","70eebf16937fb9e77a3b806afe9aa528","2","t-M_n-H","M","H","linear",13,"13",1,"Very Certain","Different shape, Different slope"
"ad25ed359bba6ab5000832f4265978de","24",12,"19-25","Female","Some Undergraduate Courses","Yes","Prolific","70eebf16937fb9e77a3b806afe9aa528","2","t-M_n-H","M","H","log",13,"17",0,"Neutral","Clustering"
"ad25ed359bba6ab5000832f4265978de","10",12,"19-25","Female","Some Undergraduate Courses","Yes","Prolific","8105c77bcc5d38d9b4e742f1b76de5fc","1","t-E_n-H","E","H","log",15,"15",1,"Very Certain","Different shape, Different slope"
"ad25ed359bba6ab5000832f4265978de","22",12,"19-25","Female","Some Undergraduate Courses","Yes","Prolific","17c70f64092db27a58faa6c255efd8ba","1","t-M_n-H","M","H","log",1,"1",1,"Very Uncertain","Outlier(s)"
"ad25ed359bba6ab5000832f4265978de","11",12,"19-25","Female","Some Undergraduate Courses","Yes","Prolific","909f6bb4a0bbb8708bcc2d96c0b7052f","2","t-E_n-H","E","H","linear",17,"17",1,"Certain","Clustering, Different shape, Different slope"
"ad25ed359bba6ab5000832f4265978de","12",12,"19-25","Female","Some Undergraduate Courses","Yes","Prolific","909f6bb4a0bbb8708bcc2d96c0b7052f","2","t-E_n-H","E","H","log",17,"17",1,"Certain","Different slope"
"ad25ed359bba6ab5000832f4265978de","27",12,"19-25","Female","Some Undergraduate Courses","Yes","Prolific","b8efad9285426a191f979b32a5094198","2","t-H_n-E","H","E","linear",9,"5",0,"Neutral","Clustering, Outlier(s)"
"ad25ed359bba6ab5000832f4265978de","7",12,"19-25","Female","Some Undergraduate Courses","Yes","Prolific","076f2d6385d635ea49402478f7e44cab","2","t-E_n-M","E","M","linear",14,"4",0,"Neutral","Different shape"
"c7d4633e20c6675825484c0449b30849","22",12,"19-25","Male","Graduate Degree","Yes","Prolific","17c70f64092db27a58faa6c255efd8ba","1","t-M_n-H","M","H","log",1,"1",1,"Certain","Different slope"
"c7d4633e20c6675825484c0449b30849","16",12,"19-25","Male","Graduate Degree","Yes","Prolific","07f1a227ee4ee73124d6589fada210dc","2","t-M_n-E","M","E","log",10,"5",0,"Neutral","Different slope"
"c7d4633e20c6675825484c0449b30849","6",12,"19-25","Male","Graduate Degree","Yes","Prolific","9f2d96ab9212ba1d26f176b00e6eeec0","1","t-E_n-M","E","M","log",12,"12",1,"Certain","Different slope"
"c7d4633e20c6675825484c0449b30849","30",12,"19-25","Male","Graduate Degree","Yes","Prolific","1b39b36e7a6189897f2015f191953b9d","1","t-H_n-M","H","M","log",12,"12",1,"Certain","Different slope"
"c7d4633e20c6675825484c0449b30849","16",12,"19-25","Male","Graduate Degree","Yes","Prolific","07f1a227ee4ee73124d6589fada210dc","2","t-M_n-E","M","E","log",10,"8",0,"Neutral","Different range"
"c7d4633e20c6675825484c0449b30849","13",12,"19-25","Male","Graduate Degree","Yes","Prolific","85c5c5a6ab4fdb3aaf06947e0b9d4483","1","t-M_n-E","M","E","linear",10,"13",0,"Uncertain","Different range"
"c7d4633e20c6675825484c0449b30849","23",12,"19-25","Male","Graduate Degree","Yes","Prolific","70eebf16937fb9e77a3b806afe9aa528","2","t-M_n-H","M","H","linear",13,"13",1,"Uncertain","Outlier(s)"
"c7d4633e20c6675825484c0449b30849","28",12,"19-25","Male","Graduate Degree","Yes","Prolific","b8efad9285426a191f979b32a5094198","2","t-H_n-E","H","E","log",9,"9",1,"Very Certain","Different slope"
"c7d4633e20c6675825484c0449b30849","15",12,"19-25","Male","Graduate Degree","Yes","Prolific","07f1a227ee4ee73124d6589fada210dc","2","t-M_n-E","M","E","linear",10,"12",0,"Very Uncertain","Different range"
"c7d4633e20c6675825484c0449b30849","27",12,"19-25","Male","Graduate Degree","Yes","Prolific","b8efad9285426a191f979b32a5094198","2","t-H_n-E","H","E","linear",9,"9",1,"Uncertain","Different slope"
"c7d4633e20c6675825484c0449b30849","9",12,"19-25","Male","Graduate Degree","Yes","Prolific","8105c77bcc5d38d9b4e742f1b76de5fc","1","t-E_n-H","E","H","linear",15,"15",1,"Very Certain","Different shape"
"c7d4633e20c6675825484c0449b30849","22",12,"19-25","Male","Graduate Degree","Yes","Prolific","17c70f64092db27a58faa6c255efd8ba","1","t-M_n-H","M","H","log",1,"1",1,"Certain","Different shape"
"3b830a51247397de67f4fe8b1a57daf7","12",12,"19-25","Female","Graduate Degree","Yes","Prolific","909f6bb4a0bbb8708bcc2d96c0b7052f","2","t-E_n-H","E","H","log",17,"17",1,"Certain","Different shape, Different slope"
"3b830a51247397de67f4fe8b1a57daf7","28",12,"19-25","Female","Graduate Degree","Yes","Prolific","b8efad9285426a191f979b32a5094198","2","t-H_n-E","H","E","log",9,"9",1,"Certain","Different shape, Different slope"
"3b830a51247397de67f4fe8b1a57daf7","6",12,"19-25","Female","Graduate Degree","Yes","Prolific","9f2d96ab9212ba1d26f176b00e6eeec0","1","t-E_n-M","E","M","log",12,"12",1,"Very Certain","Different slope"
"3b830a51247397de67f4fe8b1a57daf7","5",12,"19-25","Female","Graduate Degree","Yes","Prolific","9f2d96ab9212ba1d26f176b00e6eeec0","1","t-E_n-M","E","M","linear",12,"19",0,"Neutral","Different range"
"3b830a51247397de67f4fe8b1a57daf7","28",12,"19-25","Female","Graduate Degree","Yes","Prolific","b8efad9285426a191f979b32a5094198","2","t-H_n-E","H","E","log",9,"9",1,"Very Certain","Different slope"
"3b830a51247397de67f4fe8b1a57daf7","8",12,"19-25","Female","Graduate Degree","Yes","Prolific","076f2d6385d635ea49402478f7e44cab","2","t-E_n-M","E","M","log",14,"14",1,"Certain","Different shape, Different slope"
"3b830a51247397de67f4fe8b1a57daf7","22",12,"19-25","Female","Graduate Degree","Yes","Prolific","17c70f64092db27a58faa6c255efd8ba","1","t-M_n-H","M","H","log",1,"1",1,"Certain","Different slope"
"3b830a51247397de67f4fe8b1a57daf7","25",12,"19-25","Female","Graduate Degree","Yes","Prolific","ee322d63db5869407801b2c6cd54c452","1","t-H_n-E","H","E","linear",1,"13",0,"Neutral","Different range, Different shape"
"3b830a51247397de67f4fe8b1a57daf7","25",12,"19-25","Female","Graduate Degree","Yes","Prolific","ee322d63db5869407801b2c6cd54c452","1","t-H_n-E","H","E","linear",1,"1",1,"Very Certain","Different slope"
"3b830a51247397de67f4fe8b1a57daf7","10",12,"19-25","Female","Graduate Degree","Yes","Prolific","8105c77bcc5d38d9b4e742f1b76de5fc","1","t-E_n-H","E","H","log",15,"15",1,"Very Certain","Different slope"
"3b830a51247397de67f4fe8b1a57daf7","26",12,"19-25","Female","Graduate Degree","Yes","Prolific","ee322d63db5869407801b2c6cd54c452","1","t-H_n-E","H","E","log",1,"1",1,"Very Certain","Different shape, Different slope"
"3b830a51247397de67f4fe8b1a57daf7","15",12,"19-25","Female","Graduate Degree","Yes","Prolific","07f1a227ee4ee73124d6589fada210dc","2","t-M_n-E","M","E","linear",10,"2",0,"Uncertain","Clustering, Different shape"
"45db830ff5bdb6261461a89d2bded172","12",13,"19-25","Male","Graduate Degree","Yes","Prolific","909f6bb4a0bbb8708bcc2d96c0b7052f","2","t-E_n-H","E","H","log",17,"17",1,"Very Certain","Different shape"
"45db830ff5bdb6261461a89d2bded172","28",13,"19-25","Male","Graduate Degree","Yes","Prolific","b8efad9285426a191f979b32a5094198","2","t-H_n-E","H","E","log",9,"9",1,"Very Certain","Different shape"
"45db830ff5bdb6261461a89d2bded172","11",13,"19-25","Male","Graduate Degree","Yes","Prolific","909f6bb4a0bbb8708bcc2d96c0b7052f","2","t-E_n-H","E","H","linear",17,"17",1,"Very Certain","Different slope"
"45db830ff5bdb6261461a89d2bded172","28",13,"19-25","Male","Graduate Degree","Yes","Prolific","b8efad9285426a191f979b32a5094198","2","t-H_n-E","H","E","log",9,"9",1,"Certain","Different shape"
"45db830ff5bdb6261461a89d2bded172","23",13,"19-25","Male","Graduate Degree","Yes","Prolific","70eebf16937fb9e77a3b806afe9aa528","2","t-M_n-H","M","H","linear",13,"13",1,"Very Certain","Different slope"
"45db830ff5bdb6261461a89d2bded172","11",13,"19-25","Male","Graduate Degree","Yes","Prolific","909f6bb4a0bbb8708bcc2d96c0b7052f","2","t-E_n-H","E","H","linear",17,"17",1,"Very Certain","Different slope"
"45db830ff5bdb6261461a89d2bded172","30",13,"19-25","Male","Graduate Degree","Yes","Prolific","1b39b36e7a6189897f2015f191953b9d","1","t-H_n-M","H","M","log",12,"12",1,"Neutral","Different shape"
"45db830ff5bdb6261461a89d2bded172","16",13,"19-25","Male","Graduate Degree","Yes","Prolific","07f1a227ee4ee73124d6589fada210dc","2","t-M_n-E","M","E","log",10,"10",1,"Certain","Different shape"
"45db830ff5bdb6261461a89d2bded172","6",13,"19-25","Male","Graduate Degree","Yes","Prolific","9f2d96ab9212ba1d26f176b00e6eeec0","1","t-E_n-M","E","M","log",12,"12",1,"Neutral","Different shape"
"45db830ff5bdb6261461a89d2bded172","16",13,"19-25","Male","Graduate Degree","Yes","Prolific","07f1a227ee4ee73124d6589fada210dc","2","t-M_n-E","M","E","log",10,"10",1,"Neutral","Different slope"
"45db830ff5bdb6261461a89d2bded172","21",13,"19-25","Male","Graduate Degree","Yes","Prolific","17c70f64092db27a58faa6c255efd8ba","1","t-M_n-H","M","H","linear",1,"1",1,"Certain","Different range, Different shape"
"45db830ff5bdb6261461a89d2bded172","9",13,"19-25","Male","Graduate Degree","Yes","Prolific","8105c77bcc5d38d9b4e742f1b76de5fc","1","t-E_n-H","E","H","linear",15,"15",1,"Neutral","Different range"
"45db830ff5bdb6261461a89d2bded172","13",13,"19-25","Male","Graduate Degree","Yes","Prolific","85c5c5a6ab4fdb3aaf06947e0b9d4483","1","t-M_n-E","M","E","linear",10,"16",0,"Uncertain","Clustering"
"8ddbc9eb4ccf739af5025f90ded2dd81","5",12,"36-40","Male","Graduate Degree","Yes","Prolific","9f2d96ab9212ba1d26f176b00e6eeec0","1","t-E_n-M","E","M","linear",12,"18",0,"Very Certain","Clustering"
"8ddbc9eb4ccf739af5025f90ded2dd81","29",12,"36-40","Male","Graduate Degree","Yes","Prolific","1b39b36e7a6189897f2015f191953b9d","1","t-H_n-M","H","M","linear",12,"9",0,"Very Certain","Clustering"
"8ddbc9eb4ccf739af5025f90ded2dd81","30",12,"36-40","Male","Graduate Degree","Yes","Prolific","1b39b36e7a6189897f2015f191953b9d","1","t-H_n-M","H","M","log",12,"12",1,"Certain","Different slope"
"8ddbc9eb4ccf739af5025f90ded2dd81","30",12,"36-40","Male","Graduate Degree","Yes","Prolific","1b39b36e7a6189897f2015f191953b9d","1","t-H_n-M","H","M","log",12,"12",1,"Certain","Different slope"
"8ddbc9eb4ccf739af5025f90ded2dd81","8",12,"36-40","Male","Graduate Degree","Yes","Prolific","076f2d6385d635ea49402478f7e44cab","2","t-E_n-M","E","M","log",14,"14",1,"Very Certain","Different slope"
"8ddbc9eb4ccf739af5025f90ded2dd81","23",12,"36-40","Male","Graduate Degree","Yes","Prolific","70eebf16937fb9e77a3b806afe9aa528","2","t-M_n-H","M","H","linear",13,"13",1,"Very Certain","Different shape, Different slope"
"8ddbc9eb4ccf739af5025f90ded2dd81","14",12,"36-40","Male","Graduate Degree","Yes","Prolific","85c5c5a6ab4fdb3aaf06947e0b9d4483","1","t-M_n-E","M","E","log",10,"10",1,"Very Certain","Different slope"
"8ddbc9eb4ccf739af5025f90ded2dd81","5",12,"36-40","Male","Graduate Degree","Yes","Prolific","9f2d96ab9212ba1d26f176b00e6eeec0","1","t-E_n-M","E","M","linear",12,"2",0,"Certain","Clustering"
"8ddbc9eb4ccf739af5025f90ded2dd81","16",12,"36-40","Male","Graduate Degree","Yes","Prolific","07f1a227ee4ee73124d6589fada210dc","2","t-M_n-E","M","E","log",10,"8",0,"Certain","Different shape"
"8ddbc9eb4ccf739af5025f90ded2dd81","27",12,"36-40","Male","Graduate Degree","Yes","Prolific","b8efad9285426a191f979b32a5094198","2","t-H_n-E","H","E","linear",9,"9",1,"Very Certain","Different slope"
"8ddbc9eb4ccf739af5025f90ded2dd81","10",12,"36-40","Male","Graduate Degree","Yes","Prolific","8105c77bcc5d38d9b4e742f1b76de5fc","1","t-E_n-H","E","H","log",15,"20",0,"Very Certain","Different slope"
"8ddbc9eb4ccf739af5025f90ded2dd81","29",12,"36-40","Male","Graduate Degree","Yes","Prolific","1b39b36e7a6189897f2015f191953b9d","1","t-H_n-M","H","M","linear",12,"16",0,"Certain","Clustering"
"4197858a1dd58cb3182c597042297f92","22",13,"19-25","Male","Graduate Degree","Yes","Prolific","17c70f64092db27a58faa6c255efd8ba","1","t-M_n-H","M","H","log",1,"10",0,"Certain","Clustering"
"4197858a1dd58cb3182c597042297f92","29",13,"19-25","Male","Graduate Degree","Yes","Prolific","1b39b36e7a6189897f2015f191953b9d","1","t-H_n-M","H","M","linear",12,"8",0,"Certain","Different shape"
"4197858a1dd58cb3182c597042297f92","24",13,"19-25","Male","Graduate Degree","Yes","Prolific","70eebf16937fb9e77a3b806afe9aa528","2","t-M_n-H","M","H","log",13,"2",0,"Neutral","Different range"
"4197858a1dd58cb3182c597042297f92","5",13,"19-25","Male","Graduate Degree","Yes","Prolific","9f2d96ab9212ba1d26f176b00e6eeec0","1","t-E_n-M","E","M","linear",12,"14",0,"Neutral","Clustering"
"4197858a1dd58cb3182c597042297f92","7",13,"19-25","Male","Graduate Degree","Yes","Prolific","076f2d6385d635ea49402478f7e44cab","2","t-E_n-M","E","M","linear",14,"14",1,"Very Certain","Different range"
"4197858a1dd58cb3182c597042297f92","6",13,"19-25","Male","Graduate Degree","Yes","Prolific","9f2d96ab9212ba1d26f176b00e6eeec0","1","t-E_n-M","E","M","log",12,"12",1,"Certain","Different slope"
"4197858a1dd58cb3182c597042297f92","15",13,"19-25","Male","Graduate Degree","Yes","Prolific","07f1a227ee4ee73124d6589fada210dc","2","t-M_n-E","M","E","linear",10,"20",0,"Certain","Different shape"
"4197858a1dd58cb3182c597042297f92","15",13,"19-25","Male","Graduate Degree","Yes","Prolific","07f1a227ee4ee73124d6589fada210dc","2","t-M_n-E","M","E","linear",10,"1",0,"Neutral","Clustering"
"4197858a1dd58cb3182c597042297f92","12",13,"19-25","Male","Graduate Degree","Yes","Prolific","909f6bb4a0bbb8708bcc2d96c0b7052f","2","t-E_n-H","E","H","log",17,"17",1,"Very Certain","Different slope"
"4197858a1dd58cb3182c597042297f92","15",13,"19-25","Male","Graduate Degree","Yes","Prolific","07f1a227ee4ee73124d6589fada210dc","2","t-M_n-E","M","E","linear",10,"7",0,"Neutral","Outlier(s)"
"4197858a1dd58cb3182c597042297f92","28",13,"19-25","Male","Graduate Degree","Yes","Prolific","b8efad9285426a191f979b32a5094198","2","t-H_n-E","H","E","log",9,"9",1,"Certain","Different slope"
"4197858a1dd58cb3182c597042297f92","21",13,"19-25","Male","Graduate Degree","Yes","Prolific","17c70f64092db27a58faa6c255efd8ba","1","t-M_n-H","M","H","linear",1,"1",1,"Certain","Outlier(s)"
"4197858a1dd58cb3182c597042297f92","12",13,"19-25","Male","Graduate Degree","Yes","Prolific","909f6bb4a0bbb8708bcc2d96c0b7052f","2","t-E_n-H","E","H","log",17,"17",1,"Very Certain","Different slope"
"161fb18feb95c75ae6b5287f8d897d6a","32",11,"26-30","Male","Some Undergraduate Courses","Yes","Prolific","914e02881a7432dc34831c5dff0477e0","2","t-H_n-M","H","M","log",12,"12",1,"Certain","Different shape, Different slope"
"161fb18feb95c75ae6b5287f8d897d6a","29",11,"26-30","Male","Some Undergraduate Courses","Yes","Prolific","1b39b36e7a6189897f2015f191953b9d","1","t-H_n-M","H","M","linear",12,"16",0,"Certain","Outlier(s)"
"161fb18feb95c75ae6b5287f8d897d6a","30",11,"26-30","Male","Some Undergraduate Courses","Yes","Prolific","1b39b36e7a6189897f2015f191953b9d","1","t-H_n-M","H","M","log",12,"2",0,"Neutral","Outlier(s)"
"161fb18feb95c75ae6b5287f8d897d6a","21",11,"26-30","Male","Some Undergraduate Courses","Yes","Prolific","17c70f64092db27a58faa6c255efd8ba","1","t-M_n-H","M","H","linear",1,"1",1,"Very Certain","Clustering, Different slope"
"161fb18feb95c75ae6b5287f8d897d6a","6",11,"26-30","Male","Some Undergraduate Courses","Yes","Prolific","9f2d96ab9212ba1d26f176b00e6eeec0","1","t-E_n-M","E","M","log",12,"12",1,"Certain","Different shape, Different slope"
"161fb18feb95c75ae6b5287f8d897d6a","16",11,"26-30","Male","Some Undergraduate Courses","Yes","Prolific","07f1a227ee4ee73124d6589fada210dc","2","t-M_n-E","M","E","log",10,"10",1,"Very Certain","Different shape, Different slope"
"161fb18feb95c75ae6b5287f8d897d6a","26",11,"26-30","Male","Some Undergraduate Courses","Yes","Prolific","ee322d63db5869407801b2c6cd54c452","1","t-H_n-E","H","E","log",1,"1",1,"Very Certain","Different shape, Different slope"
"161fb18feb95c75ae6b5287f8d897d6a","9",11,"26-30","Male","Some Undergraduate Courses","Yes","Prolific","8105c77bcc5d38d9b4e742f1b76de5fc","1","t-E_n-H","E","H","linear",15,"15",1,"Very Certain","Clustering, Different shape, Different slope, Outlier(s)"
"161fb18feb95c75ae6b5287f8d897d6a","27",11,"26-30","Male","Some Undergraduate Courses","Yes","Prolific","b8efad9285426a191f979b32a5094198","2","t-H_n-E","H","E","linear",9,"15",0,"Uncertain","Clustering, Outlier(s)"
"161fb18feb95c75ae6b5287f8d897d6a","30",11,"26-30","Male","Some Undergraduate Courses","Yes","Prolific","1b39b36e7a6189897f2015f191953b9d","1","t-H_n-M","H","M","log",12,"2",0,"Neutral","Clustering"
"161fb18feb95c75ae6b5287f8d897d6a","29",11,"26-30","Male","Some Undergraduate Courses","Yes","Prolific","1b39b36e7a6189897f2015f191953b9d","1","t-H_n-M","H","M","linear",12,"8",0,"Uncertain","Outlier(s)"
"f6d662c263f1573ba7f3edb0c4c7fa44","23",11,"31-35","Male","Undergraduate Degree","Yes","Prolific","70eebf16937fb9e77a3b806afe9aa528","2","t-M_n-H","M","H","linear",13,"13",1,"Certain","Different range"
"f6d662c263f1573ba7f3edb0c4c7fa44","29",11,"31-35","Male","Undergraduate Degree","Yes","Prolific","1b39b36e7a6189897f2015f191953b9d","1","t-H_n-M","H","M","linear",12,"8",0,"Certain","Outlier(s)"
"f6d662c263f1573ba7f3edb0c4c7fa44","30",11,"31-35","Male","Undergraduate Degree","Yes","Prolific","1b39b36e7a6189897f2015f191953b9d","1","t-H_n-M","H","M","log",12,"2",0,"Certain","Clustering"
"f6d662c263f1573ba7f3edb0c4c7fa44","24",11,"31-35","Male","Undergraduate Degree","Yes","Prolific","70eebf16937fb9e77a3b806afe9aa528","2","t-M_n-H","M","H","log",13,"2",0,"Certain","Different range"
"f6d662c263f1573ba7f3edb0c4c7fa44","5",11,"31-35","Male","Undergraduate Degree","Yes","Prolific","9f2d96ab9212ba1d26f176b00e6eeec0","1","t-E_n-M","E","M","linear",12,"1",0,"Certain","Different range"
"f6d662c263f1573ba7f3edb0c4c7fa44","8",11,"31-35","Male","Undergraduate Degree","Yes","Prolific","076f2d6385d635ea49402478f7e44cab","2","t-E_n-M","E","M","log",14,"14",1,"Certain","Outlier(s)"
"f6d662c263f1573ba7f3edb0c4c7fa44","25",11,"31-35","Male","Undergraduate Degree","Yes","Prolific","ee322d63db5869407801b2c6cd54c452","1","t-H_n-E","H","E","linear",1,"16",0,"Certain","Outlier(s)"
"f6d662c263f1573ba7f3edb0c4c7fa44","30",11,"31-35","Male","Undergraduate Degree","Yes","Prolific","1b39b36e7a6189897f2015f191953b9d","1","t-H_n-M","H","M","log",12,"8",0,"Certain","Different range"
"f6d662c263f1573ba7f3edb0c4c7fa44","8",11,"31-35","Male","Undergraduate Degree","Yes","Prolific","076f2d6385d635ea49402478f7e44cab","2","t-E_n-M","E","M","log",14,"14",1,"Certain","Outlier(s)"
"f6d662c263f1573ba7f3edb0c4c7fa44","28",11,"31-35","Male","Undergraduate Degree","Yes","Prolific","b8efad9285426a191f979b32a5094198","2","t-H_n-E","H","E","log",9,"5",0,"Certain","Different range"
"f6d662c263f1573ba7f3edb0c4c7fa44","21",11,"31-35","Male","Undergraduate Degree","Yes","Prolific","17c70f64092db27a58faa6c255efd8ba","1","t-M_n-H","M","H","linear",1,"1",1,"Certain","Different range"
"c4780fb362d0c80423b4c2a3479e19c7","5",9,"19-25","Male","Undergraduate Degree","Yes","Prolific","9f2d96ab9212ba1d26f176b00e6eeec0","1","t-E_n-M","E","M","linear",12,"10",0,"Certain","Different range"
"c4780fb362d0c80423b4c2a3479e19c7","11",9,"19-25","Male","Undergraduate Degree","Yes","Prolific","909f6bb4a0bbb8708bcc2d96c0b7052f","2","t-E_n-H","E","H","linear",17,"17",1,"Very Certain","Outlier(s)"
"c4780fb362d0c80423b4c2a3479e19c7","8",9,"19-25","Male","Undergraduate Degree","Yes","Prolific","076f2d6385d635ea49402478f7e44cab","2","t-E_n-M","E","M","log",14,"14",1,"Certain","Different range"
"c4780fb362d0c80423b4c2a3479e19c7","21",9,"19-25","Male","Undergraduate Degree","Yes","Prolific","17c70f64092db27a58faa6c255efd8ba","1","t-M_n-H","M","H","linear",1,"10",0,"Very Certain","Outlier(s)"
"c4780fb362d0c80423b4c2a3479e19c7","14",9,"19-25","Male","Undergraduate Degree","Yes","Prolific","85c5c5a6ab4fdb3aaf06947e0b9d4483","1","t-M_n-E","M","E","log",10,"10",1,"Neutral","Different shape"
"c4780fb362d0c80423b4c2a3479e19c7","26",9,"19-25","Male","Undergraduate Degree","Yes","Prolific","ee322d63db5869407801b2c6cd54c452","1","t-H_n-E","H","E","log",1,"1",1,"Certain","Clustering"
"c4780fb362d0c80423b4c2a3479e19c7","9",9,"19-25","Male","Undergraduate Degree","Yes","Prolific","8105c77bcc5d38d9b4e742f1b76de5fc","1","t-E_n-H","E","H","linear",15,"15",1,"Very Certain","Different shape"
"c4780fb362d0c80423b4c2a3479e19c7","30",9,"19-25","Male","Undergraduate Degree","Yes","Prolific","1b39b36e7a6189897f2015f191953b9d","1","t-H_n-M","H","M","log",12,"20",0,"Certain","Outlier(s)"
"c4780fb362d0c80423b4c2a3479e19c7","32",9,"19-25","Male","Undergraduate Degree","Yes","Prolific","914e02881a7432dc34831c5dff0477e0","2","t-H_n-M","H","M","log",12,"16,11",0,"Certain","Clustering"
"d8ee9f2a3dbb8e0ed3e4adb7a5dd8536","23",12,"19-25","Male","High School or Less","Yes","Prolific","70eebf16937fb9e77a3b806afe9aa528","2","t-M_n-H","M","H","linear",13,"13",1,"Very Certain","Outlier(s)"
"d8ee9f2a3dbb8e0ed3e4adb7a5dd8536","11",12,"19-25","Male","High School or Less","Yes","Prolific","909f6bb4a0bbb8708bcc2d96c0b7052f","2","t-E_n-H","E","H","linear",17,"17",1,"Very Certain","Clustering, Outlier(s)"
"d8ee9f2a3dbb8e0ed3e4adb7a5dd8536","30",12,"19-25","Male","High School or Less","Yes","Prolific","1b39b36e7a6189897f2015f191953b9d","1","t-H_n-M","H","M","log",12,"2",0,"Certain","Outlier(s)"
"d8ee9f2a3dbb8e0ed3e4adb7a5dd8536","21",12,"19-25","Male","High School or Less","Yes","Prolific","17c70f64092db27a58faa6c255efd8ba","1","t-M_n-H","M","H","linear",1,"1",1,"Very Certain","Different range, Different shape"
"d8ee9f2a3dbb8e0ed3e4adb7a5dd8536","8",12,"19-25","Male","High School or Less","Yes","Prolific","076f2d6385d635ea49402478f7e44cab","2","t-E_n-M","E","M","log",14,"14",1,"Very Certain","Clustering, Different shape, Outlier(s)"
"d8ee9f2a3dbb8e0ed3e4adb7a5dd8536","16",12,"19-25","Male","High School or Less","Yes","Prolific","07f1a227ee4ee73124d6589fada210dc","2","t-M_n-E","M","E","log",10,"10",1,"Neutral","Different slope"
"d8ee9f2a3dbb8e0ed3e4adb7a5dd8536","13",12,"19-25","Male","High School or Less","Yes","Prolific","85c5c5a6ab4fdb3aaf06947e0b9d4483","1","t-M_n-E","M","E","linear",10,"10",1,"Certain","Clustering, Different slope"
"d8ee9f2a3dbb8e0ed3e4adb7a5dd8536","26",12,"19-25","Male","High School or Less","Yes","Prolific","ee322d63db5869407801b2c6cd54c452","1","t-H_n-E","H","E","log",1,"1",1,"Very Certain","Clustering, Different slope"
"d8ee9f2a3dbb8e0ed3e4adb7a5dd8536","22",12,"19-25","Male","High School or Less","Yes","Prolific","17c70f64092db27a58faa6c255efd8ba","1","t-M_n-H","M","H","log",1,"1",1,"Very Certain","Clustering, Different slope"
"d8ee9f2a3dbb8e0ed3e4adb7a5dd8536","27",12,"19-25","Male","High School or Less","Yes","Prolific","b8efad9285426a191f979b32a5094198","2","t-H_n-E","H","E","linear",9,"15",0,"Very Certain","Clustering, Different slope, Outlier(s)"
"d8ee9f2a3dbb8e0ed3e4adb7a5dd8536","30",12,"19-25","Male","High School or Less","Yes","Prolific","1b39b36e7a6189897f2015f191953b9d","1","t-H_n-M","H","M","log",12,"12",1,"Uncertain","Different slope"
"d8ee9f2a3dbb8e0ed3e4adb7a5dd8536","29",12,"19-25","Male","High School or Less","Yes","Prolific","1b39b36e7a6189897f2015f191953b9d","1","t-H_n-M","H","M","linear",12,"12",1,"Certain","Clustering, Different slope"
"f80419e083c3938140e3ac7bf8002c6b","23",12,"19-25","Male","Prefer not to answer","Yes","Prolific","70eebf16937fb9e77a3b806afe9aa528","2","t-M_n-H","M","H","linear",13,"13",1,"Certain","Outlier(s)"
"f80419e083c3938140e3ac7bf8002c6b","15",12,"19-25","Male","Prefer not to answer","Yes","Prolific","07f1a227ee4ee73124d6589fada210dc","2","t-M_n-E","M","E","linear",10,"20",0,"Neutral","Clustering"
"f80419e083c3938140e3ac7bf8002c6b","30",12,"19-25","Male","Prefer not to answer","Yes","Prolific","1b39b36e7a6189897f2015f191953b9d","1","t-H_n-M","H","M","log",12,"10,12",1,"Certain","Different slope"
"f80419e083c3938140e3ac7bf8002c6b","30",12,"19-25","Male","Prefer not to answer","Yes","Prolific","1b39b36e7a6189897f2015f191953b9d","1","t-H_n-M","H","M","log",12,"12",1,"Very Certain","Different slope"
"f80419e083c3938140e3ac7bf8002c6b","30",12,"19-25","Male","Prefer not to answer","Yes","Prolific","1b39b36e7a6189897f2015f191953b9d","1","t-H_n-M","H","M","log",12,"12",1,"Very Uncertain","Different slope"
"f80419e083c3938140e3ac7bf8002c6b","30",12,"19-25","Male","Prefer not to answer","Yes","Prolific","1b39b36e7a6189897f2015f191953b9d","1","t-H_n-M","H","M","log",12,"12",1,"Uncertain","Different slope"
"f80419e083c3938140e3ac7bf8002c6b","23",12,"19-25","Male","Prefer not to answer","Yes","Prolific","70eebf16937fb9e77a3b806afe9aa528","2","t-M_n-H","M","H","linear",13,"13",1,"Certain","Outlier(s)"
"f80419e083c3938140e3ac7bf8002c6b","16",12,"19-25","Male","Prefer not to answer","Yes","Prolific","07f1a227ee4ee73124d6589fada210dc","2","t-M_n-E","M","E","log",10,"10",1,"Neutral","Clustering"
"f80419e083c3938140e3ac7bf8002c6b","31",12,"19-25","Male","Prefer not to answer","Yes","Prolific","914e02881a7432dc34831c5dff0477e0","2","t-H_n-M","H","M","linear",12,"8",0,"Uncertain","Different range"
"f80419e083c3938140e3ac7bf8002c6b","21",12,"19-25","Male","Prefer not to answer","Yes","Prolific","17c70f64092db27a58faa6c255efd8ba","1","t-M_n-H","M","H","linear",1,"1",1,"Neutral","Outlier(s)"
"f80419e083c3938140e3ac7bf8002c6b","21",12,"19-25","Male","Prefer not to answer","Yes","Prolific","17c70f64092db27a58faa6c255efd8ba","1","t-M_n-H","M","H","linear",1,"10",0,"Uncertain","Clustering"
"f80419e083c3938140e3ac7bf8002c6b","10",12,"19-25","Male","Prefer not to answer","Yes","Prolific","8105c77bcc5d38d9b4e742f1b76de5fc","1","t-E_n-H","E","H","log",15,"15",1,"Very Certain","Different slope"
"7fdab92069a1cdc2e3606ab9180deaf4","29",12,"26-30","Male","Graduate Degree","Yes","Prolific","1b39b36e7a6189897f2015f191953b9d","1","t-H_n-M","H","M","linear",12,"4",0,"Certain","Different shape"
"7fdab92069a1cdc2e3606ab9180deaf4","29",12,"26-30","Male","Graduate Degree","Yes","Prolific","1b39b36e7a6189897f2015f191953b9d","1","t-H_n-M","H","M","linear",12,"19",0,"Very Certain","Different slope"
"7fdab92069a1cdc2e3606ab9180deaf4","30",12,"26-30","Male","Graduate Degree","Yes","Prolific","1b39b36e7a6189897f2015f191953b9d","1","t-H_n-M","H","M","log",12,"20",0,"Certain","Different slope"
"7fdab92069a1cdc2e3606ab9180deaf4","30",12,"26-30","Male","Graduate Degree","Yes","Prolific","1b39b36e7a6189897f2015f191953b9d","1","t-H_n-M","H","M","log",12,"8",0,"Neutral","Different shape"
"7fdab92069a1cdc2e3606ab9180deaf4","8",12,"26-30","Male","Graduate Degree","Yes","Prolific","076f2d6385d635ea49402478f7e44cab","2","t-E_n-M","E","M","log",14,"14",1,"Very Certain","Outlier(s)"
"7fdab92069a1cdc2e3606ab9180deaf4","23",12,"26-30","Male","Graduate Degree","Yes","Prolific","70eebf16937fb9e77a3b806afe9aa528","2","t-M_n-H","M","H","linear",13,"13",1,"Certain","Different range"
"7fdab92069a1cdc2e3606ab9180deaf4","13",12,"26-30","Male","Graduate Degree","Yes","Prolific","85c5c5a6ab4fdb3aaf06947e0b9d4483","1","t-M_n-E","M","E","linear",10,"19",0,"Neutral","Different shape"
"7fdab92069a1cdc2e3606ab9180deaf4","26",12,"26-30","Male","Graduate Degree","Yes","Prolific","ee322d63db5869407801b2c6cd54c452","1","t-H_n-E","H","E","log",1,"6",0,"Certain","Different shape"
"7fdab92069a1cdc2e3606ab9180deaf4","16",12,"26-30","Male","Graduate Degree","Yes","Prolific","07f1a227ee4ee73124d6589fada210dc","2","t-M_n-E","M","E","log",10,"10",1,"Very Certain","Different slope"
"7fdab92069a1cdc2e3606ab9180deaf4","27",12,"26-30","Male","Graduate Degree","Yes","Prolific","b8efad9285426a191f979b32a5094198","2","t-H_n-E","H","E","linear",9,"9",1,"Very Certain","Different slope"
"7fdab92069a1cdc2e3606ab9180deaf4","10",12,"26-30","Male","Graduate Degree","Yes","Prolific","8105c77bcc5d38d9b4e742f1b76de5fc","1","t-E_n-H","E","H","log",15,"15",1,"Very Certain","Different slope"
"7fdab92069a1cdc2e3606ab9180deaf4","32",12,"26-30","Male","Graduate Degree","Yes","Prolific","914e02881a7432dc34831c5dff0477e0","2","t-H_n-M","H","M","log",12,"20",0,"Certain","Different range"
"e25460be2d1f0c9132c52fce6e648420","16",12,"31-35","Male","Graduate Degree","Yes","Prolific","07f1a227ee4ee73124d6589fada210dc","2","t-M_n-E","M","E","log",10,"13",0,"Certain","Different shape"
"e25460be2d1f0c9132c52fce6e648420","29",12,"31-35","Male","Graduate Degree","Yes","Prolific","1b39b36e7a6189897f2015f191953b9d","1","t-H_n-M","H","M","linear",12,"8",0,"Certain","Outlier(s)"
"e25460be2d1f0c9132c52fce6e648420","30",12,"31-35","Male","Graduate Degree","Yes","Prolific","1b39b36e7a6189897f2015f191953b9d","1","t-H_n-M","H","M","log",12,"12",1,"Neutral","Different slope"
"e25460be2d1f0c9132c52fce6e648420","30",12,"31-35","Male","Graduate Degree","Yes","Prolific","1b39b36e7a6189897f2015f191953b9d","1","t-H_n-M","H","M","log",12,"11",0,"Certain","Outlier(s)"
"e25460be2d1f0c9132c52fce6e648420","8",12,"31-35","Male","Graduate Degree","Yes","Prolific","076f2d6385d635ea49402478f7e44cab","2","t-E_n-M","E","M","log",14,"14",1,"Very Certain","Different shape"
"e25460be2d1f0c9132c52fce6e648420","16",12,"31-35","Male","Graduate Degree","Yes","Prolific","07f1a227ee4ee73124d6589fada210dc","2","t-M_n-E","M","E","log",10,"13",0,"Certain","Outlier(s)"
"e25460be2d1f0c9132c52fce6e648420","13",12,"31-35","Male","Graduate Degree","Yes","Prolific","85c5c5a6ab4fdb3aaf06947e0b9d4483","1","t-M_n-E","M","E","linear",10,"20",0,"Certain","Clustering"
"e25460be2d1f0c9132c52fce6e648420","26",12,"31-35","Male","Graduate Degree","Yes","Prolific","ee322d63db5869407801b2c6cd54c452","1","t-H_n-E","H","E","log",1,"1",1,"Very Certain","Different slope"
"e25460be2d1f0c9132c52fce6e648420","16",12,"31-35","Male","Graduate Degree","Yes","Prolific","07f1a227ee4ee73124d6589fada210dc","2","t-M_n-E","M","E","log",10,"13",0,"Uncertain","Outlier(s)"
"e25460be2d1f0c9132c52fce6e648420","27",12,"31-35","Male","Graduate Degree","Yes","Prolific","b8efad9285426a191f979b32a5094198","2","t-H_n-E","H","E","linear",9,"10",0,"Certain","Different slope"
"e25460be2d1f0c9132c52fce6e648420","10",12,"31-35","Male","Graduate Degree","Yes","Prolific","8105c77bcc5d38d9b4e742f1b76de5fc","1","t-E_n-H","E","H","log",15,"15",1,"Very Certain","Different slope"
"e25460be2d1f0c9132c52fce6e648420","21",12,"31-35","Male","Graduate Degree","Yes","Prolific","17c70f64092db27a58faa6c255efd8ba","1","t-M_n-H","M","H","linear",1,"1",1,"Neutral","Different slope"
"9ca0c914fa8009b4d31843c87424ace2","24",13,"31-35","Male","Undergraduate Degree","Yes","Prolific","70eebf16937fb9e77a3b806afe9aa528","2","t-M_n-H","M","H","log",13,"13",1,"Very Uncertain","Different shape"
"9ca0c914fa8009b4d31843c87424ace2","29",13,"31-35","Male","Undergraduate Degree","Yes","Prolific","1b39b36e7a6189897f2015f191953b9d","1","t-H_n-M","H","M","linear",12,"12",1,"Neutral","Different range, Different shape"
"9ca0c914fa8009b4d31843c87424ace2","11",13,"31-35","Male","Undergraduate Degree","Yes","Prolific","909f6bb4a0bbb8708bcc2d96c0b7052f","2","t-E_n-H","E","H","linear",17,"17",1,"Very Certain","Clustering, Different range, Different shape, Different slope, Outlier(s)"
"9ca0c914fa8009b4d31843c87424ace2","7",13,"31-35","Male","Undergraduate Degree","Yes","Prolific","076f2d6385d635ea49402478f7e44cab","2","t-E_n-M","E","M","linear",14,"14",1,"Neutral","Clustering, Different range, Outlier(s)"
"9ca0c914fa8009b4d31843c87424ace2","23",13,"31-35","Male","Undergraduate Degree","Yes","Prolific","70eebf16937fb9e77a3b806afe9aa528","2","t-M_n-H","M","H","linear",13,"13",1,"Uncertain","Clustering, Different range"
"9ca0c914fa8009b4d31843c87424ace2","11",13,"31-35","Male","Undergraduate Degree","Yes","Prolific","909f6bb4a0bbb8708bcc2d96c0b7052f","2","t-E_n-H","E","H","linear",17,"17",1,"Certain","Clustering, Different range, Different shape"
"9ca0c914fa8009b4d31843c87424ace2","27",13,"31-35","Male","Undergraduate Degree","Yes","Prolific","b8efad9285426a191f979b32a5094198","2","t-H_n-E","H","E","linear",9,"10,9",1,"Neutral","Different range, Different shape"
"9ca0c914fa8009b4d31843c87424ace2","10",13,"31-35","Male","Undergraduate Degree","Yes","Prolific","8105c77bcc5d38d9b4e742f1b76de5fc","1","t-E_n-H","E","H","log",15,"15",1,"Certain","Clustering, Different shape, Different slope, Outlier(s)"
"9ca0c914fa8009b4d31843c87424ace2","31",13,"31-35","Male","Undergraduate Degree","Yes","Prolific","914e02881a7432dc34831c5dff0477e0","2","t-H_n-M","H","M","linear",12,"8,3",0,"Neutral","Clustering, Different shape, Different slope"
"9ca0c914fa8009b4d31843c87424ace2","14",13,"31-35","Male","Undergraduate Degree","Yes","Prolific","85c5c5a6ab4fdb3aaf06947e0b9d4483","1","t-M_n-E","M","E","log",10,"10",1,"Certain","Different range, Different shape, Different slope"
"9ca0c914fa8009b4d31843c87424ace2","27",13,"31-35","Male","Undergraduate Degree","Yes","Prolific","b8efad9285426a191f979b32a5094198","2","t-H_n-E","H","E","linear",9,"9",1,"Certain","Different shape, Different slope"
"9ca0c914fa8009b4d31843c87424ace2","9",13,"31-35","Male","Undergraduate Degree","Yes","Prolific","8105c77bcc5d38d9b4e742f1b76de5fc","1","t-E_n-H","E","H","linear",15,"15",1,"Certain","Clustering"
"9ca0c914fa8009b4d31843c87424ace2","10",13,"31-35","Male","Undergraduate Degree","Yes","Prolific","8105c77bcc5d38d9b4e742f1b76de5fc","1","t-E_n-H","E","H","log",15,"15",1,"Certain","Different shape, Different slope, Outlier(s)"
"a189c43c6d7c1cd20c51b3dfbe801531","16",10,"26-30","Female","Graduate Degree","Yes","Prolific","07f1a227ee4ee73124d6589fada210dc","2","t-M_n-E","M","E","log",10,"2",0,"Certain","Outlier(s)"
"a189c43c6d7c1cd20c51b3dfbe801531","15",10,"26-30","Female","Graduate Degree","Yes","Prolific","07f1a227ee4ee73124d6589fada210dc","2","t-M_n-E","M","E","linear",10,"14",0,"Uncertain","Clustering"
"a189c43c6d7c1cd20c51b3dfbe801531","30",10,"26-30","Female","Graduate Degree","Yes","Prolific","1b39b36e7a6189897f2015f191953b9d","1","t-H_n-M","H","M","log",12,"5",0,"Neutral","Clustering"
"a189c43c6d7c1cd20c51b3dfbe801531","21",10,"26-30","Female","Graduate Degree","Yes","Prolific","17c70f64092db27a58faa6c255efd8ba","1","t-M_n-H","M","H","linear",1,"1",1,"Certain","Different slope"
"a189c43c6d7c1cd20c51b3dfbe801531","16",10,"26-30","Female","Graduate Degree","Yes","Prolific","07f1a227ee4ee73124d6589fada210dc","2","t-M_n-E","M","E","log",10,"13",0,"Neutral","Outlier(s)"
"a189c43c6d7c1cd20c51b3dfbe801531","26",10,"26-30","Female","Graduate Degree","Yes","Prolific","ee322d63db5869407801b2c6cd54c452","1","t-H_n-E","H","E","log",1,"1",1,"Very Certain","Different slope"
"a189c43c6d7c1cd20c51b3dfbe801531","14",10,"26-30","Female","Graduate Degree","Yes","Prolific","85c5c5a6ab4fdb3aaf06947e0b9d4483","1","t-M_n-E","M","E","log",10,"10",1,"Very Certain","Different slope"
"a189c43c6d7c1cd20c51b3dfbe801531","25",10,"26-30","Female","Graduate Degree","Yes","Prolific","ee322d63db5869407801b2c6cd54c452","1","t-H_n-E","H","E","linear",1,"1",1,"Very Certain","Different slope"
"a189c43c6d7c1cd20c51b3dfbe801531","31",10,"26-30","Female","Graduate Degree","Yes","Prolific","914e02881a7432dc34831c5dff0477e0","2","t-H_n-M","H","M","linear",12,"12",1,"Very Certain","Different slope"
"a189c43c6d7c1cd20c51b3dfbe801531","5",10,"26-30","Female","Graduate Degree","Yes","Prolific","9f2d96ab9212ba1d26f176b00e6eeec0","1","t-E_n-M","E","M","linear",12,"17",0,"Neutral","Clustering"
"2c08e0ef81d62c30a729d3e4450d16d4","12",11,"19-25","Male","Some Undergraduate Courses","Yes","Prolific","909f6bb4a0bbb8708bcc2d96c0b7052f","2","t-E_n-H","E","H","log",17,"17",1,"Certain","Different range"
"2c08e0ef81d62c30a729d3e4450d16d4","25",11,"19-25","Male","Some Undergraduate Courses","Yes","Prolific","ee322d63db5869407801b2c6cd54c452","1","t-H_n-E","H","E","linear",1,"16",0,"Neutral","Clustering"
"2c08e0ef81d62c30a729d3e4450d16d4","25",11,"19-25","Male","Some Undergraduate Courses","Yes","Prolific","ee322d63db5869407801b2c6cd54c452","1","t-H_n-E","H","E","linear",1,"16",0,"Uncertain","Clustering"
"2c08e0ef81d62c30a729d3e4450d16d4","26",11,"19-25","Male","Some Undergraduate Courses","Yes","Prolific","ee322d63db5869407801b2c6cd54c452","1","t-H_n-E","H","E","log",1,"1",1,"Neutral","Different range"
"2c08e0ef81d62c30a729d3e4450d16d4","31",11,"19-25","Male","Some Undergraduate Courses","Yes","Prolific","914e02881a7432dc34831c5dff0477e0","2","t-H_n-M","H","M","linear",12,"3",0,"Neutral","Clustering"
"2c08e0ef81d62c30a729d3e4450d16d4","10",11,"19-25","Male","Some Undergraduate Courses","Yes","Prolific","8105c77bcc5d38d9b4e742f1b76de5fc","1","t-E_n-H","E","H","log",15,"15",1,"Neutral","Clustering"
"2c08e0ef81d62c30a729d3e4450d16d4","21",11,"19-25","Male","Some Undergraduate Courses","Yes","Prolific","17c70f64092db27a58faa6c255efd8ba","1","t-M_n-H","M","H","linear",1,"1",1,"Neutral","Different shape"
"2c08e0ef81d62c30a729d3e4450d16d4","8",11,"19-25","Male","Some Undergraduate Courses","Yes","Prolific","076f2d6385d635ea49402478f7e44cab","2","t-E_n-M","E","M","log",14,"14",1,"Uncertain","Different range"
"2c08e0ef81d62c30a729d3e4450d16d4","14",11,"19-25","Male","Some Undergraduate Courses","Yes","Prolific","85c5c5a6ab4fdb3aaf06947e0b9d4483","1","t-M_n-E","M","E","log",10,"10",1,"Neutral","Different shape"
"2c08e0ef81d62c30a729d3e4450d16d4","29",11,"19-25","Male","Some Undergraduate Courses","Yes","Prolific","1b39b36e7a6189897f2015f191953b9d","1","t-H_n-M","H","M","linear",12,"10",0,"Very Uncertain","Outlier(s)"
"2c08e0ef81d62c30a729d3e4450d16d4","25",11,"19-25","Male","Some Undergraduate Courses","Yes","Prolific","ee322d63db5869407801b2c6cd54c452","1","t-H_n-E","H","E","linear",1,"1",1,"Certain","Different shape"
"22519b3311b83d1a15ef0030594bf596","29",13,"26-30","Female","Graduate Degree","Yes","Prolific","1b39b36e7a6189897f2015f191953b9d","1","t-H_n-M","H","M","linear",12,"16",0,"Certain","Different slope"
"22519b3311b83d1a15ef0030594bf596","29",13,"26-30","Female","Graduate Degree","Yes","Prolific","1b39b36e7a6189897f2015f191953b9d","1","t-H_n-M","H","M","linear",12,"8",0,"Very Certain","Outlier(s)"
"22519b3311b83d1a15ef0030594bf596","11",13,"26-30","Female","Graduate Degree","Yes","Prolific","909f6bb4a0bbb8708bcc2d96c0b7052f","2","t-E_n-H","E","H","linear",17,"17",1,"Very Certain","Outlier(s)"
"22519b3311b83d1a15ef0030594bf596","7",13,"26-30","Female","Graduate Degree","Yes","Prolific","076f2d6385d635ea49402478f7e44cab","2","t-E_n-M","E","M","linear",14,"5",0,"Neutral","Different shape"
"22519b3311b83d1a15ef0030594bf596","23",13,"26-30","Female","Graduate Degree","Yes","Prolific","70eebf16937fb9e77a3b806afe9aa528","2","t-M_n-H","M","H","linear",13,"13",1,"Neutral","Different range"
"22519b3311b83d1a15ef0030594bf596","25",13,"26-30","Female","Graduate Degree","Yes","Prolific","ee322d63db5869407801b2c6cd54c452","1","t-H_n-E","H","E","linear",1,"6",0,"Neutral","Different slope"
"22519b3311b83d1a15ef0030594bf596","24",13,"26-30","Female","Graduate Degree","Yes","Prolific","70eebf16937fb9e77a3b806afe9aa528","2","t-M_n-H","M","H","log",13,"2",0,"Very Certain","Clustering"
"22519b3311b83d1a15ef0030594bf596","23",13,"26-30","Female","Graduate Degree","Yes","Prolific","70eebf16937fb9e77a3b806afe9aa528","2","t-M_n-H","M","H","linear",13,"13",1,"Certain","Different slope"
"22519b3311b83d1a15ef0030594bf596","28",13,"26-30","Female","Graduate Degree","Yes","Prolific","b8efad9285426a191f979b32a5094198","2","t-H_n-E","H","E","log",9,"6",0,"Neutral","Outlier(s)"
"22519b3311b83d1a15ef0030594bf596","15",13,"26-30","Female","Graduate Degree","Yes","Prolific","07f1a227ee4ee73124d6589fada210dc","2","t-M_n-E","M","E","linear",10,"15",0,"Neutral","Outlier(s)"
"22519b3311b83d1a15ef0030594bf596","9",13,"26-30","Female","Graduate Degree","Yes","Prolific","8105c77bcc5d38d9b4e742f1b76de5fc","1","t-E_n-H","E","H","linear",15,"5",0,"Uncertain","Different shape"
"22519b3311b83d1a15ef0030594bf596","9",13,"26-30","Female","Graduate Degree","Yes","Prolific","8105c77bcc5d38d9b4e742f1b76de5fc","1","t-E_n-H","E","H","linear",15,"15",1,"Certain","Different slope"
"22519b3311b83d1a15ef0030594bf596","22",13,"26-30","Female","Graduate Degree","Yes","Prolific","17c70f64092db27a58faa6c255efd8ba","1","t-M_n-H","M","H","log",1,"17",0,"Neutral","Clustering"
"53262be09e6863c1dc0f16da2efc1a7b","29",12,"19-25","Male","Undergraduate Degree","Yes","Prolific","1b39b36e7a6189897f2015f191953b9d","1","t-H_n-M","H","M","linear",12,"16",0,"Neutral","Clustering"
"53262be09e6863c1dc0f16da2efc1a7b","29",12,"19-25","Male","Undergraduate Degree","Yes","Prolific","1b39b36e7a6189897f2015f191953b9d","1","t-H_n-M","H","M","linear",12,"9",0,"Certain","Different shape, Different slope"
"53262be09e6863c1dc0f16da2efc1a7b","11",12,"19-25","Male","Undergraduate Degree","Yes","Prolific","909f6bb4a0bbb8708bcc2d96c0b7052f","2","t-E_n-H","E","H","linear",17,"17",1,"Certain","Different slope"
"53262be09e6863c1dc0f16da2efc1a7b","7",12,"19-25","Male","Undergraduate Degree","Yes","Prolific","076f2d6385d635ea49402478f7e44cab","2","t-E_n-M","E","M","linear",14,"14",1,"Certain","Different shape, Different slope"
"53262be09e6863c1dc0f16da2efc1a7b","23",12,"19-25","Male","Undergraduate Degree","Yes","Prolific","70eebf16937fb9e77a3b806afe9aa528","2","t-M_n-H","M","H","linear",13,"13",1,"Very Certain","Clustering, Different shape, Different slope"
"53262be09e6863c1dc0f16da2efc1a7b","30",12,"19-25","Male","Undergraduate Degree","Yes","Prolific","1b39b36e7a6189897f2015f191953b9d","1","t-H_n-M","H","M","log",12,"12",1,"Certain","Different shape, Different slope"
"53262be09e6863c1dc0f16da2efc1a7b","6",12,"19-25","Male","Undergraduate Degree","Yes","Prolific","9f2d96ab9212ba1d26f176b00e6eeec0","1","t-E_n-M","E","M","log",12,"12",1,"Certain","Different shape, Different slope"
"53262be09e6863c1dc0f16da2efc1a7b","23",12,"19-25","Male","Undergraduate Degree","Yes","Prolific","70eebf16937fb9e77a3b806afe9aa528","2","t-M_n-H","M","H","linear",13,"13",1,"Certain","Different shape, Different slope, Outlier(s)"
"53262be09e6863c1dc0f16da2efc1a7b","16",12,"19-25","Male","Undergraduate Degree","Yes","Prolific","07f1a227ee4ee73124d6589fada210dc","2","t-M_n-E","M","E","log",10,"17",0,"Neutral","Clustering, Different shape"
"53262be09e6863c1dc0f16da2efc1a7b","29",12,"19-25","Male","Undergraduate Degree","Yes","Prolific","1b39b36e7a6189897f2015f191953b9d","1","t-H_n-M","H","M","linear",12,"12",1,"Neutral","Different shape"
"53262be09e6863c1dc0f16da2efc1a7b","21",12,"19-25","Male","Undergraduate Degree","Yes","Prolific","17c70f64092db27a58faa6c255efd8ba","1","t-M_n-H","M","H","linear",1,"18",0,"Neutral","Clustering, Outlier(s)"
"53262be09e6863c1dc0f16da2efc1a7b","32",12,"19-25","Male","Undergraduate Degree","Yes","Prolific","914e02881a7432dc34831c5dff0477e0","2","t-H_n-M","H","M","log",12,"3",0,"Certain","Outlier(s)"
"f7f4084202c7e12f3755531033ebadd0","10",13,"19-25","Male","Some Undergraduate Courses","Yes","Prolific","8105c77bcc5d38d9b4e742f1b76de5fc","1","t-E_n-H","E","H","log",15,"15",1,"Neutral","Clustering, Different shape, Different slope"
"f7f4084202c7e12f3755531033ebadd0","29",13,"19-25","Male","Some Undergraduate Courses","Yes","Prolific","1b39b36e7a6189897f2015f191953b9d","1","t-H_n-M","H","M","linear",12,"12",1,"Uncertain","Different slope"
"f7f4084202c7e12f3755531033ebadd0","8",13,"19-25","Male","Some Undergraduate Courses","Yes","Prolific","076f2d6385d635ea49402478f7e44cab","2","t-E_n-M","E","M","log",14,"14",1,"Uncertain","Clustering, Outlier(s)"
"f7f4084202c7e12f3755531033ebadd0","29",13,"19-25","Male","Some Undergraduate Courses","Yes","Prolific","1b39b36e7a6189897f2015f191953b9d","1","t-H_n-M","H","M","linear",12,"8",0,"Very Uncertain","Outlier(s)"
"f7f4084202c7e12f3755531033ebadd0","5",13,"19-25","Male","Some Undergraduate Courses","Yes","Prolific","9f2d96ab9212ba1d26f176b00e6eeec0","1","t-E_n-M","E","M","linear",12,"6",0,"Neutral","Clustering"
"f7f4084202c7e12f3755531033ebadd0","21",13,"19-25","Male","Some Undergraduate Courses","Yes","Prolific","17c70f64092db27a58faa6c255efd8ba","1","t-M_n-H","M","H","linear",1,"1",1,"Certain","Clustering, Different slope"
"f7f4084202c7e12f3755531033ebadd0","22",13,"19-25","Male","Some Undergraduate Courses","Yes","Prolific","17c70f64092db27a58faa6c255efd8ba","1","t-M_n-H","M","H","log",1,"1",1,"Very Certain","Clustering, Different shape, Different slope"
"f7f4084202c7e12f3755531033ebadd0","10",13,"19-25","Male","Some Undergraduate Courses","Yes","Prolific","8105c77bcc5d38d9b4e742f1b76de5fc","1","t-E_n-H","E","H","log",15,"15",1,"Certain","Clustering, Different shape, Different slope"
"f7f4084202c7e12f3755531033ebadd0","22",13,"19-25","Male","Some Undergraduate Courses","Yes","Prolific","17c70f64092db27a58faa6c255efd8ba","1","t-M_n-H","M","H","log",1,"1",1,"Neutral","Different slope"
"f7f4084202c7e12f3755531033ebadd0","31",13,"19-25","Male","Some Undergraduate Courses","Yes","Prolific","914e02881a7432dc34831c5dff0477e0","2","t-H_n-M","H","M","linear",12,"4",0,"Uncertain","Different range"
"f7f4084202c7e12f3755531033ebadd0","27",13,"19-25","Male","Some Undergraduate Courses","Yes","Prolific","b8efad9285426a191f979b32a5094198","2","t-H_n-E","H","E","linear",9,"9",1,"Very Uncertain","Different slope"
"f7f4084202c7e12f3755531033ebadd0","9",13,"19-25","Male","Some Undergraduate Courses","Yes","Prolific","8105c77bcc5d38d9b4e742f1b76de5fc","1","t-E_n-H","E","H","linear",15,"15",1,"Very Certain","Clustering, Different shape, Different slope"
"f7f4084202c7e12f3755531033ebadd0","10",13,"19-25","Male","Some Undergraduate Courses","Yes","Prolific","8105c77bcc5d38d9b4e742f1b76de5fc","1","t-E_n-H","E","H","log",15,"15",1,"Very Certain","Different shape, Different slope"
"4420a85161868bdcf9e33a1b7fddb0f2","30",13,"19-25","Male","Some Undergraduate Courses","Yes","Prolific","1b39b36e7a6189897f2015f191953b9d","1","t-H_n-M","H","M","log",12,"12",1,"Very Uncertain","Different shape"
"4420a85161868bdcf9e33a1b7fddb0f2","6",13,"19-25","Male","Some Undergraduate Courses","Yes","Prolific","9f2d96ab9212ba1d26f176b00e6eeec0","1","t-E_n-M","E","M","log",12,"12",1,"Uncertain","Different slope"
"4420a85161868bdcf9e33a1b7fddb0f2","28",13,"19-25","Male","Some Undergraduate Courses","Yes","Prolific","b8efad9285426a191f979b32a5094198","2","t-H_n-E","H","E","log",9,"9",1,"Very Certain","Different slope"
"4420a85161868bdcf9e33a1b7fddb0f2","29",13,"19-25","Male","Some Undergraduate Courses","Yes","Prolific","1b39b36e7a6189897f2015f191953b9d","1","t-H_n-M","H","M","linear",12,"8",0,"Certain","Outlier(s)"
"4420a85161868bdcf9e33a1b7fddb0f2","5",13,"19-25","Male","Some Undergraduate Courses","Yes","Prolific","9f2d96ab9212ba1d26f176b00e6eeec0","1","t-E_n-M","E","M","linear",12,"1",0,"Neutral","Outlier(s)"
"4420a85161868bdcf9e33a1b7fddb0f2","25",13,"19-25","Male","Some Undergraduate Courses","Yes","Prolific","ee322d63db5869407801b2c6cd54c452","1","t-H_n-E","H","E","linear",1,"18",0,"Uncertain","Outlier(s)"
"4420a85161868bdcf9e33a1b7fddb0f2","25",13,"19-25","Male","Some Undergraduate Courses","Yes","Prolific","ee322d63db5869407801b2c6cd54c452","1","t-H_n-E","H","E","linear",1,"19",0,"Neutral","Different range"
"4420a85161868bdcf9e33a1b7fddb0f2","8",13,"19-25","Male","Some Undergraduate Courses","Yes","Prolific","076f2d6385d635ea49402478f7e44cab","2","t-E_n-M","E","M","log",14,"14",1,"Certain","Different slope"
"4420a85161868bdcf9e33a1b7fddb0f2","8",13,"19-25","Male","Some Undergraduate Courses","Yes","Prolific","076f2d6385d635ea49402478f7e44cab","2","t-E_n-M","E","M","log",14,"14",1,"Certain","Different slope"
"4420a85161868bdcf9e33a1b7fddb0f2","28",13,"19-25","Male","Some Undergraduate Courses","Yes","Prolific","b8efad9285426a191f979b32a5094198","2","t-H_n-E","H","E","log",9,"9",1,"Very Certain","Different slope"
"4420a85161868bdcf9e33a1b7fddb0f2","27",13,"19-25","Male","Some Undergraduate Courses","Yes","Prolific","b8efad9285426a191f979b32a5094198","2","t-H_n-E","H","E","linear",9,"9",1,"Certain","Different slope"
"4420a85161868bdcf9e33a1b7fddb0f2","9",13,"19-25","Male","Some Undergraduate Courses","Yes","Prolific","8105c77bcc5d38d9b4e742f1b76de5fc","1","t-E_n-H","E","H","linear",15,"15",1,"Very Certain","Clustering, Outlier(s)"
"4420a85161868bdcf9e33a1b7fddb0f2","10",13,"19-25","Male","Some Undergraduate Courses","Yes","Prolific","8105c77bcc5d38d9b4e742f1b76de5fc","1","t-E_n-H","E","H","log",15,"15",1,"Very Certain","Different shape, Different slope"
"25afd3e021703ffdc582614cc84cacf9","24",12,"19-25","Male","Some Graduate Courses","Yes","Prolific","70eebf16937fb9e77a3b806afe9aa528","2","t-M_n-H","M","H","log",13,"9",0,"Neutral","Clustering"
"25afd3e021703ffdc582614cc84cacf9","24",12,"19-25","Male","Some Graduate Courses","Yes","Prolific","70eebf16937fb9e77a3b806afe9aa528","2","t-M_n-H","M","H","log",13,"19,9",0,"Neutral","Clustering"
"25afd3e021703ffdc582614cc84cacf9","8",12,"19-25","Male","Some Graduate Courses","Yes","Prolific","076f2d6385d635ea49402478f7e44cab","2","t-E_n-M","E","M","log",14,"14",1,"Certain","Different slope"
"25afd3e021703ffdc582614cc84cacf9","24",12,"19-25","Male","Some Graduate Courses","Yes","Prolific","70eebf16937fb9e77a3b806afe9aa528","2","t-M_n-H","M","H","log",13,"13",1,"Neutral","Different shape"
"25afd3e021703ffdc582614cc84cacf9","5",12,"19-25","Male","Some Graduate Courses","Yes","Prolific","9f2d96ab9212ba1d26f176b00e6eeec0","1","t-E_n-M","E","M","linear",12,"12",1,"Certain","Clustering, Different shape"
"25afd3e021703ffdc582614cc84cacf9","21",12,"19-25","Male","Some Graduate Courses","Yes","Prolific","17c70f64092db27a58faa6c255efd8ba","1","t-M_n-H","M","H","linear",1,"15",0,"Neutral","Different range, Different slope"
"25afd3e021703ffdc582614cc84cacf9","10",12,"19-25","Male","Some Graduate Courses","Yes","Prolific","8105c77bcc5d38d9b4e742f1b76de5fc","1","t-E_n-H","E","H","log",15,"15",1,"Certain","Different shape, Different slope"
"25afd3e021703ffdc582614cc84cacf9","31",12,"19-25","Male","Some Graduate Courses","Yes","Prolific","914e02881a7432dc34831c5dff0477e0","2","t-H_n-M","H","M","linear",12,"3",0,"Neutral","Different range"
"25afd3e021703ffdc582614cc84cacf9","15",12,"19-25","Male","Some Graduate Courses","Yes","Prolific","07f1a227ee4ee73124d6589fada210dc","2","t-M_n-E","M","E","linear",10,"14",0,"Certain","Different range, Different shape"
"25afd3e021703ffdc582614cc84cacf9","9",12,"19-25","Male","Some Graduate Courses","Yes","Prolific","8105c77bcc5d38d9b4e742f1b76de5fc","1","t-E_n-H","E","H","linear",15,"15",1,"Uncertain","Clustering"
"25afd3e021703ffdc582614cc84cacf9","9",12,"19-25","Male","Some Graduate Courses","Yes","Prolific","8105c77bcc5d38d9b4e742f1b76de5fc","1","t-E_n-H","E","H","linear",15,"15",1,"Very Certain","Clustering"
"25afd3e021703ffdc582614cc84cacf9","10",12,"19-25","Male","Some Graduate Courses","Yes","Prolific","8105c77bcc5d38d9b4e742f1b76de5fc","1","t-E_n-H","E","H","log",15,"15",1,"Very Certain","Clustering, Different shape"
"18c006ac04be0818b34d73283fc7fee2","25",13,"19-25","Female","Some Undergraduate Courses","Yes","Prolific","ee322d63db5869407801b2c6cd54c452","1","t-H_n-E","H","E","linear",1,"19",0,"Neutral","Clustering"
"18c006ac04be0818b34d73283fc7fee2","9",13,"19-25","Female","Some Undergraduate Courses","Yes","Prolific","8105c77bcc5d38d9b4e742f1b76de5fc","1","t-E_n-H","E","H","linear",15,"15",1,"Certain","Clustering"
"18c006ac04be0818b34d73283fc7fee2","14",13,"19-25","Female","Some Undergraduate Courses","Yes","Prolific","85c5c5a6ab4fdb3aaf06947e0b9d4483","1","t-M_n-E","M","E","log",10,"19",0,"Uncertain","Clustering"
"18c006ac04be0818b34d73283fc7fee2","29",13,"19-25","Female","Some Undergraduate Courses","Yes","Prolific","1b39b36e7a6189897f2015f191953b9d","1","t-H_n-M","H","M","linear",12,"1",0,"Certain","Different range"
"18c006ac04be0818b34d73283fc7fee2","16",13,"19-25","Female","Some Undergraduate Courses","Yes","Prolific","07f1a227ee4ee73124d6589fada210dc","2","t-M_n-E","M","E","log",10,"13",0,"Certain","Clustering"
"18c006ac04be0818b34d73283fc7fee2","8",13,"19-25","Female","Some Undergraduate Courses","Yes","Prolific","076f2d6385d635ea49402478f7e44cab","2","t-E_n-M","E","M","log",14,"14",1,"Certain","Clustering"
"18c006ac04be0818b34d73283fc7fee2","25",13,"19-25","Female","Some Undergraduate Courses","Yes","Prolific","ee322d63db5869407801b2c6cd54c452","1","t-H_n-E","H","E","linear",1,"13",0,"Uncertain","Different range"
"18c006ac04be0818b34d73283fc7fee2","30",13,"19-25","Female","Some Undergraduate Courses","Yes","Prolific","1b39b36e7a6189897f2015f191953b9d","1","t-H_n-M","H","M","log",12,"4",0,"Very Uncertain","Clustering"
"18c006ac04be0818b34d73283fc7fee2","8",13,"19-25","Female","Some Undergraduate Courses","Yes","Prolific","076f2d6385d635ea49402478f7e44cab","2","t-E_n-M","E","M","log",14,"14",1,"Very Certain","Different shape"
"18c006ac04be0818b34d73283fc7fee2","28",13,"19-25","Female","Some Undergraduate Courses","Yes","Prolific","b8efad9285426a191f979b32a5094198","2","t-H_n-E","H","E","log",9,"9",1,"Very Certain","Different shape"
"18c006ac04be0818b34d73283fc7fee2","27",13,"19-25","Female","Some Undergraduate Courses","Yes","Prolific","b8efad9285426a191f979b32a5094198","2","t-H_n-E","H","E","linear",9,"9",1,"Very Certain","Different shape"
"18c006ac04be0818b34d73283fc7fee2","9",13,"19-25","Female","Some Undergraduate Courses","Yes","Prolific","8105c77bcc5d38d9b4e742f1b76de5fc","1","t-E_n-H","E","H","linear",15,"15",1,"Very Certain","Different shape, Different slope"
"18c006ac04be0818b34d73283fc7fee2","10",13,"19-25","Female","Some Undergraduate Courses","Yes","Prolific","8105c77bcc5d38d9b4e742f1b76de5fc","1","t-E_n-H","E","H","log",15,"15",1,"Neutral","Different range, Different shape"
"dabac165c68d2dbecb7b86734c246ee3","12",13,"19-25","Male","High School or Less","Yes","Prolific","909f6bb4a0bbb8708bcc2d96c0b7052f","2","t-E_n-H","E","H","log",17,"17",1,"Certain","Different range"
"dabac165c68d2dbecb7b86734c246ee3","15",13,"19-25","Male","High School or Less","Yes","Prolific","07f1a227ee4ee73124d6589fada210dc","2","t-M_n-E","M","E","linear",10,"8",0,"Certain","Outlier(s)"
"dabac165c68d2dbecb7b86734c246ee3","22",13,"19-25","Male","High School or Less","Yes","Prolific","17c70f64092db27a58faa6c255efd8ba","1","t-M_n-H","M","H","log",1,"15",0,"Neutral","Different slope"
"dabac165c68d2dbecb7b86734c246ee3","13",13,"19-25","Male","High School or Less","Yes","Prolific","85c5c5a6ab4fdb3aaf06947e0b9d4483","1","t-M_n-E","M","E","linear",10,"4",0,"Very Uncertain","Different slope"
"dabac165c68d2dbecb7b86734c246ee3","32",13,"19-25","Male","High School or Less","Yes","Prolific","914e02881a7432dc34831c5dff0477e0","2","t-H_n-M","H","M","log",12,"12",1,"Neutral","Different slope"
"dabac165c68d2dbecb7b86734c246ee3","23",13,"19-25","Male","High School or Less","Yes","Prolific","70eebf16937fb9e77a3b806afe9aa528","2","t-M_n-H","M","H","linear",13,"13",1,"Certain","Different slope"
"dabac165c68d2dbecb7b86734c246ee3","14",13,"19-25","Male","High School or Less","Yes","Prolific","85c5c5a6ab4fdb3aaf06947e0b9d4483","1","t-M_n-E","M","E","log",10,"10",1,"Very Certain","Different shape"
"dabac165c68d2dbecb7b86734c246ee3","27",13,"19-25","Male","High School or Less","Yes","Prolific","b8efad9285426a191f979b32a5094198","2","t-H_n-E","H","E","linear",9,"9",1,"Certain","Different range"
"dabac165c68d2dbecb7b86734c246ee3","6",13,"19-25","Male","High School or Less","Yes","Prolific","9f2d96ab9212ba1d26f176b00e6eeec0","1","t-E_n-M","E","M","log",12,"12",1,"Certain","Clustering"
"dabac165c68d2dbecb7b86734c246ee3","10",13,"19-25","Male","High School or Less","Yes","Prolific","8105c77bcc5d38d9b4e742f1b76de5fc","1","t-E_n-H","E","H","log",15,"15",1,"Very Certain","Different shape"
"dabac165c68d2dbecb7b86734c246ee3","28",13,"19-25","Male","High School or Less","Yes","Prolific","b8efad9285426a191f979b32a5094198","2","t-H_n-E","H","E","log",9,"9",1,"Very Certain","Different shape"
"dabac165c68d2dbecb7b86734c246ee3","21",13,"19-25","Male","High School or Less","Yes","Prolific","17c70f64092db27a58faa6c255efd8ba","1","t-M_n-H","M","H","linear",1,"1",1,"Certain","Different slope"
"dabac165c68d2dbecb7b86734c246ee3","12",13,"19-25","Male","High School or Less","Yes","Prolific","909f6bb4a0bbb8708bcc2d96c0b7052f","2","t-E_n-H","E","H","log",17,"17",1,"Very Certain","Different shape"
"f0b63735066e2aa429f553179a1304c8","13",10,"19-25","Male","Some Graduate Courses","Yes","Prolific","85c5c5a6ab4fdb3aaf06947e0b9d4483","1","t-M_n-E","M","E","linear",10,"14",0,"Neutral","Different range, Different shape, Different slope"
"f0b63735066e2aa429f553179a1304c8","28",10,"19-25","Male","Some Graduate Courses","Yes","Prolific","b8efad9285426a191f979b32a5094198","2","t-H_n-E","H","E","log",9,"8",0,"Very Uncertain","Different range"
"f0b63735066e2aa429f553179a1304c8","29",10,"19-25","Male","Some Graduate Courses","Yes","Prolific","1b39b36e7a6189897f2015f191953b9d","1","t-H_n-M","H","M","linear",12,"13",0,"Very Uncertain","Clustering"
"f0b63735066e2aa429f553179a1304c8","11",10,"19-25","Male","Some Graduate Courses","Yes","Prolific","909f6bb4a0bbb8708bcc2d96c0b7052f","2","t-E_n-H","E","H","linear",17,"15",0,"Very Uncertain","Clustering"
"f0b63735066e2aa429f553179a1304c8","21",10,"19-25","Male","Some Graduate Courses","Yes","Prolific","17c70f64092db27a58faa6c255efd8ba","1","t-M_n-H","M","H","linear",1,"11",0,"Very Uncertain","Outlier(s)"
"f0b63735066e2aa429f553179a1304c8","31",10,"19-25","Male","Some Graduate Courses","Yes","Prolific","914e02881a7432dc34831c5dff0477e0","2","t-H_n-M","H","M","linear",12,"3",0,"Neutral","Clustering"
"f0b63735066e2aa429f553179a1304c8","31",10,"19-25","Male","Some Graduate Courses","Yes","Prolific","914e02881a7432dc34831c5dff0477e0","2","t-H_n-M","H","M","linear",12,"3",0,"Neutral","Clustering"
"f0b63735066e2aa429f553179a1304c8","15",10,"19-25","Male","Some Graduate Courses","Yes","Prolific","07f1a227ee4ee73124d6589fada210dc","2","t-M_n-E","M","E","linear",10,"7",0,"Very Uncertain","Different slope"
"f0b63735066e2aa429f553179a1304c8","21",10,"19-25","Male","Some Graduate Courses","Yes","Prolific","17c70f64092db27a58faa6c255efd8ba","1","t-M_n-H","M","H","linear",1,"1",1,"Very Uncertain","Different shape"
"f0b63735066e2aa429f553179a1304c8","32",10,"19-25","Male","Some Graduate Courses","Yes","Prolific","914e02881a7432dc34831c5dff0477e0","2","t-H_n-M","H","M","log",12,"20",0,"Very Uncertain","Clustering"
"370a569304429087a988c9b070f881b0","12",13,"19-25","Female","Graduate Degree","Yes","Prolific","909f6bb4a0bbb8708bcc2d96c0b7052f","2","t-E_n-H","E","H","log",17,"17",1,"Certain","Different slope"
"370a569304429087a988c9b070f881b0","32",13,"19-25","Female","Graduate Degree","Yes","Prolific","914e02881a7432dc34831c5dff0477e0","2","t-H_n-M","H","M","log",12,"12",1,"Certain","Different range"
"370a569304429087a988c9b070f881b0","13",13,"19-25","Female","Graduate Degree","Yes","Prolific","85c5c5a6ab4fdb3aaf06947e0b9d4483","1","t-M_n-E","M","E","linear",10,"19",0,"Neutral","Different slope"
"370a569304429087a988c9b070f881b0","10",13,"19-25","Female","Graduate Degree","Yes","Prolific","8105c77bcc5d38d9b4e742f1b76de5fc","1","t-E_n-H","E","H","log",15,"15",1,"Neutral","Different slope"
"370a569304429087a988c9b070f881b0","30",13,"19-25","Female","Graduate Degree","Yes","Prolific","1b39b36e7a6189897f2015f191953b9d","1","t-H_n-M","H","M","log",12,"4",0,"Uncertain","Outlier(s)"
"370a569304429087a988c9b070f881b0","9",13,"19-25","Female","Graduate Degree","Yes","Prolific","8105c77bcc5d38d9b4e742f1b76de5fc","1","t-E_n-H","E","H","linear",15,"15",1,"Neutral","Clustering"
"370a569304429087a988c9b070f881b0","21",13,"19-25","Female","Graduate Degree","Yes","Prolific","17c70f64092db27a58faa6c255efd8ba","1","t-M_n-H","M","H","linear",1,"1",1,"Neutral","Clustering"
"370a569304429087a988c9b070f881b0","15",13,"19-25","Female","Graduate Degree","Yes","Prolific","07f1a227ee4ee73124d6589fada210dc","2","t-M_n-E","M","E","linear",10,"15",0,"Neutral","Clustering"
"370a569304429087a988c9b070f881b0","29",13,"19-25","Female","Graduate Degree","Yes","Prolific","1b39b36e7a6189897f2015f191953b9d","1","t-H_n-M","H","M","linear",12,"16",0,"Neutral","Clustering"
"370a569304429087a988c9b070f881b0","11",13,"19-25","Female","Graduate Degree","Yes","Prolific","909f6bb4a0bbb8708bcc2d96c0b7052f","2","t-E_n-H","E","H","linear",17,"17",1,"Neutral","Different shape, Different slope"
"370a569304429087a988c9b070f881b0","28",13,"19-25","Female","Graduate Degree","Yes","Prolific","b8efad9285426a191f979b32a5094198","2","t-H_n-E","H","E","log",9,"9",1,"Neutral","Different slope"
"370a569304429087a988c9b070f881b0","21",13,"19-25","Female","Graduate Degree","Yes","Prolific","17c70f64092db27a58faa6c255efd8ba","1","t-M_n-H","M","H","linear",1,"6",0,"Neutral","Clustering"
"370a569304429087a988c9b070f881b0","15",13,"19-25","Female","Graduate Degree","Yes","Prolific","07f1a227ee4ee73124d6589fada210dc","2","t-M_n-E","M","E","linear",10,"14",0,"Neutral","Clustering"
"23a4b63581bf8f767223e9e20258f026","12",12,"19-25","Male","Graduate Degree","Yes","Prolific","909f6bb4a0bbb8708bcc2d96c0b7052f","2","t-E_n-H","E","H","log",17,"17",1,"Certain","Different slope"
"23a4b63581bf8f767223e9e20258f026","22",12,"19-25","Male","Graduate Degree","Yes","Prolific","17c70f64092db27a58faa6c255efd8ba","1","t-M_n-H","M","H","log",1,"10",0,"Neutral","Clustering"
"23a4b63581bf8f767223e9e20258f026","13",12,"19-25","Male","Graduate Degree","Yes","Prolific","85c5c5a6ab4fdb3aaf06947e0b9d4483","1","t-M_n-E","M","E","linear",10,"13",0,"Certain","Different range"
"23a4b63581bf8f767223e9e20258f026","32",12,"19-25","Male","Graduate Degree","Yes","Prolific","914e02881a7432dc34831c5dff0477e0","2","t-H_n-M","H","M","log",12,"12",1,"Uncertain","Different shape"
"23a4b63581bf8f767223e9e20258f026","23",12,"19-25","Male","Graduate Degree","Yes","Prolific","70eebf16937fb9e77a3b806afe9aa528","2","t-M_n-H","M","H","linear",13,"13",1,"Certain","Outlier(s)"
"23a4b63581bf8f767223e9e20258f026","14",12,"19-25","Male","Graduate Degree","Yes","Prolific","85c5c5a6ab4fdb3aaf06947e0b9d4483","1","t-M_n-E","M","E","log",10,"1",0,"Neutral","Clustering"
"23a4b63581bf8f767223e9e20258f026","27",12,"19-25","Male","Graduate Degree","Yes","Prolific","b8efad9285426a191f979b32a5094198","2","t-H_n-E","H","E","linear",9,"5",0,"Uncertain","Outlier(s)"
"23a4b63581bf8f767223e9e20258f026","6",12,"19-25","Male","Graduate Degree","Yes","Prolific","9f2d96ab9212ba1d26f176b00e6eeec0","1","t-E_n-M","E","M","log",12,"11",0,"Very Uncertain","Clustering"
"23a4b63581bf8f767223e9e20258f026","7",12,"19-25","Male","Graduate Degree","Yes","Prolific","076f2d6385d635ea49402478f7e44cab","2","t-E_n-M","E","M","linear",14,"14",1,"Neutral","Different slope, Outlier(s)"
"23a4b63581bf8f767223e9e20258f026","10",12,"19-25","Male","Graduate Degree","Yes","Prolific","8105c77bcc5d38d9b4e742f1b76de5fc","1","t-E_n-H","E","H","log",15,"15",1,"Certain","Different slope"
"23a4b63581bf8f767223e9e20258f026","27",12,"19-25","Male","Graduate Degree","Yes","Prolific","b8efad9285426a191f979b32a5094198","2","t-H_n-E","H","E","linear",9,"9",1,"Neutral","Different slope"
"23a4b63581bf8f767223e9e20258f026","27",12,"19-25","Male","Graduate Degree","Yes","Prolific","b8efad9285426a191f979b32a5094198","2","t-H_n-E","H","E","linear",9,"9",1,"Neutral","Different slope"
"33d83b921c8734223e8a7894163ce1fd","12",11,"19-25","Female","Some Undergraduate Courses","Yes","Prolific","909f6bb4a0bbb8708bcc2d96c0b7052f","2","t-E_n-H","E","H","log",17,"6",0,"Neutral","Outlier(s)"
"33d83b921c8734223e8a7894163ce1fd","6",11,"19-25","Female","Some Undergraduate Courses","Yes","Prolific","9f2d96ab9212ba1d26f176b00e6eeec0","1","t-E_n-M","E","M","log",12,"17",0,"Certain","Different range"
"33d83b921c8734223e8a7894163ce1fd","22",11,"19-25","Female","Some Undergraduate Courses","Yes","Prolific","17c70f64092db27a58faa6c255efd8ba","1","t-M_n-H","M","H","log",1,"9",0,"Certain","Different range"
"33d83b921c8734223e8a7894163ce1fd","7",11,"19-25","Female","Some Undergraduate Courses","Yes","Prolific","076f2d6385d635ea49402478f7e44cab","2","t-E_n-M","E","M","linear",14,"18",0,"Neutral","Different slope"
"33d83b921c8734223e8a7894163ce1fd","23",11,"19-25","Female","Some Undergraduate Courses","Yes","Prolific","70eebf16937fb9e77a3b806afe9aa528","2","t-M_n-H","M","H","linear",13,"8",0,"Certain","Different shape"
"33d83b921c8734223e8a7894163ce1fd","14",11,"19-25","Female","Some Undergraduate Courses","Yes","Prolific","85c5c5a6ab4fdb3aaf06947e0b9d4483","1","t-M_n-E","M","E","log",10,"2",0,"Certain","Different shape, Different slope"
"33d83b921c8734223e8a7894163ce1fd","7",11,"19-25","Female","Some Undergraduate Courses","Yes","Prolific","076f2d6385d635ea49402478f7e44cab","2","t-E_n-M","E","M","linear",14,"4",0,"Certain","Different slope"
"33d83b921c8734223e8a7894163ce1fd","8",11,"19-25","Female","Some Undergraduate Courses","Yes","Prolific","076f2d6385d635ea49402478f7e44cab","2","t-E_n-M","E","M","log",14,"14",1,"Neutral","Outlier(s)"
"33d83b921c8734223e8a7894163ce1fd","28",11,"19-25","Female","Some Undergraduate Courses","Yes","Prolific","b8efad9285426a191f979b32a5094198","2","t-H_n-E","H","E","log",9,"9",1,"Certain","Clustering, Different shape"
"33d83b921c8734223e8a7894163ce1fd","27",11,"19-25","Female","Some Undergraduate Courses","Yes","Prolific","b8efad9285426a191f979b32a5094198","2","t-H_n-E","H","E","linear",9,"6",0,"Neutral","Outlier(s)"
"33d83b921c8734223e8a7894163ce1fd","22",11,"19-25","Female","Some Undergraduate Courses","Yes","Prolific","17c70f64092db27a58faa6c255efd8ba","1","t-M_n-H","M","H","log",1,"1",1,"Certain","Different shape, Different slope"
"25025b6021a14bd3a7f245a9295cf8fb","10",12,"41-45","Female","Graduate Degree","No","Prolific","8105c77bcc5d38d9b4e742f1b76de5fc","1","t-E_n-H","E","H","log",15,"15",1,"Certain","Different slope"
"25025b6021a14bd3a7f245a9295cf8fb","31",12,"41-45","Female","Graduate Degree","No","Prolific","914e02881a7432dc34831c5dff0477e0","2","t-H_n-M","H","M","linear",12,"3",0,"Certain","Clustering"
"25025b6021a14bd3a7f245a9295cf8fb","13",12,"41-45","Female","Graduate Degree","No","Prolific","85c5c5a6ab4fdb3aaf06947e0b9d4483","1","t-M_n-E","M","E","linear",10,"13",0,"Certain","Clustering"
"25025b6021a14bd3a7f245a9295cf8fb","24",12,"41-45","Female","Graduate Degree","No","Prolific","70eebf16937fb9e77a3b806afe9aa528","2","t-M_n-H","M","H","log",13,"16",0,"Certain","Clustering"
"25025b6021a14bd3a7f245a9295cf8fb","30",12,"41-45","Female","Graduate Degree","No","Prolific","1b39b36e7a6189897f2015f191953b9d","1","t-H_n-M","H","M","log",12,"2",0,"Certain","Clustering"
"25025b6021a14bd3a7f245a9295cf8fb","31",12,"41-45","Female","Graduate Degree","No","Prolific","914e02881a7432dc34831c5dff0477e0","2","t-H_n-M","H","M","linear",12,"19",0,"Certain","Clustering"
"25025b6021a14bd3a7f245a9295cf8fb","28",12,"41-45","Female","Graduate Degree","No","Prolific","b8efad9285426a191f979b32a5094198","2","t-H_n-E","H","E","log",9,"10",0,"Certain","Different slope"
"25025b6021a14bd3a7f245a9295cf8fb","6",12,"41-45","Female","Graduate Degree","No","Prolific","9f2d96ab9212ba1d26f176b00e6eeec0","1","t-E_n-M","E","M","log",12,"12",1,"Certain","Different slope"
"25025b6021a14bd3a7f245a9295cf8fb","10",12,"41-45","Female","Graduate Degree","No","Prolific","8105c77bcc5d38d9b4e742f1b76de5fc","1","t-E_n-H","E","H","log",15,"15",1,"Certain","Clustering"
"25025b6021a14bd3a7f245a9295cf8fb","23",12,"41-45","Female","Graduate Degree","No","Prolific","70eebf16937fb9e77a3b806afe9aa528","2","t-M_n-H","M","H","linear",13,"13",1,"Certain","Clustering"
"25025b6021a14bd3a7f245a9295cf8fb","31",12,"41-45","Female","Graduate Degree","No","Prolific","914e02881a7432dc34831c5dff0477e0","2","t-H_n-M","H","M","linear",12,"19",0,"Certain","Clustering, Different range"
"25025b6021a14bd3a7f245a9295cf8fb","15",12,"41-45","Female","Graduate Degree","No","Prolific","07f1a227ee4ee73124d6589fada210dc","2","t-M_n-E","M","E","linear",10,"15",0,"Certain","Clustering"
"a0600a05cf09941710e9023921e93f0d","12",12,"","Male","Some Undergraduate Courses","Yes","Prolific","909f6bb4a0bbb8708bcc2d96c0b7052f","2","t-E_n-H","E","H","log",17,"17",1,"Very Certain","Different slope"
"a0600a05cf09941710e9023921e93f0d","31",12,"","Male","Some Undergraduate Courses","Yes","Prolific","914e02881a7432dc34831c5dff0477e0","2","t-H_n-M","H","M","linear",12,"4",0,"Certain","Different range"
"a0600a05cf09941710e9023921e93f0d","9",12,"","Male","Some Undergraduate Courses","Yes","Prolific","8105c77bcc5d38d9b4e742f1b76de5fc","1","t-E_n-H","E","H","linear",15,"15",1,"Certain","Different shape"
"a0600a05cf09941710e9023921e93f0d","10",12,"","Male","Some Undergraduate Courses","Yes","Prolific","8105c77bcc5d38d9b4e742f1b76de5fc","1","t-E_n-H","E","H","log",15,"19",0,"Certain","Different range"
"a0600a05cf09941710e9023921e93f0d","7",12,"","Male","Some Undergraduate Courses","Yes","Prolific","076f2d6385d635ea49402478f7e44cab","2","t-E_n-M","E","M","linear",14,"14",1,"Certain","Different range"
"a0600a05cf09941710e9023921e93f0d","6",12,"","Male","Some Undergraduate Courses","Yes","Prolific","9f2d96ab9212ba1d26f176b00e6eeec0","1","t-E_n-M","E","M","log",12,"19",0,"Neutral","Different range"
"a0600a05cf09941710e9023921e93f0d","30",12,"","Male","Some Undergraduate Courses","Yes","Prolific","1b39b36e7a6189897f2015f191953b9d","1","t-H_n-M","H","M","log",12,"2",0,"Certain","Different range"
"a0600a05cf09941710e9023921e93f0d","30",12,"","Male","Some Undergraduate Courses","Yes","Prolific","1b39b36e7a6189897f2015f191953b9d","1","t-H_n-M","H","M","log",12,"2",0,"Certain","Different shape"
"a0600a05cf09941710e9023921e93f0d","12",12,"","Male","Some Undergraduate Courses","Yes","Prolific","909f6bb4a0bbb8708bcc2d96c0b7052f","2","t-E_n-H","E","H","log",17,"17",1,"Very Certain","Different shape"
"a0600a05cf09941710e9023921e93f0d","11",12,"","Male","Some Undergraduate Courses","Yes","Prolific","909f6bb4a0bbb8708bcc2d96c0b7052f","2","t-E_n-H","E","H","linear",17,"17",1,"Very Certain","Different shape"
"a0600a05cf09941710e9023921e93f0d","28",12,"","Male","Some Undergraduate Courses","Yes","Prolific","b8efad9285426a191f979b32a5094198","2","t-H_n-E","H","E","log",9,"19",0,"Certain","Different range"
"a0600a05cf09941710e9023921e93f0d","11",12,"","Male","Some Undergraduate Courses","Yes","Prolific","909f6bb4a0bbb8708bcc2d96c0b7052f","2","t-E_n-H","E","H","linear",17,"17",1,"Very Certain","Different range"
"4c627f946ae081cda8aef5c5dd61df63","9",12,"26-30","Male","Graduate Degree","Yes","Prolific","8105c77bcc5d38d9b4e742f1b76de5fc","1","t-E_n-H","E","H","linear",15,"15",1,"Certain","Clustering"
"4c627f946ae081cda8aef5c5dd61df63","31",12,"26-30","Male","Graduate Degree","Yes","Prolific","914e02881a7432dc34831c5dff0477e0","2","t-H_n-M","H","M","linear",12,"12",1,"Very Certain","Different slope"
"4c627f946ae081cda8aef5c5dd61df63","13",12,"26-30","Male","Graduate Degree","Yes","Prolific","85c5c5a6ab4fdb3aaf06947e0b9d4483","1","t-M_n-E","M","E","linear",10,"11",0,"Neutral","Outlier(s)"
"4c627f946ae081cda8aef5c5dd61df63","22",12,"26-30","Male","Graduate Degree","Yes","Prolific","17c70f64092db27a58faa6c255efd8ba","1","t-M_n-H","M","H","log",1,"1",1,"Certain","Different slope"
"4c627f946ae081cda8aef5c5dd61df63","5",12,"26-30","Male","Graduate Degree","Yes","Prolific","9f2d96ab9212ba1d26f176b00e6eeec0","1","t-E_n-M","E","M","linear",12,"1",0,"Certain","Different range"
"4c627f946ae081cda8aef5c5dd61df63","25",12,"26-30","Male","Graduate Degree","Yes","Prolific","ee322d63db5869407801b2c6cd54c452","1","t-H_n-E","H","E","linear",1,"1",1,"Neutral","Different shape, Different slope"
"4c627f946ae081cda8aef5c5dd61df63","24",12,"26-30","Male","Graduate Degree","Yes","Prolific","70eebf16937fb9e77a3b806afe9aa528","2","t-M_n-H","M","H","log",13,"13",1,"Certain","Different slope"
"4c627f946ae081cda8aef5c5dd61df63","16",12,"26-30","Male","Graduate Degree","Yes","Prolific","07f1a227ee4ee73124d6589fada210dc","2","t-M_n-E","M","E","log",10,"10",1,"Certain","Different range, Different shape, Different slope"
"4c627f946ae081cda8aef5c5dd61df63","22",12,"26-30","Male","Graduate Degree","Yes","Prolific","17c70f64092db27a58faa6c255efd8ba","1","t-M_n-H","M","H","log",1,"1",1,"Certain","Clustering, Different range, Different slope"
"4c627f946ae081cda8aef5c5dd61df63","22",12,"26-30","Male","Graduate Degree","Yes","Prolific","17c70f64092db27a58faa6c255efd8ba","1","t-M_n-H","M","H","log",1,"1",1,"Certain","Clustering, Different range, Different slope"
"4c627f946ae081cda8aef5c5dd61df63","10",12,"26-30","Male","Graduate Degree","Yes","Prolific","8105c77bcc5d38d9b4e742f1b76de5fc","1","t-E_n-H","E","H","log",15,"15",1,"Certain","Clustering, Different shape, Different slope"
"4c627f946ae081cda8aef5c5dd61df63","12",12,"26-30","Male","Graduate Degree","Yes","Prolific","909f6bb4a0bbb8708bcc2d96c0b7052f","2","t-E_n-H","E","H","log",17,"17",1,"Very Certain","Clustering, Different range, Different shape, Different slope"
"903fc9c4c7ddaf2e78d0604f5ba2f746","9",10,"19-25","Female","Prefer not to answer","Yes","Prolific","8105c77bcc5d38d9b4e742f1b76de5fc","1","t-E_n-H","E","H","linear",15,"15",1,"Certain","Different slope"
"903fc9c4c7ddaf2e78d0604f5ba2f746","31",10,"19-25","Female","Prefer not to answer","Yes","Prolific","914e02881a7432dc34831c5dff0477e0","2","t-H_n-M","H","M","linear",12,"4",0,"Neutral","Different slope"
"903fc9c4c7ddaf2e78d0604f5ba2f746","9",10,"19-25","Female","Prefer not to answer","Yes","Prolific","8105c77bcc5d38d9b4e742f1b76de5fc","1","t-E_n-H","E","H","linear",15,"15",1,"Certain","Clustering"
"903fc9c4c7ddaf2e78d0604f5ba2f746","10",10,"19-25","Female","Prefer not to answer","Yes","Prolific","8105c77bcc5d38d9b4e742f1b76de5fc","1","t-E_n-H","E","H","log",15,"15",1,"Neutral","Different slope"
"903fc9c4c7ddaf2e78d0604f5ba2f746","16",10,"19-25","Female","Prefer not to answer","Yes","Prolific","07f1a227ee4ee73124d6589fada210dc","2","t-M_n-E","M","E","log",10,"10",1,"Certain","Different shape"
"903fc9c4c7ddaf2e78d0604f5ba2f746","21",10,"19-25","Female","Prefer not to answer","Yes","Prolific","17c70f64092db27a58faa6c255efd8ba","1","t-M_n-H","M","H","linear",1,"1",1,"Uncertain","Different slope"
"903fc9c4c7ddaf2e78d0604f5ba2f746","28",10,"19-25","Female","Prefer not to answer","Yes","Prolific","b8efad9285426a191f979b32a5094198","2","t-H_n-E","H","E","log",9,"9",1,"Very Certain","Different slope"
"903fc9c4c7ddaf2e78d0604f5ba2f746","32",10,"19-25","Female","Prefer not to answer","Yes","Prolific","914e02881a7432dc34831c5dff0477e0","2","t-H_n-M","H","M","log",12,"12",1,"Certain","Different shape, Different slope"
"903fc9c4c7ddaf2e78d0604f5ba2f746","8",10,"19-25","Female","Prefer not to answer","Yes","Prolific","076f2d6385d635ea49402478f7e44cab","2","t-E_n-M","E","M","log",14,"14",1,"Very Certain","Different slope"
"903fc9c4c7ddaf2e78d0604f5ba2f746","23",10,"19-25","Female","Prefer not to answer","Yes","Prolific","70eebf16937fb9e77a3b806afe9aa528","2","t-M_n-H","M","H","linear",13,"13",1,"Certain","Clustering, Different shape"
"c77c12390b6196ab0cb0715b553610ca","31",12,"36-40","Male","Graduate Degree","Yes","Prolific","914e02881a7432dc34831c5dff0477e0","2","t-H_n-M","H","M","linear",12,"15",0,"Certain","Outlier(s)"
"c77c12390b6196ab0cb0715b553610ca","13",12,"36-40","Male","Graduate Degree","Yes","Prolific","85c5c5a6ab4fdb3aaf06947e0b9d4483","1","t-M_n-E","M","E","linear",10,"10",1,"Certain","Different slope"
"c77c12390b6196ab0cb0715b553610ca","10",12,"36-40","Male","Graduate Degree","Yes","Prolific","8105c77bcc5d38d9b4e742f1b76de5fc","1","t-E_n-H","E","H","log",15,"15",1,"Very Certain","Clustering"
"c77c12390b6196ab0cb0715b553610ca","30",12,"36-40","Male","Graduate Degree","Yes","Prolific","1b39b36e7a6189897f2015f191953b9d","1","t-H_n-M","H","M","log",12,"10",0,"Certain","Clustering"
"c77c12390b6196ab0cb0715b553610ca","5",12,"36-40","Male","Graduate Degree","Yes","Prolific","9f2d96ab9212ba1d26f176b00e6eeec0","1","t-E_n-M","E","M","linear",12,"18",0,"Certain","Different shape"
"c77c12390b6196ab0cb0715b553610ca","15",12,"36-40","Male","Graduate Degree","Yes","Prolific","07f1a227ee4ee73124d6589fada210dc","2","t-M_n-E","M","E","linear",10,"2",0,"Very Certain","Different slope"
"c77c12390b6196ab0cb0715b553610ca","31",12,"36-40","Male","Graduate Degree","Yes","Prolific","914e02881a7432dc34831c5dff0477e0","2","t-H_n-M","H","M","linear",12,"5",0,"Certain","Different slope"
"c77c12390b6196ab0cb0715b553610ca","27",12,"36-40","Male","Graduate Degree","Yes","Prolific","b8efad9285426a191f979b32a5094198","2","t-H_n-E","H","E","linear",9,"5",0,"Certain","Clustering"
"c77c12390b6196ab0cb0715b553610ca","11",12,"36-40","Male","Graduate Degree","Yes","Prolific","909f6bb4a0bbb8708bcc2d96c0b7052f","2","t-E_n-H","E","H","linear",17,"20",0,"Very Certain","Different range"
"c77c12390b6196ab0cb0715b553610ca","12",12,"36-40","Male","Graduate Degree","Yes","Prolific","909f6bb4a0bbb8708bcc2d96c0b7052f","2","t-E_n-H","E","H","log",17,"17",1,"Certain","Different slope"
"c77c12390b6196ab0cb0715b553610ca","14",12,"36-40","Male","Graduate Degree","Yes","Prolific","85c5c5a6ab4fdb3aaf06947e0b9d4483","1","t-M_n-E","M","E","log",10,"13",0,"Neutral","Clustering"
"c77c12390b6196ab0cb0715b553610ca","27",12,"36-40","Male","Graduate Degree","Yes","Prolific","b8efad9285426a191f979b32a5094198","2","t-H_n-E","H","E","linear",9,"15",0,"Certain","Clustering, Different slope"
"278fb0150419cc027aaad625e3fcfa1e","9",13,"19-25","Male","Some Graduate Courses","Yes","Prolific","8105c77bcc5d38d9b4e742f1b76de5fc","1","t-E_n-H","E","H","linear",15,"15",1,"Certain","Different shape, Different slope, Outlier(s)"
"278fb0150419cc027aaad625e3fcfa1e","31",13,"19-25","Male","Some Graduate Courses","Yes","Prolific","914e02881a7432dc34831c5dff0477e0","2","t-H_n-M","H","M","linear",12,"4",0,"Uncertain","Different shape"
"278fb0150419cc027aaad625e3fcfa1e","13",13,"19-25","Male","Some Graduate Courses","Yes","Prolific","85c5c5a6ab4fdb3aaf06947e0b9d4483","1","t-M_n-E","M","E","linear",10,"11",0,"Uncertain","Different shape, Outlier(s)"
"278fb0150419cc027aaad625e3fcfa1e","10",13,"19-25","Male","Some Graduate Courses","Yes","Prolific","8105c77bcc5d38d9b4e742f1b76de5fc","1","t-E_n-H","E","H","log",15,"15",1,"Neutral","Different shape"
"278fb0150419cc027aaad625e3fcfa1e","16",13,"19-25","Male","Some Graduate Courses","Yes","Prolific","07f1a227ee4ee73124d6589fada210dc","2","t-M_n-E","M","E","log",10,"7",0,"Uncertain","Different shape, Outlier(s)"
"278fb0150419cc027aaad625e3fcfa1e","31",13,"19-25","Male","Some Graduate Courses","Yes","Prolific","914e02881a7432dc34831c5dff0477e0","2","t-H_n-M","H","M","linear",12,"6",0,"Uncertain","Different shape, Outlier(s)"
"278fb0150419cc027aaad625e3fcfa1e","30",13,"19-25","Male","Some Graduate Courses","Yes","Prolific","1b39b36e7a6189897f2015f191953b9d","1","t-H_n-M","H","M","log",12,"12,2",1,"Uncertain","Clustering"
"278fb0150419cc027aaad625e3fcfa1e","30",13,"19-25","Male","Some Graduate Courses","Yes","Prolific","1b39b36e7a6189897f2015f191953b9d","1","t-H_n-M","H","M","log",12,"2",0,"Neutral","Clustering"
"278fb0150419cc027aaad625e3fcfa1e","32",13,"19-25","Male","Some Graduate Courses","Yes","Prolific","914e02881a7432dc34831c5dff0477e0","2","t-H_n-M","H","M","log",12,"3,12",1,"Uncertain","Different shape"
"278fb0150419cc027aaad625e3fcfa1e","11",13,"19-25","Male","Some Graduate Courses","Yes","Prolific","909f6bb4a0bbb8708bcc2d96c0b7052f","2","t-E_n-H","E","H","linear",17,"17",1,"Certain","Different shape, Different slope, Outlier(s)"
"278fb0150419cc027aaad625e3fcfa1e","22",13,"19-25","Male","Some Graduate Courses","Yes","Prolific","17c70f64092db27a58faa6c255efd8ba","1","t-M_n-H","M","H","log",1,"1",1,"Certain","Different shape, Different slope"
"278fb0150419cc027aaad625e3fcfa1e","10",13,"19-25","Male","Some Graduate Courses","Yes","Prolific","8105c77bcc5d38d9b4e742f1b76de5fc","1","t-E_n-H","E","H","log",15,"15",1,"Certain","Clustering, Different shape, Outlier(s)"
"278fb0150419cc027aaad625e3fcfa1e","29",13,"19-25","Male","Some Graduate Courses","Yes","Prolific","1b39b36e7a6189897f2015f191953b9d","1","t-H_n-M","H","M","linear",12,"6",0,"Uncertain","Different shape"
"293e659f694781c54053eb995faa8c01","28",11,"19-25","Female","Graduate Degree","Yes","Prolific","b8efad9285426a191f979b32a5094198","2","t-H_n-E","H","E","log",9,"9",1,"Very Certain","Different shape"
"293e659f694781c54053eb995faa8c01","9",11,"19-25","Female","Graduate Degree","Yes","Prolific","8105c77bcc5d38d9b4e742f1b76de5fc","1","t-E_n-H","E","H","linear",15,"15",1,"Very Certain","Different range"
"293e659f694781c54053eb995faa8c01","32",11,"19-25","Female","Graduate Degree","Yes","Prolific","914e02881a7432dc34831c5dff0477e0","2","t-H_n-M","H","M","log",12,"12",1,"Very Certain","Different range"
"293e659f694781c54053eb995faa8c01","7",11,"19-25","Female","Graduate Degree","Yes","Prolific","076f2d6385d635ea49402478f7e44cab","2","t-E_n-M","E","M","linear",14,"14",1,"Certain","Outlier(s)"
"293e659f694781c54053eb995faa8c01","6",11,"19-25","Female","Graduate Degree","Yes","Prolific","9f2d96ab9212ba1d26f176b00e6eeec0","1","t-E_n-M","E","M","log",12,"12",1,"Certain","Different shape"
"293e659f694781c54053eb995faa8c01","21",11,"19-25","Female","Graduate Degree","Yes","Prolific","17c70f64092db27a58faa6c255efd8ba","1","t-M_n-H","M","H","linear",1,"1",1,"Certain","Different range"
"293e659f694781c54053eb995faa8c01","28",11,"19-25","Female","Graduate Degree","Yes","Prolific","b8efad9285426a191f979b32a5094198","2","t-H_n-E","H","E","log",9,"9",1,"Certain","Different shape"
"293e659f694781c54053eb995faa8c01","6",11,"19-25","Female","Graduate Degree","Yes","Prolific","9f2d96ab9212ba1d26f176b00e6eeec0","1","t-E_n-M","E","M","log",12,"10",0,"Certain","Clustering"
"293e659f694781c54053eb995faa8c01","10",11,"19-25","Female","Graduate Degree","Yes","Prolific","8105c77bcc5d38d9b4e742f1b76de5fc","1","t-E_n-H","E","H","log",15,"15",1,"Certain","Different shape"
"293e659f694781c54053eb995faa8c01","8",11,"19-25","Female","Graduate Degree","Yes","Prolific","076f2d6385d635ea49402478f7e44cab","2","t-E_n-M","E","M","log",14,"14",1,"Certain","Different range"
"293e659f694781c54053eb995faa8c01","23",11,"19-25","Female","Graduate Degree","Yes","Prolific","70eebf16937fb9e77a3b806afe9aa528","2","t-M_n-H","M","H","linear",13,"13",1,"Very Certain","Outlier(s)"
"9fda601faaa98e8a7b4b1e988c812375","16",12,"19-25","Male","Some Undergraduate Courses","Yes","Prolific","07f1a227ee4ee73124d6589fada210dc","2","t-M_n-E","M","E","log",10,"10",1,"Certain","Different shape"
"9fda601faaa98e8a7b4b1e988c812375","30",12,"19-25","Male","Some Undergraduate Courses","Yes","Prolific","1b39b36e7a6189897f2015f191953b9d","1","t-H_n-M","H","M","log",12,"12",1,"Neutral","Different shape"
"9fda601faaa98e8a7b4b1e988c812375","11",12,"19-25","Male","Some Undergraduate Courses","Yes","Prolific","909f6bb4a0bbb8708bcc2d96c0b7052f","2","t-E_n-H","E","H","linear",17,"17",1,"Very Certain","Outlier(s)"
"9fda601faaa98e8a7b4b1e988c812375","5",12,"19-25","Male","Some Undergraduate Courses","Yes","Prolific","9f2d96ab9212ba1d26f176b00e6eeec0","1","t-E_n-M","E","M","linear",12,"19",0,"Neutral","Clustering"
"9fda601faaa98e8a7b4b1e988c812375","24",12,"19-25","Male","Some Undergraduate Courses","Yes","Prolific","70eebf16937fb9e77a3b806afe9aa528","2","t-M_n-H","M","H","log",13,"2",0,"Certain","Different slope"
"9fda601faaa98e8a7b4b1e988c812375","16",12,"19-25","Male","Some Undergraduate Courses","Yes","Prolific","07f1a227ee4ee73124d6589fada210dc","2","t-M_n-E","M","E","log",10,"8",0,"Uncertain","Different slope"
"9fda601faaa98e8a7b4b1e988c812375","6",12,"19-25","Male","Some Undergraduate Courses","Yes","Prolific","9f2d96ab9212ba1d26f176b00e6eeec0","1","t-E_n-M","E","M","log",12,"12",1,"Neutral","Different shape"
"9fda601faaa98e8a7b4b1e988c812375","16",12,"19-25","Male","Some Undergraduate Courses","Yes","Prolific","07f1a227ee4ee73124d6589fada210dc","2","t-M_n-E","M","E","log",10,"4",0,"Certain","Different shape, Outlier(s)"
"9fda601faaa98e8a7b4b1e988c812375","11",12,"19-25","Male","Some Undergraduate Courses","Yes","Prolific","909f6bb4a0bbb8708bcc2d96c0b7052f","2","t-E_n-H","E","H","linear",17,"17",1,"Very Certain","Different range, Outlier(s)"
"9fda601faaa98e8a7b4b1e988c812375","21",12,"19-25","Male","Some Undergraduate Courses","Yes","Prolific","17c70f64092db27a58faa6c255efd8ba","1","t-M_n-H","M","H","linear",1,"1",1,"Certain","Clustering, Different range, Outlier(s)"
"9fda601faaa98e8a7b4b1e988c812375","8",12,"19-25","Male","Some Undergraduate Courses","Yes","Prolific","076f2d6385d635ea49402478f7e44cab","2","t-E_n-M","E","M","log",14,"14",1,"Very Certain","Different range, Different shape"
"9fda601faaa98e8a7b4b1e988c812375","26",12,"19-25","Male","Some Undergraduate Courses","Yes","Prolific","ee322d63db5869407801b2c6cd54c452","1","t-H_n-E","H","E","log",1,"1",1,"Certain","Different shape"
"2f8895054fdbdaddd262b5cad15320f7","6",12,"19-25","Male","High School or Less","Yes","Prolific","9f2d96ab9212ba1d26f176b00e6eeec0","1","t-E_n-M","E","M","log",12,"12",1,"Certain","Different slope"
"2f8895054fdbdaddd262b5cad15320f7","26",12,"19-25","Male","High School or Less","Yes","Prolific","ee322d63db5869407801b2c6cd54c452","1","t-H_n-E","H","E","log",1,"1",1,"Very Certain","Different slope"
"2f8895054fdbdaddd262b5cad15320f7","25",12,"19-25","Male","High School or Less","Yes","Prolific","ee322d63db5869407801b2c6cd54c452","1","t-H_n-E","H","E","linear",1,"19",0,"Uncertain","Outlier(s)"
"2f8895054fdbdaddd262b5cad15320f7","15",12,"19-25","Male","High School or Less","Yes","Prolific","07f1a227ee4ee73124d6589fada210dc","2","t-M_n-E","M","E","linear",10,"15,14,7,1",0,"Certain","Different slope, Outlier(s)"
"2f8895054fdbdaddd262b5cad15320f7","9",12,"19-25","Male","High School or Less","Yes","Prolific","8105c77bcc5d38d9b4e742f1b76de5fc","1","t-E_n-H","E","H","linear",15,"14,15,5",1,"Certain","Clustering, Different slope, Outlier(s)"
"2f8895054fdbdaddd262b5cad15320f7","26",12,"19-25","Male","High School or Less","Yes","Prolific","ee322d63db5869407801b2c6cd54c452","1","t-H_n-E","H","E","log",1,"1,20,3,2",1,"Certain","Clustering, Different slope, Outlier(s)"
"2f8895054fdbdaddd262b5cad15320f7","30",12,"19-25","Male","High School or Less","Yes","Prolific","1b39b36e7a6189897f2015f191953b9d","1","t-H_n-M","H","M","log",12,"8,1",0,"Uncertain","Clustering"
"2f8895054fdbdaddd262b5cad15320f7","12",12,"19-25","Male","High School or Less","Yes","Prolific","909f6bb4a0bbb8708bcc2d96c0b7052f","2","t-E_n-H","E","H","log",17,"17,20,6",1,"Certain","Clustering, Different slope, Outlier(s)"
"2f8895054fdbdaddd262b5cad15320f7","11",12,"19-25","Male","High School or Less","Yes","Prolific","909f6bb4a0bbb8708bcc2d96c0b7052f","2","t-E_n-H","E","H","linear",17,"15,17,19",1,"Certain","Clustering, Outlier(s)"
"2f8895054fdbdaddd262b5cad15320f7","28",12,"19-25","Male","High School or Less","Yes","Prolific","b8efad9285426a191f979b32a5094198","2","t-H_n-E","H","E","log",9,"9,10,1",1,"Neutral","Clustering, Outlier(s)"
"2f8895054fdbdaddd262b5cad15320f7","21",12,"19-25","Male","High School or Less","Yes","Prolific","17c70f64092db27a58faa6c255efd8ba","1","t-M_n-H","M","H","linear",1,"1",1,"Certain","Different slope"
"2f8895054fdbdaddd262b5cad15320f7","15",12,"19-25","Male","High School or Less","Yes","Prolific","07f1a227ee4ee73124d6589fada210dc","2","t-M_n-E","M","E","linear",10,"7,8",0,"Uncertain","Clustering, Outlier(s)"
"102ab22a740230336e63b5ae611bac51","28",12,"19-25","Male","Graduate Degree","No","Prolific","b8efad9285426a191f979b32a5094198","2","t-H_n-E","H","E","log",9,"9",1,"Certain","Different shape, Different slope"
"102ab22a740230336e63b5ae611bac51","31",12,"19-25","Male","Graduate Degree","No","Prolific","914e02881a7432dc34831c5dff0477e0","2","t-H_n-M","H","M","linear",12,"4",0,"Uncertain","Clustering, Different shape"
"102ab22a740230336e63b5ae611bac51","23",12,"19-25","Male","Graduate Degree","No","Prolific","70eebf16937fb9e77a3b806afe9aa528","2","t-M_n-H","M","H","linear",13,"16",0,"Certain","Clustering"
"102ab22a740230336e63b5ae611bac51","29",12,"19-25","Male","Graduate Degree","No","Prolific","1b39b36e7a6189897f2015f191953b9d","1","t-H_n-M","H","M","linear",12,"9",0,"Certain","Different range"
"102ab22a740230336e63b5ae611bac51","7",12,"19-25","Male","Graduate Degree","No","Prolific","076f2d6385d635ea49402478f7e44cab","2","t-E_n-M","E","M","linear",14,"14",1,"Certain","Clustering"
"102ab22a740230336e63b5ae611bac51","30",12,"19-25","Male","Graduate Degree","No","Prolific","1b39b36e7a6189897f2015f191953b9d","1","t-H_n-M","H","M","log",12,"2",0,"Neutral","Clustering"
"102ab22a740230336e63b5ae611bac51","11",12,"19-25","Male","Graduate Degree","No","Prolific","909f6bb4a0bbb8708bcc2d96c0b7052f","2","t-E_n-H","E","H","linear",17,"17",1,"Certain","Different slope"
"102ab22a740230336e63b5ae611bac51","12",12,"19-25","Male","Graduate Degree","No","Prolific","909f6bb4a0bbb8708bcc2d96c0b7052f","2","t-E_n-H","E","H","log",17,"17",1,"Very Certain","Different slope"
"102ab22a740230336e63b5ae611bac51","32",12,"19-25","Male","Graduate Degree","No","Prolific","914e02881a7432dc34831c5dff0477e0","2","t-H_n-M","H","M","log",12,"12",1,"Certain","Different shape"
"102ab22a740230336e63b5ae611bac51","9",12,"19-25","Male","Graduate Degree","No","Prolific","8105c77bcc5d38d9b4e742f1b76de5fc","1","t-E_n-H","E","H","linear",15,"15",1,"Uncertain","Clustering"
"102ab22a740230336e63b5ae611bac51","10",12,"19-25","Male","Graduate Degree","No","Prolific","8105c77bcc5d38d9b4e742f1b76de5fc","1","t-E_n-H","E","H","log",15,"15",1,"Neutral","Different slope"
"102ab22a740230336e63b5ae611bac51","21",12,"19-25","Male","Graduate Degree","No","Prolific","17c70f64092db27a58faa6c255efd8ba","1","t-M_n-H","M","H","linear",1,"20",0,"Neutral","Clustering"
"66a2b8619d27975a86982d5619014cbd","16",13,"36-40","Male","Graduate Degree","Yes","Prolific","07f1a227ee4ee73124d6589fada210dc","2","t-M_n-E","M","E","log",10,"10",1,"Certain","Different slope"
"66a2b8619d27975a86982d5619014cbd","16",13,"36-40","Male","Graduate Degree","Yes","Prolific","07f1a227ee4ee73124d6589fada210dc","2","t-M_n-E","M","E","log",10,"10",1,"Neutral","Different slope"
"66a2b8619d27975a86982d5619014cbd","12",13,"36-40","Male","Graduate Degree","Yes","Prolific","909f6bb4a0bbb8708bcc2d96c0b7052f","2","t-E_n-H","E","H","log",17,"17",1,"Very Certain","Different shape, Different slope"
"66a2b8619d27975a86982d5619014cbd","32",13,"36-40","Male","Graduate Degree","Yes","Prolific","914e02881a7432dc34831c5dff0477e0","2","t-H_n-M","H","M","log",12,"12",1,"Neutral","Different shape"
"66a2b8619d27975a86982d5619014cbd","22",13,"36-40","Male","Graduate Degree","Yes","Prolific","17c70f64092db27a58faa6c255efd8ba","1","t-M_n-H","M","H","log",1,"1",1,"Certain","Different shape, Different slope"
"66a2b8619d27975a86982d5619014cbd","27",13,"36-40","Male","Graduate Degree","Yes","Prolific","b8efad9285426a191f979b32a5094198","2","t-H_n-E","H","E","linear",9,"9",1,"Very Certain","Different slope"
"66a2b8619d27975a86982d5619014cbd","32",13,"36-40","Male","Graduate Degree","Yes","Prolific","914e02881a7432dc34831c5dff0477e0","2","t-H_n-M","H","M","log",12,"12",1,"Certain","Different slope"
"66a2b8619d27975a86982d5619014cbd","9",13,"36-40","Male","Graduate Degree","Yes","Prolific","8105c77bcc5d38d9b4e742f1b76de5fc","1","t-E_n-H","E","H","linear",15,"15",1,"Very Certain","Clustering, Different shape, Different slope"
"66a2b8619d27975a86982d5619014cbd","28",13,"36-40","Male","Graduate Degree","Yes","Prolific","b8efad9285426a191f979b32a5094198","2","t-H_n-E","H","E","log",9,"9",1,"Very Certain","Different slope"
"66a2b8619d27975a86982d5619014cbd","29",13,"36-40","Male","Graduate Degree","Yes","Prolific","1b39b36e7a6189897f2015f191953b9d","1","t-H_n-M","H","M","linear",12,"9,12",1,"Certain","Different range, Different slope"
"66a2b8619d27975a86982d5619014cbd","25",13,"36-40","Male","Graduate Degree","Yes","Prolific","ee322d63db5869407801b2c6cd54c452","1","t-H_n-E","H","E","linear",1,"1,17",1,"Certain","Clustering, Different shape, Different slope"
"66a2b8619d27975a86982d5619014cbd","28",13,"36-40","Male","Graduate Degree","Yes","Prolific","b8efad9285426a191f979b32a5094198","2","t-H_n-E","H","E","log",9,"9",1,"Very Certain","Different slope"
"66a2b8619d27975a86982d5619014cbd","30",13,"36-40","Male","Graduate Degree","Yes","Prolific","1b39b36e7a6189897f2015f191953b9d","1","t-H_n-M","H","M","log",12,"9,12",1,"Certain","Different range, Different slope"
"1a10ae30f7c1b74ab1b30041e525d619","32",13,"19-25","Male","High School or Less","Yes","Prolific","914e02881a7432dc34831c5dff0477e0","2","t-H_n-M","H","M","log",12,"12,3,19",1,"Certain","Clustering, Different range, Different shape"
"1a10ae30f7c1b74ab1b30041e525d619","9",13,"19-25","Male","High School or Less","Yes","Prolific","8105c77bcc5d38d9b4e742f1b76de5fc","1","t-E_n-H","E","H","linear",15,"15,5,3,13,12",1,"Certain","Clustering, Different range, Different shape, Different slope"
"1a10ae30f7c1b74ab1b30041e525d619","12",13,"19-25","Male","High School or Less","Yes","Prolific","909f6bb4a0bbb8708bcc2d96c0b7052f","2","t-E_n-H","E","H","log",17,"17",1,"Very Certain","Different slope"
"1a10ae30f7c1b74ab1b30041e525d619","32",13,"19-25","Male","High School or Less","Yes","Prolific","914e02881a7432dc34831c5dff0477e0","2","t-H_n-M","H","M","log",12,"3,12,19",1,"Neutral","Clustering, Different slope"
"1a10ae30f7c1b74ab1b30041e525d619","14",13,"19-25","Male","High School or Less","Yes","Prolific","85c5c5a6ab4fdb3aaf06947e0b9d4483","1","t-M_n-E","M","E","log",10,"10,1,6,18",1,"Certain","Clustering, Different range"
"1a10ae30f7c1b74ab1b30041e525d619","6",13,"19-25","Male","High School or Less","Yes","Prolific","9f2d96ab9212ba1d26f176b00e6eeec0","1","t-E_n-M","E","M","log",12,"12,10,11",1,"Certain","Clustering, Different range"
"1a10ae30f7c1b74ab1b30041e525d619","10",13,"19-25","Male","High School or Less","Yes","Prolific","8105c77bcc5d38d9b4e742f1b76de5fc","1","t-E_n-H","E","H","log",15,"15,5",1,"Neutral","Clustering, Different slope"
"1a10ae30f7c1b74ab1b30041e525d619","11",13,"19-25","Male","High School or Less","Yes","Prolific","909f6bb4a0bbb8708bcc2d96c0b7052f","2","t-E_n-H","E","H","linear",17,"17",1,"Very Certain","Different shape, Outlier(s)"
"1a10ae30f7c1b74ab1b30041e525d619","15",13,"19-25","Male","High School or Less","Yes","Prolific","07f1a227ee4ee73124d6589fada210dc","2","t-M_n-E","M","E","linear",10,"20,13",0,"Neutral","Clustering, Outlier(s)"
"1a10ae30f7c1b74ab1b30041e525d619","7",13,"19-25","Male","High School or Less","Yes","Prolific","076f2d6385d635ea49402478f7e44cab","2","t-E_n-M","E","M","linear",14,"14,18",1,"Certain","Clustering, Different shape, Outlier(s)"
"1a10ae30f7c1b74ab1b30041e525d619","10",13,"19-25","Male","High School or Less","Yes","Prolific","8105c77bcc5d38d9b4e742f1b76de5fc","1","t-E_n-H","E","H","log",15,"1,15",1,"Certain","Clustering, Different shape"
"1a10ae30f7c1b74ab1b30041e525d619","7",13,"19-25","Male","High School or Less","Yes","Prolific","076f2d6385d635ea49402478f7e44cab","2","t-E_n-M","E","M","linear",14,"5,14,15",1,"Neutral","Clustering, Different range, Outlier(s)"
"1a10ae30f7c1b74ab1b30041e525d619","25",13,"19-25","Male","High School or Less","Yes","Prolific","ee322d63db5869407801b2c6cd54c452","1","t-H_n-E","H","E","linear",1,"1,7,18,16",1,"Certain","Clustering, Outlier(s)"
"5f0b49c48f66dbac5cf255a22f183a57","16",11,"19-25","Female","Graduate Degree","Yes","Prolific","07f1a227ee4ee73124d6589fada210dc","2","t-M_n-E","M","E","log",10,"10",1,"Certain","Clustering"
"5f0b49c48f66dbac5cf255a22f183a57","16",11,"19-25","Female","Graduate Degree","Yes","Prolific","07f1a227ee4ee73124d6589fada210dc","2","t-M_n-E","M","E","log",10,"14",0,"Certain","Different slope"
"5f0b49c48f66dbac5cf255a22f183a57","32",11,"19-25","Female","Graduate Degree","Yes","Prolific","914e02881a7432dc34831c5dff0477e0","2","t-H_n-M","H","M","log",12,"19",0,"Neutral","Different slope"
"5f0b49c48f66dbac5cf255a22f183a57","8",11,"19-25","Female","Graduate Degree","Yes","Prolific","076f2d6385d635ea49402478f7e44cab","2","t-E_n-M","E","M","log",14,"3",0,"Certain","Different shape, Different slope"
"5f0b49c48f66dbac5cf255a22f183a57","27",11,"19-25","Female","Graduate Degree","Yes","Prolific","b8efad9285426a191f979b32a5094198","2","t-H_n-E","H","E","linear",9,"5",0,"Very Certain","Outlier(s)"
"5f0b49c48f66dbac5cf255a22f183a57","6",11,"19-25","Female","Graduate Degree","Yes","Prolific","9f2d96ab9212ba1d26f176b00e6eeec0","1","t-E_n-M","E","M","log",12,"2",0,"Certain","Different slope"
"5f0b49c48f66dbac5cf255a22f183a57","16",11,"19-25","Female","Graduate Degree","Yes","Prolific","07f1a227ee4ee73124d6589fada210dc","2","t-M_n-E","M","E","log",10,"15",0,"Neutral","Different slope"
"5f0b49c48f66dbac5cf255a22f183a57","22",11,"19-25","Female","Graduate Degree","Yes","Prolific","17c70f64092db27a58faa6c255efd8ba","1","t-M_n-H","M","H","log",1,"20",0,"Uncertain","Different slope"
"5f0b49c48f66dbac5cf255a22f183a57","22",11,"19-25","Female","Graduate Degree","Yes","Prolific","17c70f64092db27a58faa6c255efd8ba","1","t-M_n-H","M","H","log",1,"6",0,"Neutral","Different shape"
"5f0b49c48f66dbac5cf255a22f183a57","8",11,"19-25","Female","Graduate Degree","Yes","Prolific","076f2d6385d635ea49402478f7e44cab","2","t-E_n-M","E","M","log",14,"14",1,"Certain","Different shape"
"5f0b49c48f66dbac5cf255a22f183a57","26",11,"19-25","Female","Graduate Degree","Yes","Prolific","ee322d63db5869407801b2c6cd54c452","1","t-H_n-E","H","E","log",1,"5",0,"Neutral","Different slope"
"7cf1c1c109310bae77cc551cc8fb78af","28",13,"19-25","Male","Some Graduate Courses","Yes","Prolific","b8efad9285426a191f979b32a5094198","2","t-H_n-E","H","E","log",9,"15",0,"Very Certain","Clustering, Different range"
"7cf1c1c109310bae77cc551cc8fb78af","31",13,"19-25","Male","Some Graduate Courses","Yes","Prolific","914e02881a7432dc34831c5dff0477e0","2","t-H_n-M","H","M","linear",12,"19",0,"Very Certain","Clustering, Different range"
"7cf1c1c109310bae77cc551cc8fb78af","12",13,"19-25","Male","Some Graduate Courses","Yes","Prolific","909f6bb4a0bbb8708bcc2d96c0b7052f","2","t-E_n-H","E","H","log",17,"17",1,"Very Certain","Clustering, Different slope"
"7cf1c1c109310bae77cc551cc8fb78af","31",13,"19-25","Male","Some Graduate Courses","Yes","Prolific","914e02881a7432dc34831c5dff0477e0","2","t-H_n-M","H","M","linear",12,"12",1,"Certain","Different shape"
"7cf1c1c109310bae77cc551cc8fb78af","32",13,"19-25","Male","Some Graduate Courses","Yes","Prolific","914e02881a7432dc34831c5dff0477e0","2","t-H_n-M","H","M","log",12,"12",1,"Certain","Different shape"
"7cf1c1c109310bae77cc551cc8fb78af","24",13,"19-25","Male","Some Graduate Courses","Yes","Prolific","70eebf16937fb9e77a3b806afe9aa528","2","t-M_n-H","M","H","log",13,"2",0,"Very Certain","Clustering, Outlier(s)"
"7cf1c1c109310bae77cc551cc8fb78af","6",13,"19-25","Male","Some Graduate Courses","Yes","Prolific","9f2d96ab9212ba1d26f176b00e6eeec0","1","t-E_n-M","E","M","log",12,"12",1,"Neutral","Clustering, Different shape"
"7cf1c1c109310bae77cc551cc8fb78af","9",13,"19-25","Male","Some Graduate Courses","Yes","Prolific","8105c77bcc5d38d9b4e742f1b76de5fc","1","t-E_n-H","E","H","linear",15,"15",1,"Certain","Clustering, Different range, Outlier(s)"
"7cf1c1c109310bae77cc551cc8fb78af","27",13,"19-25","Male","Some Graduate Courses","Yes","Prolific","b8efad9285426a191f979b32a5094198","2","t-H_n-E","H","E","linear",9,"10",0,"Certain","Clustering, Different shape"
"7cf1c1c109310bae77cc551cc8fb78af","7",13,"19-25","Male","Some Graduate Courses","Yes","Prolific","076f2d6385d635ea49402478f7e44cab","2","t-E_n-M","E","M","linear",14,"14",1,"Certain","Different shape, Outlier(s)"
"7cf1c1c109310bae77cc551cc8fb78af","10",13,"19-25","Male","Some Graduate Courses","Yes","Prolific","8105c77bcc5d38d9b4e742f1b76de5fc","1","t-E_n-H","E","H","log",15,"15",1,"Very Certain","Clustering, Different slope"
"7cf1c1c109310bae77cc551cc8fb78af","7",13,"19-25","Male","Some Graduate Courses","Yes","Prolific","076f2d6385d635ea49402478f7e44cab","2","t-E_n-M","E","M","linear",14,"14",1,"Very Certain","Clustering, Outlier(s)"
"7cf1c1c109310bae77cc551cc8fb78af","25",13,"19-25","Male","Some Graduate Courses","Yes","Prolific","ee322d63db5869407801b2c6cd54c452","1","t-H_n-E","H","E","linear",1,"3",0,"Certain","Clustering, Outlier(s)"
"2dfa910f99a4d1afe1a59072349efbcf","32",12,"26-30","Male","Undergraduate Degree","Yes","Prolific","914e02881a7432dc34831c5dff0477e0","2","t-H_n-M","H","M","log",12,"20",0,"Uncertain","Clustering"
"2dfa910f99a4d1afe1a59072349efbcf","16",12,"26-30","Male","Undergraduate Degree","Yes","Prolific","07f1a227ee4ee73124d6589fada210dc","2","t-M_n-E","M","E","log",10,"4",0,"Uncertain","Different shape"
"2dfa910f99a4d1afe1a59072349efbcf","29",12,"26-30","Male","Undergraduate Degree","Yes","Prolific","1b39b36e7a6189897f2015f191953b9d","1","t-H_n-M","H","M","linear",12,"17",0,"Uncertain","Different range"
"2dfa910f99a4d1afe1a59072349efbcf","10",12,"26-30","Male","Undergraduate Degree","Yes","Prolific","8105c77bcc5d38d9b4e742f1b76de5fc","1","t-E_n-H","E","H","log",15,"15",1,"Uncertain","Different shape"
"2dfa910f99a4d1afe1a59072349efbcf","24",12,"26-30","Male","Undergraduate Degree","Yes","Prolific","70eebf16937fb9e77a3b806afe9aa528","2","t-M_n-H","M","H","log",13,"13",1,"Uncertain","Clustering"
"2dfa910f99a4d1afe1a59072349efbcf","16",12,"26-30","Male","Undergraduate Degree","Yes","Prolific","07f1a227ee4ee73124d6589fada210dc","2","t-M_n-E","M","E","log",10,"10",1,"Uncertain","Different shape"
"2dfa910f99a4d1afe1a59072349efbcf","6",12,"26-30","Male","Undergraduate Degree","Yes","Prolific","9f2d96ab9212ba1d26f176b00e6eeec0","1","t-E_n-M","E","M","log",12,"10",0,"Uncertain","Different shape"
"2dfa910f99a4d1afe1a59072349efbcf","16",12,"26-30","Male","Undergraduate Degree","Yes","Prolific","07f1a227ee4ee73124d6589fada210dc","2","t-M_n-E","M","E","log",10,"4",0,"Very Uncertain","Clustering"
"2dfa910f99a4d1afe1a59072349efbcf","11",12,"26-30","Male","Undergraduate Degree","Yes","Prolific","909f6bb4a0bbb8708bcc2d96c0b7052f","2","t-E_n-H","E","H","linear",17,"17",1,"Very Uncertain","Outlier(s)"
"2dfa910f99a4d1afe1a59072349efbcf","28",12,"26-30","Male","Undergraduate Degree","Yes","Prolific","b8efad9285426a191f979b32a5094198","2","t-H_n-E","H","E","log",9,"9",1,"Very Uncertain","Different shape"
"2dfa910f99a4d1afe1a59072349efbcf","21",12,"26-30","Male","Undergraduate Degree","Yes","Prolific","17c70f64092db27a58faa6c255efd8ba","1","t-M_n-H","M","H","linear",1,"1",1,"Very Uncertain","Different slope"
"2dfa910f99a4d1afe1a59072349efbcf","15",12,"26-30","Male","Undergraduate Degree","Yes","Prolific","07f1a227ee4ee73124d6589fada210dc","2","t-M_n-E","M","E","linear",10,"2",0,"Very Uncertain","Different range"
"8925541b627d21563031cace7ddd4a24","16",12,"26-30","Female","Some Graduate Courses","Yes","Prolific","07f1a227ee4ee73124d6589fada210dc","2","t-M_n-E","M","E","log",10,"4",0,"Neutral","Different range, Different slope"
"8925541b627d21563031cace7ddd4a24","16",12,"26-30","Female","Some Graduate Courses","Yes","Prolific","07f1a227ee4ee73124d6589fada210dc","2","t-M_n-E","M","E","log",10,"13",0,"Certain","Clustering"
"8925541b627d21563031cace7ddd4a24","29",12,"26-30","Female","Some Graduate Courses","Yes","Prolific","1b39b36e7a6189897f2015f191953b9d","1","t-H_n-M","H","M","linear",12,"13",0,"Neutral","Clustering"
"8925541b627d21563031cace7ddd4a24","10",12,"26-30","Female","Some Graduate Courses","Yes","Prolific","8105c77bcc5d38d9b4e742f1b76de5fc","1","t-E_n-H","E","H","log",15,"15",1,"Certain","Different slope"
"8925541b627d21563031cace7ddd4a24","8",12,"26-30","Female","Some Graduate Courses","Yes","Prolific","076f2d6385d635ea49402478f7e44cab","2","t-E_n-M","E","M","log",14,"14",1,"Certain","Different slope"
"8925541b627d21563031cace7ddd4a24","27",12,"26-30","Female","Some Graduate Courses","Yes","Prolific","b8efad9285426a191f979b32a5094198","2","t-H_n-E","H","E","linear",9,"15",0,"Neutral","Different shape"
"8925541b627d21563031cace7ddd4a24","6",12,"26-30","Female","Some Graduate Courses","Yes","Prolific","9f2d96ab9212ba1d26f176b00e6eeec0","1","t-E_n-M","E","M","log",12,"12",1,"Uncertain","Different range"
"8925541b627d21563031cace7ddd4a24","16",12,"26-30","Female","Some Graduate Courses","Yes","Prolific","07f1a227ee4ee73124d6589fada210dc","2","t-M_n-E","M","E","log",10,"13",0,"Certain","Different shape"
"8925541b627d21563031cace7ddd4a24","7",12,"26-30","Female","Some Graduate Courses","Yes","Prolific","076f2d6385d635ea49402478f7e44cab","2","t-E_n-M","E","M","linear",14,"14",1,"Certain","Different slope"
"8925541b627d21563031cace7ddd4a24","7",12,"26-30","Female","Some Graduate Courses","Yes","Prolific","076f2d6385d635ea49402478f7e44cab","2","t-E_n-M","E","M","linear",14,"14",1,"Neutral","Different slope"
"8925541b627d21563031cace7ddd4a24","8",12,"26-30","Female","Some Graduate Courses","Yes","Prolific","076f2d6385d635ea49402478f7e44cab","2","t-E_n-M","E","M","log",14,"14",1,"Certain","Different shape"
"8925541b627d21563031cace7ddd4a24","32",12,"26-30","Female","Some Graduate Courses","Yes","Prolific","914e02881a7432dc34831c5dff0477e0","2","t-H_n-M","H","M","log",12,"12",1,"Certain","Different range, Different shape, Different slope"
"a6431d1e8fe7bb40a2743050fc8e5173","15",11,"19-25","Male","High School or Less","Yes","Prolific","07f1a227ee4ee73124d6589fada210dc","2","t-M_n-E","M","E","linear",10,"14",0,"Very Uncertain","Different range"
"a6431d1e8fe7bb40a2743050fc8e5173","27",11,"19-25","Male","High School or Less","Yes","Prolific","b8efad9285426a191f979b32a5094198","2","t-H_n-E","H","E","linear",9,"9,10",1,"Neutral","Different slope, Outlier(s)"
"a6431d1e8fe7bb40a2743050fc8e5173","23",11,"19-25","Male","High School or Less","Yes","Prolific","70eebf16937fb9e77a3b806afe9aa528","2","t-M_n-H","M","H","linear",13,"13",1,"Certain","Different slope"
"a6431d1e8fe7bb40a2743050fc8e5173","5",11,"19-25","Male","High School or Less","Yes","Prolific","9f2d96ab9212ba1d26f176b00e6eeec0","1","t-E_n-M","E","M","linear",12,"19",0,"Certain","Clustering"
"a6431d1e8fe7bb40a2743050fc8e5173","6",11,"19-25","Male","High School or Less","Yes","Prolific","9f2d96ab9212ba1d26f176b00e6eeec0","1","t-E_n-M","E","M","log",12,"12",1,"Certain","Different slope"
"a6431d1e8fe7bb40a2743050fc8e5173","11",11,"19-25","Male","High School or Less","Yes","Prolific","909f6bb4a0bbb8708bcc2d96c0b7052f","2","t-E_n-H","E","H","linear",17,"17",1,"Certain","Different shape, Different slope"
"a6431d1e8fe7bb40a2743050fc8e5173","30",11,"19-25","Male","High School or Less","Yes","Prolific","1b39b36e7a6189897f2015f191953b9d","1","t-H_n-M","H","M","log",12,"12,7",1,"Uncertain","Different shape"
"a6431d1e8fe7bb40a2743050fc8e5173","27",11,"19-25","Male","High School or Less","Yes","Prolific","b8efad9285426a191f979b32a5094198","2","t-H_n-E","H","E","linear",9,"9",1,"Certain","Different slope"
"a6431d1e8fe7bb40a2743050fc8e5173","9",11,"19-25","Male","High School or Less","Yes","Prolific","8105c77bcc5d38d9b4e742f1b76de5fc","1","t-E_n-H","E","H","linear",15,"15",1,"Certain","Different range, Different shape"
"a6431d1e8fe7bb40a2743050fc8e5173","10",11,"19-25","Male","High School or Less","Yes","Prolific","8105c77bcc5d38d9b4e742f1b76de5fc","1","t-E_n-H","E","H","log",15,"15",1,"Very Certain","Different shape"
"a6431d1e8fe7bb40a2743050fc8e5173","16",11,"19-25","Male","High School or Less","Yes","Prolific","07f1a227ee4ee73124d6589fada210dc","2","t-M_n-E","M","E","log",10,"10",1,"Uncertain","Different slope"
"49ba4b71fd310b4f8cf6b3f0dd48cee2","28",13,"31-35","Female","High School or Less","No","Prolific","b8efad9285426a191f979b32a5094198","2","t-H_n-E","H","E","log",9,"9",1,"Neutral","Different shape"
"49ba4b71fd310b4f8cf6b3f0dd48cee2","9",13,"31-35","Female","High School or Less","No","Prolific","8105c77bcc5d38d9b4e742f1b76de5fc","1","t-E_n-H","E","H","linear",15,"15",1,"Certain","Outlier(s)"
"49ba4b71fd310b4f8cf6b3f0dd48cee2","12",13,"31-35","Female","High School or Less","No","Prolific","909f6bb4a0bbb8708bcc2d96c0b7052f","2","t-E_n-H","E","H","log",17,"17",1,"Certain","Clustering"
"49ba4b71fd310b4f8cf6b3f0dd48cee2","32",13,"31-35","Female","High School or Less","No","Prolific","914e02881a7432dc34831c5dff0477e0","2","t-H_n-M","H","M","log",12,"12",1,"Certain","Different shape"
"49ba4b71fd310b4f8cf6b3f0dd48cee2","22",13,"31-35","Female","High School or Less","No","Prolific","17c70f64092db27a58faa6c255efd8ba","1","t-M_n-H","M","H","log",1,"1",1,"Certain","Clustering"
"49ba4b71fd310b4f8cf6b3f0dd48cee2","27",13,"31-35","Female","High School or Less","No","Prolific","b8efad9285426a191f979b32a5094198","2","t-H_n-E","H","E","linear",9,"10",0,"Uncertain","Outlier(s)"
"49ba4b71fd310b4f8cf6b3f0dd48cee2","13",13,"31-35","Female","High School or Less","No","Prolific","85c5c5a6ab4fdb3aaf06947e0b9d4483","1","t-M_n-E","M","E","linear",10,"11",0,"Uncertain","Clustering"
"49ba4b71fd310b4f8cf6b3f0dd48cee2","15",13,"31-35","Female","High School or Less","No","Prolific","07f1a227ee4ee73124d6589fada210dc","2","t-M_n-E","M","E","linear",10,"7",0,"Certain","Different slope"
"49ba4b71fd310b4f8cf6b3f0dd48cee2","16",13,"31-35","Female","High School or Less","No","Prolific","07f1a227ee4ee73124d6589fada210dc","2","t-M_n-E","M","E","log",10,"10",1,"Certain","Different slope"
"49ba4b71fd310b4f8cf6b3f0dd48cee2","16",13,"31-35","Female","High School or Less","No","Prolific","07f1a227ee4ee73124d6589fada210dc","2","t-M_n-E","M","E","log",10,"2",0,"Certain","Outlier(s)"
"49ba4b71fd310b4f8cf6b3f0dd48cee2","16",13,"31-35","Female","High School or Less","No","Prolific","07f1a227ee4ee73124d6589fada210dc","2","t-M_n-E","M","E","log",10,"20",0,"Very Certain","Outlier(s)"
"49ba4b71fd310b4f8cf6b3f0dd48cee2","30",13,"31-35","Female","High School or Less","No","Prolific","1b39b36e7a6189897f2015f191953b9d","1","t-H_n-M","H","M","log",12,"12",1,"Certain","Clustering"
"49ba4b71fd310b4f8cf6b3f0dd48cee2","26",13,"31-35","Female","High School or Less","No","Prolific","ee322d63db5869407801b2c6cd54c452","1","t-H_n-E","H","E","log",1,"1",1,"Very Certain","Clustering"
"312cfb1dd87c9706b180e248246bdc77","5",11,"19-25","Male","High School or Less","Yes","Prolific","9f2d96ab9212ba1d26f176b00e6eeec0","1","t-E_n-M","E","M","linear",12,"12",1,"Certain","Outlier(s)"
"312cfb1dd87c9706b180e248246bdc77","21",11,"19-25","Male","High School or Less","Yes","Prolific","17c70f64092db27a58faa6c255efd8ba","1","t-M_n-H","M","H","linear",1,"1",1,"Neutral","Different range, Different shape"
"312cfb1dd87c9706b180e248246bdc77","5",11,"19-25","Male","High School or Less","Yes","Prolific","9f2d96ab9212ba1d26f176b00e6eeec0","1","t-E_n-M","E","M","linear",12,"18,1",0,"Neutral","Outlier(s)"
"312cfb1dd87c9706b180e248246bdc77","15",11,"19-25","Male","High School or Less","Yes","Prolific","07f1a227ee4ee73124d6589fada210dc","2","t-M_n-E","M","E","linear",10,"2",0,"Certain","Clustering, Different shape"
"312cfb1dd87c9706b180e248246bdc77","8",11,"19-25","Male","High School or Less","Yes","Prolific","076f2d6385d635ea49402478f7e44cab","2","t-E_n-M","E","M","log",14,"14",1,"Very Certain","Different shape, Different slope"
"312cfb1dd87c9706b180e248246bdc77","7",11,"19-25","Male","High School or Less","Yes","Prolific","076f2d6385d635ea49402478f7e44cab","2","t-E_n-M","E","M","linear",14,"14",1,"Neutral","Clustering, Different shape, Outlier(s)"
"312cfb1dd87c9706b180e248246bdc77","12",11,"19-25","Male","High School or Less","Yes","Prolific","909f6bb4a0bbb8708bcc2d96c0b7052f","2","t-E_n-H","E","H","log",17,"17",1,"Very Certain","Different shape, Different slope"
"312cfb1dd87c9706b180e248246bdc77","27",11,"19-25","Male","High School or Less","Yes","Prolific","b8efad9285426a191f979b32a5094198","2","t-H_n-E","H","E","linear",9,"15",0,"Uncertain","Clustering, Outlier(s)"
"312cfb1dd87c9706b180e248246bdc77","9",11,"19-25","Male","High School or Less","Yes","Prolific","8105c77bcc5d38d9b4e742f1b76de5fc","1","t-E_n-H","E","H","linear",15,"15",1,"Certain","Different shape, Different slope"
"312cfb1dd87c9706b180e248246bdc77","10",11,"19-25","Male","High School or Less","Yes","Prolific","8105c77bcc5d38d9b4e742f1b76de5fc","1","t-E_n-H","E","H","log",15,"15",1,"Certain","Different shape, Different slope"
"312cfb1dd87c9706b180e248246bdc77","9",11,"19-25","Male","High School or Less","Yes","Prolific","8105c77bcc5d38d9b4e742f1b76de5fc","1","t-E_n-H","E","H","linear",15,"15",1,"Certain","Different shape, Different slope"
"23f8dd043b568702f044b9e79c43bffe","5",11,"26-30","Male","Undergraduate Degree","Yes","Prolific","9f2d96ab9212ba1d26f176b00e6eeec0","1","t-E_n-M","E","M","linear",12,"14",0,"Certain","Clustering, Outlier(s)"
"23f8dd043b568702f044b9e79c43bffe","25",11,"26-30","Male","Undergraduate Degree","Yes","Prolific","ee322d63db5869407801b2c6cd54c452","1","t-H_n-E","H","E","linear",1,"1",1,"Very Certain","Different slope"
"23f8dd043b568702f044b9e79c43bffe","27",11,"26-30","Male","Undergraduate Degree","Yes","Prolific","b8efad9285426a191f979b32a5094198","2","t-H_n-E","H","E","linear",9,"15",0,"Certain","Different slope, Outlier(s)"
"23f8dd043b568702f044b9e79c43bffe","6",11,"26-30","Male","Undergraduate Degree","Yes","Prolific","9f2d96ab9212ba1d26f176b00e6eeec0","1","t-E_n-M","E","M","log",12,"1",0,"Certain","Different range"
"23f8dd043b568702f044b9e79c43bffe","11",11,"26-30","Male","Undergraduate Degree","Yes","Prolific","909f6bb4a0bbb8708bcc2d96c0b7052f","2","t-E_n-H","E","H","linear",17,"17",1,"Very Certain","Different range, Outlier(s)"
"23f8dd043b568702f044b9e79c43bffe","16",11,"26-30","Male","Undergraduate Degree","Yes","Prolific","07f1a227ee4ee73124d6589fada210dc","2","t-M_n-E","M","E","log",10,"6",0,"Uncertain","Clustering"
"23f8dd043b568702f044b9e79c43bffe","13",11,"26-30","Male","Undergraduate Degree","Yes","Prolific","85c5c5a6ab4fdb3aaf06947e0b9d4483","1","t-M_n-E","M","E","linear",10,"20",0,"Certain","Clustering, Different range, Different slope"
"23f8dd043b568702f044b9e79c43bffe","29",11,"26-30","Male","Undergraduate Degree","Yes","Prolific","1b39b36e7a6189897f2015f191953b9d","1","t-H_n-M","H","M","linear",12,"5",0,"Neutral","Clustering"
"23f8dd043b568702f044b9e79c43bffe","11",11,"26-30","Male","Undergraduate Degree","Yes","Prolific","909f6bb4a0bbb8708bcc2d96c0b7052f","2","t-E_n-H","E","H","linear",17,"17",1,"Certain","Clustering"
"23f8dd043b568702f044b9e79c43bffe","27",11,"26-30","Male","Undergraduate Degree","Yes","Prolific","b8efad9285426a191f979b32a5094198","2","t-H_n-E","H","E","linear",9,"15",0,"Certain","Clustering, Different shape"
"23f8dd043b568702f044b9e79c43bffe","32",11,"26-30","Male","Undergraduate Degree","Yes","Prolific","914e02881a7432dc34831c5dff0477e0","2","t-H_n-M","H","M","log",12,"19",0,"Certain","Clustering, Different range"
"b1ad8fa00ec95f22bb4d00ec29688778","5",12,"41-45","Female","Graduate Degree","Yes","Prolific","9f2d96ab9212ba1d26f176b00e6eeec0","1","t-E_n-M","E","M","linear",12,"12",1,"Uncertain","Clustering"
"b1ad8fa00ec95f22bb4d00ec29688778","22",12,"41-45","Female","Graduate Degree","Yes","Prolific","17c70f64092db27a58faa6c255efd8ba","1","t-M_n-H","M","H","log",1,"1",1,"Certain","Different shape"
"b1ad8fa00ec95f22bb4d00ec29688778","23",12,"41-45","Female","Graduate Degree","Yes","Prolific","70eebf16937fb9e77a3b806afe9aa528","2","t-M_n-H","M","H","linear",13,"13",1,"Very Certain","Different shape"
"b1ad8fa00ec95f22bb4d00ec29688778","8",12,"41-45","Female","Graduate Degree","Yes","Prolific","076f2d6385d635ea49402478f7e44cab","2","t-E_n-M","E","M","log",14,"14",1,"Very Certain","Different shape"
"b1ad8fa00ec95f22bb4d00ec29688778","15",12,"41-45","Female","Graduate Degree","Yes","Prolific","07f1a227ee4ee73124d6589fada210dc","2","t-M_n-E","M","E","linear",10,"7",0,"Uncertain","Different slope"
"b1ad8fa00ec95f22bb4d00ec29688778","32",12,"41-45","Female","Graduate Degree","Yes","Prolific","914e02881a7432dc34831c5dff0477e0","2","t-H_n-M","H","M","log",12,"12",1,"Certain","Different shape"
"b1ad8fa00ec95f22bb4d00ec29688778","9",12,"41-45","Female","Graduate Degree","Yes","Prolific","8105c77bcc5d38d9b4e742f1b76de5fc","1","t-E_n-H","E","H","linear",15,"15",1,"Certain","Clustering"
"b1ad8fa00ec95f22bb4d00ec29688778","9",12,"41-45","Female","Graduate Degree","Yes","Prolific","8105c77bcc5d38d9b4e742f1b76de5fc","1","t-E_n-H","E","H","linear",15,"15",1,"Certain","Clustering"
"b1ad8fa00ec95f22bb4d00ec29688778","15",12,"41-45","Female","Graduate Degree","Yes","Prolific","07f1a227ee4ee73124d6589fada210dc","2","t-M_n-E","M","E","linear",10,"7",0,"Uncertain","Different slope"
"b1ad8fa00ec95f22bb4d00ec29688778","25",12,"41-45","Female","Graduate Degree","Yes","Prolific","ee322d63db5869407801b2c6cd54c452","1","t-H_n-E","H","E","linear",1,"1",1,"Certain","Different shape"
"b1ad8fa00ec95f22bb4d00ec29688778","25",12,"41-45","Female","Graduate Degree","Yes","Prolific","ee322d63db5869407801b2c6cd54c452","1","t-H_n-E","H","E","linear",1,"1",1,"Certain","Different shape, Different slope"
"b1ad8fa00ec95f22bb4d00ec29688778","9",12,"41-45","Female","Graduate Degree","Yes","Prolific","8105c77bcc5d38d9b4e742f1b76de5fc","1","t-E_n-H","E","H","linear",15,"15",1,"Certain","Clustering, Different shape"
"ad1759a07481abb1aa664e0d70382222","28",11,"26-30","Male","Graduate Degree","Yes","Prolific","b8efad9285426a191f979b32a5094198","2","t-H_n-E","H","E","log",9,"9",1,"Very Certain","Different slope"
"ad1759a07481abb1aa664e0d70382222","25",11,"26-30","Male","Graduate Degree","Yes","Prolific","ee322d63db5869407801b2c6cd54c452","1","t-H_n-E","H","E","linear",1,"4",0,"Very Certain","Outlier(s)"
"ad1759a07481abb1aa664e0d70382222","31",11,"26-30","Male","Graduate Degree","Yes","Prolific","914e02881a7432dc34831c5dff0477e0","2","t-H_n-M","H","M","linear",12,"3",0,"Certain","Outlier(s)"
"ad1759a07481abb1aa664e0d70382222","6",11,"26-30","Male","Graduate Degree","Yes","Prolific","9f2d96ab9212ba1d26f176b00e6eeec0","1","t-E_n-M","E","M","log",12,"12",1,"Certain","Different shape"
"ad1759a07481abb1aa664e0d70382222","29",11,"26-30","Male","Graduate Degree","Yes","Prolific","1b39b36e7a6189897f2015f191953b9d","1","t-H_n-M","H","M","linear",12,"8",0,"Very Certain","Outlier(s)"
"ad1759a07481abb1aa664e0d70382222","8",11,"26-30","Male","Graduate Degree","Yes","Prolific","076f2d6385d635ea49402478f7e44cab","2","t-E_n-M","E","M","log",14,"14",1,"Certain","Different range"
"ad1759a07481abb1aa664e0d70382222","9",11,"26-30","Male","Graduate Degree","Yes","Prolific","8105c77bcc5d38d9b4e742f1b76de5fc","1","t-E_n-H","E","H","linear",15,"15",1,"Very Certain","Different range"
"ad1759a07481abb1aa664e0d70382222","30",11,"26-30","Male","Graduate Degree","Yes","Prolific","1b39b36e7a6189897f2015f191953b9d","1","t-H_n-M","H","M","log",12,"12",1,"Uncertain","Different slope"
"ad1759a07481abb1aa664e0d70382222","16",11,"26-30","Male","Graduate Degree","Yes","Prolific","07f1a227ee4ee73124d6589fada210dc","2","t-M_n-E","M","E","log",10,"10",1,"Certain","Different shape"
"ad1759a07481abb1aa664e0d70382222","14",11,"26-30","Male","Graduate Degree","Yes","Prolific","85c5c5a6ab4fdb3aaf06947e0b9d4483","1","t-M_n-E","M","E","log",10,"9",0,"Certain","Clustering"
"ad1759a07481abb1aa664e0d70382222","25",11,"26-30","Male","Graduate Degree","Yes","Prolific","ee322d63db5869407801b2c6cd54c452","1","t-H_n-E","H","E","linear",1,"1",1,"Very Certain","Different shape"
"1b4a843acdecf002858ef0d253972c7d","31",11,"26-30","Female","Graduate Degree","No","Prolific","914e02881a7432dc34831c5dff0477e0","2","t-H_n-M","H","M","linear",12,"4",0,"Uncertain","Different range"
"1b4a843acdecf002858ef0d253972c7d","22",11,"26-30","Female","Graduate Degree","No","Prolific","17c70f64092db27a58faa6c255efd8ba","1","t-M_n-H","M","H","log",1,"1",1,"Certain","Different slope"
"1b4a843acdecf002858ef0d253972c7d","23",11,"26-30","Female","Graduate Degree","No","Prolific","70eebf16937fb9e77a3b806afe9aa528","2","t-M_n-H","M","H","linear",13,"13",1,"Neutral","Outlier(s)"
"1b4a843acdecf002858ef0d253972c7d","29",11,"26-30","Female","Graduate Degree","No","Prolific","1b39b36e7a6189897f2015f191953b9d","1","t-H_n-M","H","M","linear",12,"4",0,"Uncertain","Clustering"
"1b4a843acdecf002858ef0d253972c7d","15",11,"26-30","Female","Graduate Degree","No","Prolific","07f1a227ee4ee73124d6589fada210dc","2","t-M_n-E","M","E","linear",10,"14",0,"Uncertain","Clustering"
"1b4a843acdecf002858ef0d253972c7d","26",11,"26-30","Female","Graduate Degree","No","Prolific","ee322d63db5869407801b2c6cd54c452","1","t-H_n-E","H","E","log",1,"1",1,"Certain","Different slope"
"1b4a843acdecf002858ef0d253972c7d","11",11,"26-30","Female","Graduate Degree","No","Prolific","909f6bb4a0bbb8708bcc2d96c0b7052f","2","t-E_n-H","E","H","linear",17,"17",1,"Certain","Different slope"
"1b4a843acdecf002858ef0d253972c7d","7",11,"26-30","Female","Graduate Degree","No","Prolific","076f2d6385d635ea49402478f7e44cab","2","t-E_n-M","E","M","linear",14,"14",1,"Neutral","Outlier(s)"
"1b4a843acdecf002858ef0d253972c7d","23",11,"26-30","Female","Graduate Degree","No","Prolific","70eebf16937fb9e77a3b806afe9aa528","2","t-M_n-H","M","H","linear",13,"13",1,"Neutral","Different slope"
"1b4a843acdecf002858ef0d253972c7d","28",11,"26-30","Female","Graduate Degree","No","Prolific","b8efad9285426a191f979b32a5094198","2","t-H_n-E","H","E","log",9,"9",1,"Certain","Different slope"
"1b4a843acdecf002858ef0d253972c7d","16",11,"26-30","Female","Graduate Degree","No","Prolific","07f1a227ee4ee73124d6589fada210dc","2","t-M_n-E","M","E","log",10,"4",0,"Uncertain","Clustering"
"532167e7fcde0a4788b185e78604a1eb","28",11,"26-30","Male","Graduate Degree","Yes","Prolific","b8efad9285426a191f979b32a5094198","2","t-H_n-E","H","E","log",9,"9",1,"Very Uncertain","Outlier(s)"
"532167e7fcde0a4788b185e78604a1eb","8",11,"26-30","Male","Graduate Degree","Yes","Prolific","076f2d6385d635ea49402478f7e44cab","2","t-E_n-M","E","M","log",14,"14,20",1,"Very Certain","Clustering"
"532167e7fcde0a4788b185e78604a1eb","21",11,"26-30","Male","Graduate Degree","Yes","Prolific","17c70f64092db27a58faa6c255efd8ba","1","t-M_n-H","M","H","linear",1,"1",1,"Very Certain","Different range"
"532167e7fcde0a4788b185e78604a1eb","8",11,"26-30","Male","Graduate Degree","Yes","Prolific","076f2d6385d635ea49402478f7e44cab","2","t-E_n-M","E","M","log",14,"14",1,"Very Certain","Different shape"
"532167e7fcde0a4788b185e78604a1eb","7",11,"26-30","Male","Graduate Degree","Yes","Prolific","076f2d6385d635ea49402478f7e44cab","2","t-E_n-M","E","M","linear",14,"16",0,"Very Certain","Different shape, Different slope"
"532167e7fcde0a4788b185e78604a1eb","11",11,"26-30","Male","Graduate Degree","Yes","Prolific","909f6bb4a0bbb8708bcc2d96c0b7052f","2","t-E_n-H","E","H","linear",17,"17",1,"Very Certain","Clustering, Different range, Different slope"
"532167e7fcde0a4788b185e78604a1eb","15",11,"26-30","Male","Graduate Degree","Yes","Prolific","07f1a227ee4ee73124d6589fada210dc","2","t-M_n-E","M","E","linear",10,"10",1,"Certain","Different shape, Different slope"
"532167e7fcde0a4788b185e78604a1eb","8",11,"26-30","Male","Graduate Degree","Yes","Prolific","076f2d6385d635ea49402478f7e44cab","2","t-E_n-M","E","M","log",14,"14",1,"Very Certain","Clustering, Different slope"
"532167e7fcde0a4788b185e78604a1eb","28",11,"26-30","Male","Graduate Degree","Yes","Prolific","b8efad9285426a191f979b32a5094198","2","t-H_n-E","H","E","log",9,"9",1,"Very Certain","Different range"
"532167e7fcde0a4788b185e78604a1eb","31",11,"26-30","Male","Graduate Degree","Yes","Prolific","914e02881a7432dc34831c5dff0477e0","2","t-H_n-M","H","M","linear",12,"4",0,"Certain","Different slope"
"532167e7fcde0a4788b185e78604a1eb","32",11,"26-30","Male","Graduate Degree","Yes","Prolific","914e02881a7432dc34831c5dff0477e0","2","t-H_n-M","H","M","log",12,"12",1,"Very Certain","Different shape, Different slope"
"145ecd108263b8d3fe65b04341b0d1a5","21",11,"26-30","Male","Undergraduate Degree","Yes","Prolific","17c70f64092db27a58faa6c255efd8ba","1","t-M_n-H","M","H","linear",1,"1",1,"Very Certain","Different slope"
"145ecd108263b8d3fe65b04341b0d1a5","25",11,"26-30","Male","Undergraduate Degree","Yes","Prolific","ee322d63db5869407801b2c6cd54c452","1","t-H_n-E","H","E","linear",1,"1",1,"Certain","Different slope"
"145ecd108263b8d3fe65b04341b0d1a5","8",11,"26-30","Male","Undergraduate Degree","Yes","Prolific","076f2d6385d635ea49402478f7e44cab","2","t-E_n-M","E","M","log",14,"14",1,"Very Certain","Different slope"
"145ecd108263b8d3fe65b04341b0d1a5","15",11,"26-30","Male","Undergraduate Degree","Yes","Prolific","07f1a227ee4ee73124d6589fada210dc","2","t-M_n-E","M","E","linear",10,"20,2",0,"Certain","Clustering, Outlier(s)"
"145ecd108263b8d3fe65b04341b0d1a5","26",11,"26-30","Male","Undergraduate Degree","Yes","Prolific","ee322d63db5869407801b2c6cd54c452","1","t-H_n-E","H","E","log",1,"1",1,"Very Certain","Different shape"
"145ecd108263b8d3fe65b04341b0d1a5","7",11,"26-30","Male","Undergraduate Degree","Yes","Prolific","076f2d6385d635ea49402478f7e44cab","2","t-E_n-M","E","M","linear",14,"5,8",0,"Very Certain","Different slope"
"145ecd108263b8d3fe65b04341b0d1a5","7",11,"26-30","Male","Undergraduate Degree","Yes","Prolific","076f2d6385d635ea49402478f7e44cab","2","t-E_n-M","E","M","linear",14,"14",1,"Certain","Different slope"
"145ecd108263b8d3fe65b04341b0d1a5","32",11,"26-30","Male","Undergraduate Degree","Yes","Prolific","914e02881a7432dc34831c5dff0477e0","2","t-H_n-M","H","M","log",12,"12",1,"Certain","Different shape"
"145ecd108263b8d3fe65b04341b0d1a5","28",11,"26-30","Male","Undergraduate Degree","Yes","Prolific","b8efad9285426a191f979b32a5094198","2","t-H_n-E","H","E","log",9,"9",1,"Certain","Different shape"
"145ecd108263b8d3fe65b04341b0d1a5","14",11,"26-30","Male","Undergraduate Degree","Yes","Prolific","85c5c5a6ab4fdb3aaf06947e0b9d4483","1","t-M_n-E","M","E","log",10,"10",1,"Certain","Different shape"
"145ecd108263b8d3fe65b04341b0d1a5","16",11,"26-30","Male","Undergraduate Degree","Yes","Prolific","07f1a227ee4ee73124d6589fada210dc","2","t-M_n-E","M","E","log",10,"10",1,"Certain","Different shape"
"ef42f9b549872565954fb19c601553c2","21",12,"26-30","Female","Graduate Degree","Yes","Prolific","17c70f64092db27a58faa6c255efd8ba","1","t-M_n-H","M","H","linear",1,"1",1,"Certain","Clustering"
"ef42f9b549872565954fb19c601553c2","21",12,"26-30","Female","Graduate Degree","Yes","Prolific","17c70f64092db27a58faa6c255efd8ba","1","t-M_n-H","M","H","linear",1,"1",1,"Certain","Clustering"
"ef42f9b549872565954fb19c601553c2","29",12,"26-30","Female","Graduate Degree","Yes","Prolific","1b39b36e7a6189897f2015f191953b9d","1","t-H_n-M","H","M","linear",12,"1",0,"Very Certain","Clustering"
"ef42f9b549872565954fb19c601553c2","32",12,"26-30","Female","Graduate Degree","Yes","Prolific","914e02881a7432dc34831c5dff0477e0","2","t-H_n-M","H","M","log",12,"11",0,"Certain","Clustering"
"ef42f9b549872565954fb19c601553c2","31",12,"26-30","Female","Graduate Degree","Yes","Prolific","914e02881a7432dc34831c5dff0477e0","2","t-H_n-M","H","M","linear",12,"3",0,"Certain","Clustering, Different range"
"ef42f9b549872565954fb19c601553c2","25",12,"26-30","Female","Graduate Degree","Yes","Prolific","ee322d63db5869407801b2c6cd54c452","1","t-H_n-E","H","E","linear",1,"1",1,"Very Certain","Different slope"
"ef42f9b549872565954fb19c601553c2","12",12,"26-30","Female","Graduate Degree","Yes","Prolific","909f6bb4a0bbb8708bcc2d96c0b7052f","2","t-E_n-H","E","H","log",17,"17",1,"Very Certain","Different shape"
"ef42f9b549872565954fb19c601553c2","8",12,"26-30","Female","Graduate Degree","Yes","Prolific","076f2d6385d635ea49402478f7e44cab","2","t-E_n-M","E","M","log",14,"14",1,"Very Certain","Different slope"
"ef42f9b549872565954fb19c601553c2","26",12,"26-30","Female","Graduate Degree","Yes","Prolific","ee322d63db5869407801b2c6cd54c452","1","t-H_n-E","H","E","log",1,"3,1",1,"Very Certain","Different shape"
"ef42f9b549872565954fb19c601553c2","9",12,"26-30","Female","Graduate Degree","Yes","Prolific","8105c77bcc5d38d9b4e742f1b76de5fc","1","t-E_n-H","E","H","linear",15,"15",1,"Certain","Clustering"
"ef42f9b549872565954fb19c601553c2","10",12,"26-30","Female","Graduate Degree","Yes","Prolific","8105c77bcc5d38d9b4e742f1b76de5fc","1","t-E_n-H","E","H","log",15,"15",1,"Very Certain","Clustering, Different shape"
"ef42f9b549872565954fb19c601553c2","15",12,"26-30","Female","Graduate Degree","Yes","Prolific","07f1a227ee4ee73124d6589fada210dc","2","t-M_n-E","M","E","linear",10,"1",0,"Uncertain","Different slope"
"d4b25dc6826c4a5b70169fd842e2face","21",12,"36-40","Male","Graduate Degree","Yes","Prolific","17c70f64092db27a58faa6c255efd8ba","1","t-M_n-H","M","H","linear",1,"1",1,"Certain","Clustering"
"d4b25dc6826c4a5b70169fd842e2face","25",12,"36-40","Male","Graduate Degree","Yes","Prolific","ee322d63db5869407801b2c6cd54c452","1","t-H_n-E","H","E","linear",1,"1",1,"Certain","Different range"
"d4b25dc6826c4a5b70169fd842e2face","8",12,"36-40","Male","Graduate Degree","Yes","Prolific","076f2d6385d635ea49402478f7e44cab","2","t-E_n-M","E","M","log",14,"14",1,"Certain","Different range"
"d4b25dc6826c4a5b70169fd842e2face","15",12,"36-40","Male","Graduate Degree","Yes","Prolific","07f1a227ee4ee73124d6589fada210dc","2","t-M_n-E","M","E","linear",10,"8",0,"Certain","Different range"
"d4b25dc6826c4a5b70169fd842e2face","23",12,"36-40","Male","Graduate Degree","Yes","Prolific","70eebf16937fb9e77a3b806afe9aa528","2","t-M_n-H","M","H","linear",13,"13",1,"Neutral","Clustering"
"d4b25dc6826c4a5b70169fd842e2face","25",12,"36-40","Male","Graduate Degree","Yes","Prolific","ee322d63db5869407801b2c6cd54c452","1","t-H_n-E","H","E","linear",1,"1",1,"Certain","Different range"
"d4b25dc6826c4a5b70169fd842e2face","12",12,"36-40","Male","Graduate Degree","Yes","Prolific","909f6bb4a0bbb8708bcc2d96c0b7052f","2","t-E_n-H","E","H","log",17,"17",1,"Very Certain","Different slope"
"d4b25dc6826c4a5b70169fd842e2face","7",12,"36-40","Male","Graduate Degree","Yes","Prolific","076f2d6385d635ea49402478f7e44cab","2","t-E_n-M","E","M","linear",14,"14",1,"Certain","Different shape"
"d4b25dc6826c4a5b70169fd842e2face","27",12,"36-40","Male","Graduate Degree","Yes","Prolific","b8efad9285426a191f979b32a5094198","2","t-H_n-E","H","E","linear",9,"9",1,"Certain","Different slope"
"d4b25dc6826c4a5b70169fd842e2face","32",12,"36-40","Male","Graduate Degree","Yes","Prolific","914e02881a7432dc34831c5dff0477e0","2","t-H_n-M","H","M","log",12,"12",1,"Certain","Different shape"
"d4b25dc6826c4a5b70169fd842e2face","5",12,"36-40","Male","Graduate Degree","Yes","Prolific","9f2d96ab9212ba1d26f176b00e6eeec0","1","t-E_n-M","E","M","linear",12,"14,19",0,"Neutral","Clustering"
"d4b25dc6826c4a5b70169fd842e2face","22",12,"36-40","Male","Graduate Degree","Yes","Prolific","17c70f64092db27a58faa6c255efd8ba","1","t-M_n-H","M","H","log",1,"1",1,"Certain","Different shape"
"3b2547a3dbee77e1f6030f5fe142142f","8",11,"26-30","Male","Graduate Degree","Yes","Prolific","076f2d6385d635ea49402478f7e44cab","2","t-E_n-M","E","M","log",14,"14",1,"Certain","Different slope"
"3b2547a3dbee77e1f6030f5fe142142f","21",11,"26-30","Male","Graduate Degree","Yes","Prolific","17c70f64092db27a58faa6c255efd8ba","1","t-M_n-H","M","H","linear",1,"1",1,"Uncertain","Different slope"
"3b2547a3dbee77e1f6030f5fe142142f","11",11,"26-30","Male","Graduate Degree","Yes","Prolific","909f6bb4a0bbb8708bcc2d96c0b7052f","2","t-E_n-H","E","H","linear",17,"17",1,"Certain","Different slope"
"3b2547a3dbee77e1f6030f5fe142142f","32",11,"26-30","Male","Graduate Degree","Yes","Prolific","914e02881a7432dc34831c5dff0477e0","2","t-H_n-M","H","M","log",12,"3",0,"Uncertain","Different shape"
"3b2547a3dbee77e1f6030f5fe142142f","23",11,"26-30","Male","Graduate Degree","Yes","Prolific","70eebf16937fb9e77a3b806afe9aa528","2","t-M_n-H","M","H","linear",13,"13",1,"Certain","Different slope"
"3b2547a3dbee77e1f6030f5fe142142f","25",11,"26-30","Male","Graduate Degree","Yes","Prolific","ee322d63db5869407801b2c6cd54c452","1","t-H_n-E","H","E","linear",1,"1",1,"Certain","Different slope"
"3b2547a3dbee77e1f6030f5fe142142f","12",11,"26-30","Male","Graduate Degree","Yes","Prolific","909f6bb4a0bbb8708bcc2d96c0b7052f","2","t-E_n-H","E","H","log",17,"17",1,"Certain","Different slope"
"3b2547a3dbee77e1f6030f5fe142142f","11",11,"26-30","Male","Graduate Degree","Yes","Prolific","909f6bb4a0bbb8708bcc2d96c0b7052f","2","t-E_n-H","E","H","linear",17,"17",1,"Certain","Different slope"
"3b2547a3dbee77e1f6030f5fe142142f","27",11,"26-30","Male","Graduate Degree","Yes","Prolific","b8efad9285426a191f979b32a5094198","2","t-H_n-E","H","E","linear",9,"9",1,"Uncertain","Different shape"
"3b2547a3dbee77e1f6030f5fe142142f","28",11,"26-30","Male","Graduate Degree","Yes","Prolific","b8efad9285426a191f979b32a5094198","2","t-H_n-E","H","E","log",9,"9",1,"Neutral","Different shape"
"3b2547a3dbee77e1f6030f5fe142142f","16",11,"26-30","Male","Graduate Degree","Yes","Prolific","07f1a227ee4ee73124d6589fada210dc","2","t-M_n-E","M","E","log",10,"8",0,"Uncertain","Different range"
"852c545cf690106c55a149f4f8f332e7","22",12,"46-50","Male","Undergraduate Degree","Yes","Prolific","17c70f64092db27a58faa6c255efd8ba","1","t-M_n-H","M","H","log",1,"1",1,"Very Certain","Different shape"
"852c545cf690106c55a149f4f8f332e7","21",12,"46-50","Male","Undergraduate Degree","Yes","Prolific","17c70f64092db27a58faa6c255efd8ba","1","t-M_n-H","M","H","linear",1,"1",1,"Very Certain","Different range"
"852c545cf690106c55a149f4f8f332e7","8",12,"46-50","Male","Undergraduate Degree","Yes","Prolific","076f2d6385d635ea49402478f7e44cab","2","t-E_n-M","E","M","log",14,"14",1,"Very Certain","Different shape"
"852c545cf690106c55a149f4f8f332e7","29",12,"46-50","Male","Undergraduate Degree","Yes","Prolific","1b39b36e7a6189897f2015f191953b9d","1","t-H_n-M","H","M","linear",12,"12",1,"Very Certain","Different shape"
"852c545cf690106c55a149f4f8f332e7","31",12,"46-50","Male","Undergraduate Degree","Yes","Prolific","914e02881a7432dc34831c5dff0477e0","2","t-H_n-M","H","M","linear",12,"12",1,"Very Certain","Different shape"
"852c545cf690106c55a149f4f8f332e7","21",12,"46-50","Male","Undergraduate Degree","Yes","Prolific","17c70f64092db27a58faa6c255efd8ba","1","t-M_n-H","M","H","linear",1,"1",1,"Very Certain","Different shape"
"852c545cf690106c55a149f4f8f332e7","9",12,"46-50","Male","Undergraduate Degree","Yes","Prolific","8105c77bcc5d38d9b4e742f1b76de5fc","1","t-E_n-H","E","H","linear",15,"15",1,"Very Certain","Clustering, Different shape"
"852c545cf690106c55a149f4f8f332e7","27",12,"46-50","Male","Undergraduate Degree","Yes","Prolific","b8efad9285426a191f979b32a5094198","2","t-H_n-E","H","E","linear",9,"9",1,"Very Certain","Different shape"
"852c545cf690106c55a149f4f8f332e7","21",12,"46-50","Male","Undergraduate Degree","Yes","Prolific","17c70f64092db27a58faa6c255efd8ba","1","t-M_n-H","M","H","linear",1,"1",1,"Very Certain","Different shape"
"852c545cf690106c55a149f4f8f332e7","22",12,"46-50","Male","Undergraduate Degree","Yes","Prolific","17c70f64092db27a58faa6c255efd8ba","1","t-M_n-H","M","H","log",1,"1",1,"Certain","Different shape, Different slope"
"852c545cf690106c55a149f4f8f332e7","23",12,"46-50","Male","Undergraduate Degree","Yes","Prolific","70eebf16937fb9e77a3b806afe9aa528","2","t-M_n-H","M","H","linear",13,"13",1,"Very Certain","Clustering, Outlier(s)"
"852c545cf690106c55a149f4f8f332e7","9",12,"46-50","Male","Undergraduate Degree","Yes","Prolific","8105c77bcc5d38d9b4e742f1b76de5fc","1","t-E_n-H","E","H","linear",15,"15",1,"Certain","Different range, Different shape"
"052856f62f66d3eeeab04ebfdadd1dad","12",11,"26-30","Female","Graduate Degree","Yes","Prolific","909f6bb4a0bbb8708bcc2d96c0b7052f","2","t-E_n-H","E","H","log",17,"17",1,"Very Certain","Different range, Different shape"
"052856f62f66d3eeeab04ebfdadd1dad","8",11,"26-30","Female","Graduate Degree","Yes","Prolific","076f2d6385d635ea49402478f7e44cab","2","t-E_n-M","E","M","log",14,"14",1,"Certain","Different range, Different shape"
"052856f62f66d3eeeab04ebfdadd1dad","21",11,"26-30","Female","Graduate Degree","Yes","Prolific","17c70f64092db27a58faa6c255efd8ba","1","t-M_n-H","M","H","linear",1,"2",0,"Certain","Outlier(s)"
"052856f62f66d3eeeab04ebfdadd1dad","8",11,"26-30","Female","Graduate Degree","Yes","Prolific","076f2d6385d635ea49402478f7e44cab","2","t-E_n-M","E","M","log",14,"14",1,"Certain","Outlier(s)"
"052856f62f66d3eeeab04ebfdadd1dad","7",11,"26-30","Female","Graduate Degree","Yes","Prolific","076f2d6385d635ea49402478f7e44cab","2","t-E_n-M","E","M","linear",14,"4",0,"Certain","Different shape, Outlier(s)"
"052856f62f66d3eeeab04ebfdadd1dad","25",11,"26-30","Female","Graduate Degree","Yes","Prolific","ee322d63db5869407801b2c6cd54c452","1","t-H_n-E","H","E","linear",1,"1",1,"Certain","Different range"
"052856f62f66d3eeeab04ebfdadd1dad","13",11,"26-30","Female","Graduate Degree","Yes","Prolific","85c5c5a6ab4fdb3aaf06947e0b9d4483","1","t-M_n-E","M","E","linear",10,"16,8",0,"Very Certain","Outlier(s)"
"052856f62f66d3eeeab04ebfdadd1dad","21",11,"26-30","Female","Graduate Degree","Yes","Prolific","17c70f64092db27a58faa6c255efd8ba","1","t-M_n-H","M","H","linear",1,"1",1,"Certain","Different slope, Outlier(s)"
"052856f62f66d3eeeab04ebfdadd1dad","15",11,"26-30","Female","Graduate Degree","Yes","Prolific","07f1a227ee4ee73124d6589fada210dc","2","t-M_n-E","M","E","linear",10,"2",0,"Certain","Clustering"
"052856f62f66d3eeeab04ebfdadd1dad","11",11,"26-30","Female","Graduate Degree","Yes","Prolific","909f6bb4a0bbb8708bcc2d96c0b7052f","2","t-E_n-H","E","H","linear",17,"17",1,"Very Certain","Different slope"
"052856f62f66d3eeeab04ebfdadd1dad","25",11,"26-30","Female","Graduate Degree","Yes","Prolific","ee322d63db5869407801b2c6cd54c452","1","t-H_n-E","H","E","linear",1,"1",1,"Certain","Different slope"
"7cd4a1c90bebea8bbe87060cb6cc89b3","30",13,"19-25","Female","Undergraduate Degree","Yes","Prolific","1b39b36e7a6189897f2015f191953b9d","1","t-H_n-M","H","M","log",12,"2",0,"Uncertain","Clustering"
"7cd4a1c90bebea8bbe87060cb6cc89b3","28",13,"19-25","Female","Undergraduate Degree","Yes","Prolific","b8efad9285426a191f979b32a5094198","2","t-H_n-E","H","E","log",9,"9",1,"Certain","Different shape"
"7cd4a1c90bebea8bbe87060cb6cc89b3","27",13,"19-25","Female","Undergraduate Degree","Yes","Prolific","b8efad9285426a191f979b32a5094198","2","t-H_n-E","H","E","linear",9,"9",1,"Certain","Different shape"
"7cd4a1c90bebea8bbe87060cb6cc89b3","5",13,"19-25","Female","Undergraduate Degree","Yes","Prolific","9f2d96ab9212ba1d26f176b00e6eeec0","1","t-E_n-M","E","M","linear",12,"12",1,"Uncertain","Outlier(s)"
"7cd4a1c90bebea8bbe87060cb6cc89b3","14",13,"19-25","Female","Undergraduate Degree","Yes","Prolific","85c5c5a6ab4fdb3aaf06947e0b9d4483","1","t-M_n-E","M","E","log",10,"10",1,"Certain","Different shape"
"7cd4a1c90bebea8bbe87060cb6cc89b3","30",13,"19-25","Female","Undergraduate Degree","Yes","Prolific","1b39b36e7a6189897f2015f191953b9d","1","t-H_n-M","H","M","log",12,"12",1,"Neutral","Different slope"
"7cd4a1c90bebea8bbe87060cb6cc89b3","13",13,"19-25","Female","Undergraduate Degree","Yes","Prolific","85c5c5a6ab4fdb3aaf06947e0b9d4483","1","t-M_n-E","M","E","linear",10,"13",0,"Neutral","Different range"
"7cd4a1c90bebea8bbe87060cb6cc89b3","25",13,"19-25","Female","Undergraduate Degree","Yes","Prolific","ee322d63db5869407801b2c6cd54c452","1","t-H_n-E","H","E","linear",1,"1",1,"Certain","Different shape, Different slope"
"7cd4a1c90bebea8bbe87060cb6cc89b3","29",13,"19-25","Female","Undergraduate Degree","Yes","Prolific","1b39b36e7a6189897f2015f191953b9d","1","t-H_n-M","H","M","linear",12,"7",0,"Certain","Different shape"
"7cd4a1c90bebea8bbe87060cb6cc89b3","26",13,"19-25","Female","Undergraduate Degree","Yes","Prolific","ee322d63db5869407801b2c6cd54c452","1","t-H_n-E","H","E","log",1,"1",1,"Certain","Different slope"
"7cd4a1c90bebea8bbe87060cb6cc89b3","23",13,"19-25","Female","Undergraduate Degree","Yes","Prolific","70eebf16937fb9e77a3b806afe9aa528","2","t-M_n-H","M","H","linear",13,"13",1,"Certain","Outlier(s)"
"7cd4a1c90bebea8bbe87060cb6cc89b3","10",13,"19-25","Female","Undergraduate Degree","Yes","Prolific","8105c77bcc5d38d9b4e742f1b76de5fc","1","t-E_n-H","E","H","log",15,"15",1,"Certain","Different shape"
"7cd4a1c90bebea8bbe87060cb6cc89b3","16",13,"19-25","Female","Undergraduate Degree","Yes","Prolific","07f1a227ee4ee73124d6589fada210dc","2","t-M_n-E","M","E","log",10,"13",0,"Uncertain","Outlier(s)"
"c9fe675e97562e68e528e6fd5557b7dd","29",13,"19-25","Male","Undergraduate Degree","Yes","Prolific","1b39b36e7a6189897f2015f191953b9d","1","t-H_n-M","H","M","linear",12,"8",0,"Neutral","Clustering"
"c9fe675e97562e68e528e6fd5557b7dd","12",13,"19-25","Male","Undergraduate Degree","Yes","Prolific","909f6bb4a0bbb8708bcc2d96c0b7052f","2","t-E_n-H","E","H","log",17,"17",1,"Certain","Different slope"
"c9fe675e97562e68e528e6fd5557b7dd","14",13,"19-25","Male","Undergraduate Degree","Yes","Prolific","85c5c5a6ab4fdb3aaf06947e0b9d4483","1","t-M_n-E","M","E","log",10,"10",1,"Neutral","Different shape"
"c9fe675e97562e68e528e6fd5557b7dd","7",13,"19-25","Male","Undergraduate Degree","Yes","Prolific","076f2d6385d635ea49402478f7e44cab","2","t-E_n-M","E","M","linear",14,"14",1,"Very Certain","Outlier(s)"
"c9fe675e97562e68e528e6fd5557b7dd","31",13,"19-25","Male","Undergraduate Degree","Yes","Prolific","914e02881a7432dc34831c5dff0477e0","2","t-H_n-M","H","M","linear",12,"8",0,"Neutral","Different slope"
"c9fe675e97562e68e528e6fd5557b7dd","5",13,"19-25","Male","Undergraduate Degree","Yes","Prolific","9f2d96ab9212ba1d26f176b00e6eeec0","1","t-E_n-M","E","M","linear",12,"20",0,"Certain","Clustering"
"c9fe675e97562e68e528e6fd5557b7dd","16",13,"19-25","Male","Undergraduate Degree","Yes","Prolific","07f1a227ee4ee73124d6589fada210dc","2","t-M_n-E","M","E","log",10,"18",0,"Neutral","Clustering"
"c9fe675e97562e68e528e6fd5557b7dd","12",13,"19-25","Male","Undergraduate Degree","Yes","Prolific","909f6bb4a0bbb8708bcc2d96c0b7052f","2","t-E_n-H","E","H","log",17,"17",1,"Certain","Different shape"
"c9fe675e97562e68e528e6fd5557b7dd","15",13,"19-25","Male","Undergraduate Degree","Yes","Prolific","07f1a227ee4ee73124d6589fada210dc","2","t-M_n-E","M","E","linear",10,"2",0,"Neutral","Clustering"
"c9fe675e97562e68e528e6fd5557b7dd","27",13,"19-25","Male","Undergraduate Degree","Yes","Prolific","b8efad9285426a191f979b32a5094198","2","t-H_n-E","H","E","linear",9,"9",1,"Certain","Different shape"
"c9fe675e97562e68e528e6fd5557b7dd","6",13,"19-25","Male","Undergraduate Degree","Yes","Prolific","9f2d96ab9212ba1d26f176b00e6eeec0","1","t-E_n-M","E","M","log",12,"12",1,"Neutral","Clustering"
"c9fe675e97562e68e528e6fd5557b7dd","11",13,"19-25","Male","Undergraduate Degree","Yes","Prolific","909f6bb4a0bbb8708bcc2d96c0b7052f","2","t-E_n-H","E","H","linear",17,"17",1,"Neutral","Different slope"
"c9fe675e97562e68e528e6fd5557b7dd","25",13,"19-25","Male","Undergraduate Degree","Yes","Prolific","ee322d63db5869407801b2c6cd54c452","1","t-H_n-E","H","E","linear",1,"6",0,"Certain","Clustering"
"97d5ecdde9c214934742193690a255dd","23",13,"19-25","Female","High School or Less","No","Prolific","70eebf16937fb9e77a3b806afe9aa528","2","t-M_n-H","M","H","linear",13,"13",1,"Certain","Different shape"
"97d5ecdde9c214934742193690a255dd","13",13,"19-25","Female","High School or Less","No","Prolific","85c5c5a6ab4fdb3aaf06947e0b9d4483","1","t-M_n-E","M","E","linear",10,"11",0,"Certain","Outlier(s)"
"97d5ecdde9c214934742193690a255dd","6",13,"19-25","Female","High School or Less","No","Prolific","9f2d96ab9212ba1d26f176b00e6eeec0","1","t-E_n-M","E","M","log",12,"10",0,"Very Certain","Clustering"
"97d5ecdde9c214934742193690a255dd","5",13,"19-25","Female","High School or Less","No","Prolific","9f2d96ab9212ba1d26f176b00e6eeec0","1","t-E_n-M","E","M","linear",12,"19",0,"Neutral","Different range"
"97d5ecdde9c214934742193690a255dd","21",13,"19-25","Female","High School or Less","No","Prolific","17c70f64092db27a58faa6c255efd8ba","1","t-M_n-H","M","H","linear",1,"1",1,"Neutral","Different range"
"97d5ecdde9c214934742193690a255dd","9",13,"19-25","Female","High School or Less","No","Prolific","8105c77bcc5d38d9b4e742f1b76de5fc","1","t-E_n-H","E","H","linear",15,"15",1,"Very Certain","Different slope"
"97d5ecdde9c214934742193690a255dd","13",13,"19-25","Female","High School or Less","No","Prolific","85c5c5a6ab4fdb3aaf06947e0b9d4483","1","t-M_n-E","M","E","linear",10,"13",0,"Certain","Different slope"
"97d5ecdde9c214934742193690a255dd","6",13,"19-25","Female","High School or Less","No","Prolific","9f2d96ab9212ba1d26f176b00e6eeec0","1","t-E_n-M","E","M","log",12,"19",0,"Certain","Other, widely spread out"
"97d5ecdde9c214934742193690a255dd","23",13,"19-25","Female","High School or Less","No","Prolific","70eebf16937fb9e77a3b806afe9aa528","2","t-M_n-H","M","H","linear",13,"13",1,"Neutral","Different shape"
"97d5ecdde9c214934742193690a255dd","8",13,"19-25","Female","High School or Less","No","Prolific","076f2d6385d635ea49402478f7e44cab","2","t-E_n-M","E","M","log",14,"16,14",1,"Certain","Different slope"
"97d5ecdde9c214934742193690a255dd","13",13,"19-25","Female","High School or Less","No","Prolific","85c5c5a6ab4fdb3aaf06947e0b9d4483","1","t-M_n-E","M","E","linear",10,"10",1,"Neutral","Different shape"
"97d5ecdde9c214934742193690a255dd","32",13,"19-25","Female","High School or Less","No","Prolific","914e02881a7432dc34831c5dff0477e0","2","t-H_n-M","H","M","log",12,"12",1,"Certain","Different shape"
"97d5ecdde9c214934742193690a255dd","15",13,"19-25","Female","High School or Less","No","Prolific","07f1a227ee4ee73124d6589fada210dc","2","t-M_n-E","M","E","linear",10,"14",0,"Uncertain","Different range"
"368274239d4d8a98df790495eb70f749","8",12,"56-60","Female","Undergraduate Degree","Yes","Prolific","076f2d6385d635ea49402478f7e44cab","2","t-E_n-M","E","M","log",14,"14",1,"Certain","Different slope"
"368274239d4d8a98df790495eb70f749","28",12,"56-60","Female","Undergraduate Degree","Yes","Prolific","b8efad9285426a191f979b32a5094198","2","t-H_n-E","H","E","log",9,"10",0,"Certain","Different shape"
"368274239d4d8a98df790495eb70f749","28",12,"56-60","Female","Undergraduate Degree","Yes","Prolific","b8efad9285426a191f979b32a5094198","2","t-H_n-E","H","E","log",9,"9",1,"Certain","Different slope"
"368274239d4d8a98df790495eb70f749","32",12,"56-60","Female","Undergraduate Degree","Yes","Prolific","914e02881a7432dc34831c5dff0477e0","2","t-H_n-M","H","M","log",12,"12",1,"Certain","Different slope"
"368274239d4d8a98df790495eb70f749","26",12,"56-60","Female","Undergraduate Degree","Yes","Prolific","ee322d63db5869407801b2c6cd54c452","1","t-H_n-E","H","E","log",1,"1",1,"Certain","Different slope"
"368274239d4d8a98df790495eb70f749","7",12,"56-60","Female","Undergraduate Degree","Yes","Prolific","076f2d6385d635ea49402478f7e44cab","2","t-E_n-M","E","M","linear",14,"5",0,"Certain","Clustering"
"368274239d4d8a98df790495eb70f749","28",12,"56-60","Female","Undergraduate Degree","Yes","Prolific","b8efad9285426a191f979b32a5094198","2","t-H_n-E","H","E","log",9,"9",1,"Certain","Different slope"
"368274239d4d8a98df790495eb70f749","15",12,"56-60","Female","Undergraduate Degree","Yes","Prolific","07f1a227ee4ee73124d6589fada210dc","2","t-M_n-E","M","E","linear",10,"1",0,"Certain","Clustering"
"368274239d4d8a98df790495eb70f749","15",12,"56-60","Female","Undergraduate Degree","Yes","Prolific","07f1a227ee4ee73124d6589fada210dc","2","t-M_n-E","M","E","linear",10,"15",0,"Neutral","Outlier(s)"
"368274239d4d8a98df790495eb70f749","5",12,"56-60","Female","Undergraduate Degree","Yes","Prolific","9f2d96ab9212ba1d26f176b00e6eeec0","1","t-E_n-M","E","M","linear",12,"14",0,"Neutral","Clustering"
"368274239d4d8a98df790495eb70f749","28",12,"56-60","Female","Undergraduate Degree","Yes","Prolific","b8efad9285426a191f979b32a5094198","2","t-H_n-E","H","E","log",9,"6",0,"Certain","Outlier(s)"
"368274239d4d8a98df790495eb70f749","15",12,"56-60","Female","Undergraduate Degree","Yes","Prolific","07f1a227ee4ee73124d6589fada210dc","2","t-M_n-E","M","E","linear",10,"14",0,"Certain","Clustering"
"cb69ca50a5461809d86fa9f9b4266fe3","8",13,"19-25","Male","High School or Less","Yes","Prolific","076f2d6385d635ea49402478f7e44cab","2","t-E_n-M","E","M","log",14,"14",1,"Very Certain","Different shape"
"cb69ca50a5461809d86fa9f9b4266fe3","13",13,"19-25","Male","High School or Less","Yes","Prolific","85c5c5a6ab4fdb3aaf06947e0b9d4483","1","t-M_n-E","M","E","linear",10,"3,8,11",0,"Certain","Outlier(s)"
"cb69ca50a5461809d86fa9f9b4266fe3","25",13,"19-25","Male","High School or Less","Yes","Prolific","ee322d63db5869407801b2c6cd54c452","1","t-H_n-E","H","E","linear",1,"6,1,7,18",1,"Very Certain","Different shape, Outlier(s)"
"cb69ca50a5461809d86fa9f9b4266fe3","29",13,"19-25","Male","High School or Less","Yes","Prolific","1b39b36e7a6189897f2015f191953b9d","1","t-H_n-M","H","M","linear",12,"8,16",0,"Certain","Outlier(s)"
"cb69ca50a5461809d86fa9f9b4266fe3","10",13,"19-25","Male","High School or Less","Yes","Prolific","8105c77bcc5d38d9b4e742f1b76de5fc","1","t-E_n-H","E","H","log",15,"15",1,"Very Certain","Different shape"
"cb69ca50a5461809d86fa9f9b4266fe3","5",13,"19-25","Male","High School or Less","Yes","Prolific","9f2d96ab9212ba1d26f176b00e6eeec0","1","t-E_n-M","E","M","linear",12,"17,14,12",1,"Certain","Outlier(s)"
"cb69ca50a5461809d86fa9f9b4266fe3","16",13,"19-25","Male","High School or Less","Yes","Prolific","07f1a227ee4ee73124d6589fada210dc","2","t-M_n-E","M","E","log",10,"15,17",0,"Certain","Outlier(s)"
"cb69ca50a5461809d86fa9f9b4266fe3","12",13,"19-25","Male","High School or Less","Yes","Prolific","909f6bb4a0bbb8708bcc2d96c0b7052f","2","t-E_n-H","E","H","log",17,"17",1,"Very Certain","Different shape"
"cb69ca50a5461809d86fa9f9b4266fe3","5",13,"19-25","Male","High School or Less","Yes","Prolific","9f2d96ab9212ba1d26f176b00e6eeec0","1","t-E_n-M","E","M","linear",12,"17,1",0,"Certain","Outlier(s)"
"cb69ca50a5461809d86fa9f9b4266fe3","5",13,"19-25","Male","High School or Less","Yes","Prolific","9f2d96ab9212ba1d26f176b00e6eeec0","1","t-E_n-M","E","M","linear",12,"17,12,14",1,"Certain","Different range, Outlier(s)"
"cb69ca50a5461809d86fa9f9b4266fe3","11",13,"19-25","Male","High School or Less","Yes","Prolific","909f6bb4a0bbb8708bcc2d96c0b7052f","2","t-E_n-H","E","H","linear",17,"17",1,"Certain","Outlier(s)"
"cb69ca50a5461809d86fa9f9b4266fe3","30",13,"19-25","Male","High School or Less","Yes","Prolific","1b39b36e7a6189897f2015f191953b9d","1","t-H_n-M","H","M","log",12,"12",1,"Very Certain","Different shape"
"cb69ca50a5461809d86fa9f9b4266fe3","23",13,"19-25","Male","High School or Less","Yes","Prolific","70eebf16937fb9e77a3b806afe9aa528","2","t-M_n-H","M","H","linear",13,"13",1,"Certain","Outlier(s)"
"ee4806c851496b96a1fbdc90a2b7d025","30",13,"19-25","Male","High School or Less","Yes","Prolific","1b39b36e7a6189897f2015f191953b9d","1","t-H_n-M","H","M","log",12,"2",0,"Neutral","Clustering"
"ee4806c851496b96a1fbdc90a2b7d025","22",13,"19-25","Male","High School or Less","Yes","Prolific","17c70f64092db27a58faa6c255efd8ba","1","t-M_n-H","M","H","log",1,"10",0,"Neutral","Clustering"
"ee4806c851496b96a1fbdc90a2b7d025","16",13,"19-25","Male","High School or Less","Yes","Prolific","07f1a227ee4ee73124d6589fada210dc","2","t-M_n-E","M","E","log",10,"8",0,"Uncertain","Different range, Different shape"
"ee4806c851496b96a1fbdc90a2b7d025","27",13,"19-25","Male","High School or Less","Yes","Prolific","b8efad9285426a191f979b32a5094198","2","t-H_n-E","H","E","linear",9,"5",0,"Uncertain","Different range, Different slope"
"ee4806c851496b96a1fbdc90a2b7d025","8",13,"19-25","Male","High School or Less","Yes","Prolific","076f2d6385d635ea49402478f7e44cab","2","t-E_n-M","E","M","log",14,"14",1,"Certain","Clustering, Different slope"
"ee4806c851496b96a1fbdc90a2b7d025","30",13,"19-25","Male","High School or Less","Yes","Prolific","1b39b36e7a6189897f2015f191953b9d","1","t-H_n-M","H","M","log",12,"2",0,"Neutral","Clustering"
"ee4806c851496b96a1fbdc90a2b7d025","7",13,"19-25","Male","High School or Less","Yes","Prolific","076f2d6385d635ea49402478f7e44cab","2","t-E_n-M","E","M","linear",14,"14",1,"Certain","Different shape, Different slope"
"ee4806c851496b96a1fbdc90a2b7d025","25",13,"19-25","Male","High School or Less","Yes","Prolific","ee322d63db5869407801b2c6cd54c452","1","t-H_n-E","H","E","linear",1,"1",1,"Very Certain","Different shape, Different slope"
"ee4806c851496b96a1fbdc90a2b7d025","15",13,"19-25","Male","High School or Less","Yes","Prolific","07f1a227ee4ee73124d6589fada210dc","2","t-M_n-E","M","E","linear",10,"8",0,"Neutral","Different range"
"ee4806c851496b96a1fbdc90a2b7d025","21",13,"19-25","Male","High School or Less","Yes","Prolific","17c70f64092db27a58faa6c255efd8ba","1","t-M_n-H","M","H","linear",1,"10",0,"Certain","Different shape"
"ee4806c851496b96a1fbdc90a2b7d025","8",13,"19-25","Male","High School or Less","Yes","Prolific","076f2d6385d635ea49402478f7e44cab","2","t-E_n-M","E","M","log",14,"14",1,"Certain","Different slope"
"ee4806c851496b96a1fbdc90a2b7d025","26",13,"19-25","Male","High School or Less","Yes","Prolific","ee322d63db5869407801b2c6cd54c452","1","t-H_n-E","H","E","log",1,"1",1,"Certain","Different shape, Different slope"
"ee4806c851496b96a1fbdc90a2b7d025","11",13,"19-25","Male","High School or Less","Yes","Prolific","909f6bb4a0bbb8708bcc2d96c0b7052f","2","t-E_n-H","E","H","linear",17,"17",1,"Certain","Clustering, Different shape"
"c8b2e41daf9b056cc0525d8cd8ad3619","27",13,"19-25","Male","High School or Less","Yes","Prolific","b8efad9285426a191f979b32a5094198","2","t-H_n-E","H","E","linear",9,"5",0,"Uncertain","Outlier(s)"
"c8b2e41daf9b056cc0525d8cd8ad3619","15",13,"19-25","Male","High School or Less","Yes","Prolific","07f1a227ee4ee73124d6589fada210dc","2","t-M_n-E","M","E","linear",10,"14",0,"Very Uncertain","Clustering"
"c8b2e41daf9b056cc0525d8cd8ad3619","22",13,"19-25","Male","High School or Less","Yes","Prolific","17c70f64092db27a58faa6c255efd8ba","1","t-M_n-H","M","H","log",1,"1",1,"Very Uncertain","Clustering"
"c8b2e41daf9b056cc0525d8cd8ad3619","27",13,"19-25","Male","High School or Less","Yes","Prolific","b8efad9285426a191f979b32a5094198","2","t-H_n-E","H","E","linear",9,"5",0,"Certain","Outlier(s)"
"c8b2e41daf9b056cc0525d8cd8ad3619","29",13,"19-25","Male","High School or Less","Yes","Prolific","1b39b36e7a6189897f2015f191953b9d","1","t-H_n-M","H","M","linear",12,"8",0,"Neutral","Outlier(s)"
"c8b2e41daf9b056cc0525d8cd8ad3619","30",13,"19-25","Male","High School or Less","Yes","Prolific","1b39b36e7a6189897f2015f191953b9d","1","t-H_n-M","H","M","log",12,"12",1,"Uncertain","Different slope"
"c8b2e41daf9b056cc0525d8cd8ad3619","30",13,"19-25","Male","High School or Less","Yes","Prolific","1b39b36e7a6189897f2015f191953b9d","1","t-H_n-M","H","M","log",12,"10",0,"Very Uncertain","Clustering"
"c8b2e41daf9b056cc0525d8cd8ad3619","26",13,"19-25","Male","High School or Less","Yes","Prolific","ee322d63db5869407801b2c6cd54c452","1","t-H_n-E","H","E","log",1,"1",1,"Very Certain","Different shape"
"c8b2e41daf9b056cc0525d8cd8ad3619","7",13,"19-25","Male","High School or Less","Yes","Prolific","076f2d6385d635ea49402478f7e44cab","2","t-E_n-M","E","M","linear",14,"16",0,"Neutral","Clustering"
"c8b2e41daf9b056cc0525d8cd8ad3619","22",13,"19-25","Male","High School or Less","Yes","Prolific","17c70f64092db27a58faa6c255efd8ba","1","t-M_n-H","M","H","log",1,"1",1,"Certain","Different shape"
"c8b2e41daf9b056cc0525d8cd8ad3619","7",13,"19-25","Male","High School or Less","Yes","Prolific","076f2d6385d635ea49402478f7e44cab","2","t-E_n-M","E","M","linear",14,"14",1,"Neutral","Different slope"
"c8b2e41daf9b056cc0525d8cd8ad3619","28",13,"19-25","Male","High School or Less","Yes","Prolific","b8efad9285426a191f979b32a5094198","2","t-H_n-E","H","E","log",9,"9",1,"Very Certain","Different shape"
"c8b2e41daf9b056cc0525d8cd8ad3619","15",13,"19-25","Male","High School or Less","Yes","Prolific","07f1a227ee4ee73124d6589fada210dc","2","t-M_n-E","M","E","linear",10,"15",0,"Very Uncertain","Outlier(s)"
"394f6384845216ccc75fed8ddacdb359","10",10,"36-40","Female","Graduate Degree","Yes","Prolific","8105c77bcc5d38d9b4e742f1b76de5fc","1","t-E_n-H","E","H","log",15,"2",0,"Certain","Outlier(s)"
"394f6384845216ccc75fed8ddacdb359","14",10,"36-40","Female","Graduate Degree","Yes","Prolific","85c5c5a6ab4fdb3aaf06947e0b9d4483","1","t-M_n-E","M","E","log",10,"3",0,"Certain","Outlier(s)"
"394f6384845216ccc75fed8ddacdb359","8",10,"36-40","Female","Graduate Degree","Yes","Prolific","076f2d6385d635ea49402478f7e44cab","2","t-E_n-M","E","M","log",14,"5",0,"Certain","Outlier(s)"
"394f6384845216ccc75fed8ddacdb359","8",10,"36-40","Female","Graduate Degree","Yes","Prolific","076f2d6385d635ea49402478f7e44cab","2","t-E_n-M","E","M","log",14,"6",0,"Neutral","Clustering"
"394f6384845216ccc75fed8ddacdb359","10",10,"36-40","Female","Graduate Degree","Yes","Prolific","8105c77bcc5d38d9b4e742f1b76de5fc","1","t-E_n-H","E","H","log",15,"7",0,"Very Certain","Outlier(s)"
"394f6384845216ccc75fed8ddacdb359","25",10,"36-40","Female","Graduate Degree","Yes","Prolific","ee322d63db5869407801b2c6cd54c452","1","t-H_n-E","H","E","linear",1,"8",0,"Neutral","Different shape"
"394f6384845216ccc75fed8ddacdb359","5",10,"36-40","Female","Graduate Degree","Yes","Prolific","9f2d96ab9212ba1d26f176b00e6eeec0","1","t-E_n-M","E","M","linear",12,"9",0,"Certain","Different range"
"394f6384845216ccc75fed8ddacdb359","25",10,"36-40","Female","Graduate Degree","Yes","Prolific","ee322d63db5869407801b2c6cd54c452","1","t-H_n-E","H","E","linear",1,"10",0,"Certain","Clustering"
"394f6384845216ccc75fed8ddacdb359","23",10,"36-40","Female","Graduate Degree","Yes","Prolific","70eebf16937fb9e77a3b806afe9aa528","2","t-M_n-H","M","H","linear",13,"11",0,"Neutral","Different shape"
"394f6384845216ccc75fed8ddacdb359","10",10,"36-40","Female","Graduate Degree","Yes","Prolific","8105c77bcc5d38d9b4e742f1b76de5fc","1","t-E_n-H","E","H","log",15,"13",0,"Certain","Different slope"
"34780d5db6ac57ec5891f98eb30e5a4a","27",12,"19-25","Female","Graduate Degree","Yes","Prolific","b8efad9285426a191f979b32a5094198","2","t-H_n-E","H","E","linear",9,"9",1,"Certain","Different slope"
"34780d5db6ac57ec5891f98eb30e5a4a","14",12,"19-25","Female","Graduate Degree","Yes","Prolific","85c5c5a6ab4fdb3aaf06947e0b9d4483","1","t-M_n-E","M","E","log",10,"13",0,"Uncertain","Other, height"
"34780d5db6ac57ec5891f98eb30e5a4a","8",12,"19-25","Female","Graduate Degree","Yes","Prolific","076f2d6385d635ea49402478f7e44cab","2","t-E_n-M","E","M","log",14,"14",1,"Certain","Different shape"
"34780d5db6ac57ec5891f98eb30e5a4a","29",12,"19-25","Female","Graduate Degree","Yes","Prolific","1b39b36e7a6189897f2015f191953b9d","1","t-H_n-M","H","M","linear",12,"9",0,"Very Uncertain","Different range"
"34780d5db6ac57ec5891f98eb30e5a4a","7",12,"19-25","Female","Graduate Degree","Yes","Prolific","076f2d6385d635ea49402478f7e44cab","2","t-E_n-M","E","M","linear",14,"14",1,"Certain","Different slope"
"34780d5db6ac57ec5891f98eb30e5a4a","21",12,"19-25","Female","Graduate Degree","Yes","Prolific","17c70f64092db27a58faa6c255efd8ba","1","t-M_n-H","M","H","linear",1,"1",1,"Neutral","Different shape"
"34780d5db6ac57ec5891f98eb30e5a4a","11",12,"19-25","Female","Graduate Degree","Yes","Prolific","909f6bb4a0bbb8708bcc2d96c0b7052f","2","t-E_n-H","E","H","linear",17,"17",1,"Certain","Different slope"
"34780d5db6ac57ec5891f98eb30e5a4a","16",12,"19-25","Female","Graduate Degree","Yes","Prolific","07f1a227ee4ee73124d6589fada210dc","2","t-M_n-E","M","E","log",10,"19,20,5",0,"Uncertain","Clustering"
"34780d5db6ac57ec5891f98eb30e5a4a","12",12,"19-25","Female","Graduate Degree","Yes","Prolific","909f6bb4a0bbb8708bcc2d96c0b7052f","2","t-E_n-H","E","H","log",17,"20",0,"Certain","Clustering"
"34780d5db6ac57ec5891f98eb30e5a4a","16",12,"19-25","Female","Graduate Degree","Yes","Prolific","07f1a227ee4ee73124d6589fada210dc","2","t-M_n-E","M","E","log",10,"19",0,"Certain","Clustering"
"34780d5db6ac57ec5891f98eb30e5a4a","25",12,"19-25","Female","Graduate Degree","Yes","Prolific","ee322d63db5869407801b2c6cd54c452","1","t-H_n-E","H","E","linear",1,"1",1,"Certain","Different shape"
"34780d5db6ac57ec5891f98eb30e5a4a","6",12,"19-25","Female","Graduate Degree","Yes","Prolific","9f2d96ab9212ba1d26f176b00e6eeec0","1","t-E_n-M","E","M","log",12,"12",1,"Certain","Different shape, Different slope"
"60f23f0ea1342a142d9b765008220e2f","29",13,"36-40","Male","Graduate Degree","Yes","Prolific","1b39b36e7a6189897f2015f191953b9d","1","t-H_n-M","H","M","linear",12,"16",0,"Uncertain","Clustering"
"60f23f0ea1342a142d9b765008220e2f","14",13,"36-40","Male","Graduate Degree","Yes","Prolific","85c5c5a6ab4fdb3aaf06947e0b9d4483","1","t-M_n-E","M","E","log",10,"10",1,"Certain","Different slope"
"60f23f0ea1342a142d9b765008220e2f","24",13,"36-40","Male","Graduate Degree","Yes","Prolific","70eebf16937fb9e77a3b806afe9aa528","2","t-M_n-H","M","H","log",13,"2",0,"Neutral","Clustering, Outlier(s)"
"60f23f0ea1342a142d9b765008220e2f","24",13,"36-40","Male","Graduate Degree","Yes","Prolific","70eebf16937fb9e77a3b806afe9aa528","2","t-M_n-H","M","H","log",13,"9",0,"Neutral","Clustering"
"60f23f0ea1342a142d9b765008220e2f","29",13,"36-40","Male","Graduate Degree","Yes","Prolific","1b39b36e7a6189897f2015f191953b9d","1","t-H_n-M","H","M","linear",12,"16",0,"Neutral","Different slope, Outlier(s)"
"60f23f0ea1342a142d9b765008220e2f","22",13,"36-40","Male","Graduate Degree","Yes","Prolific","17c70f64092db27a58faa6c255efd8ba","1","t-M_n-H","M","H","log",1,"1",1,"Certain","Different slope"
"60f23f0ea1342a142d9b765008220e2f","21",13,"36-40","Male","Graduate Degree","Yes","Prolific","17c70f64092db27a58faa6c255efd8ba","1","t-M_n-H","M","H","linear",1,"1",1,"Neutral","Clustering"
"60f23f0ea1342a142d9b765008220e2f","11",13,"36-40","Male","Graduate Degree","Yes","Prolific","909f6bb4a0bbb8708bcc2d96c0b7052f","2","t-E_n-H","E","H","linear",17,"17",1,"Certain","Different slope"
"60f23f0ea1342a142d9b765008220e2f","7",13,"36-40","Male","Graduate Degree","Yes","Prolific","076f2d6385d635ea49402478f7e44cab","2","t-E_n-M","E","M","linear",14,"14",1,"Certain","Different slope, Outlier(s)"
"60f23f0ea1342a142d9b765008220e2f","15",13,"36-40","Male","Graduate Degree","Yes","Prolific","07f1a227ee4ee73124d6589fada210dc","2","t-M_n-E","M","E","linear",10,"14",0,"Neutral","Clustering"
"60f23f0ea1342a142d9b765008220e2f","7",13,"36-40","Male","Graduate Degree","Yes","Prolific","076f2d6385d635ea49402478f7e44cab","2","t-E_n-M","E","M","linear",14,"14",1,"Neutral","Different slope, Outlier(s)"
"60f23f0ea1342a142d9b765008220e2f","32",13,"36-40","Male","Graduate Degree","Yes","Prolific","914e02881a7432dc34831c5dff0477e0","2","t-H_n-M","H","M","log",12,"12",1,"Neutral","Different slope"
"60f23f0ea1342a142d9b765008220e2f","15",13,"36-40","Male","Graduate Degree","Yes","Prolific","07f1a227ee4ee73124d6589fada210dc","2","t-M_n-E","M","E","linear",10,"8",0,"Uncertain","Clustering"
"1fef82bfcc744b2cb41f063b4a5b56ee","15",13,"26-30","Female","Undergraduate Degree","Yes","Prolific","07f1a227ee4ee73124d6589fada210dc","2","t-M_n-E","M","E","linear",10,"15",0,"Certain","Clustering"
"1fef82bfcc744b2cb41f063b4a5b56ee","10",13,"26-30","Female","Undergraduate Degree","Yes","Prolific","8105c77bcc5d38d9b4e742f1b76de5fc","1","t-E_n-H","E","H","log",15,"15",1,"Very Certain","Different slope"
"1fef82bfcc744b2cb41f063b4a5b56ee","14",13,"26-30","Female","Undergraduate Degree","Yes","Prolific","85c5c5a6ab4fdb3aaf06947e0b9d4483","1","t-M_n-E","M","E","log",10,"10",1,"Very Certain","Different slope"
"1fef82bfcc744b2cb41f063b4a5b56ee","24",13,"26-30","Female","Undergraduate Degree","Yes","Prolific","70eebf16937fb9e77a3b806afe9aa528","2","t-M_n-H","M","H","log",13,"2",0,"Very Certain","Outlier(s)"
"1fef82bfcc744b2cb41f063b4a5b56ee","22",13,"26-30","Female","Undergraduate Degree","Yes","Prolific","17c70f64092db27a58faa6c255efd8ba","1","t-M_n-H","M","H","log",1,"10",0,"Very Certain","Clustering"
"1fef82bfcc744b2cb41f063b4a5b56ee","7",13,"26-30","Female","Undergraduate Degree","Yes","Prolific","076f2d6385d635ea49402478f7e44cab","2","t-E_n-M","E","M","linear",14,"14",1,"Very Certain","Outlier(s)"
"1fef82bfcc744b2cb41f063b4a5b56ee","30",13,"26-30","Female","Undergraduate Degree","Yes","Prolific","1b39b36e7a6189897f2015f191953b9d","1","t-H_n-M","H","M","log",12,"10",0,"Certain","Clustering"
"1fef82bfcc744b2cb41f063b4a5b56ee","13",13,"26-30","Female","Undergraduate Degree","Yes","Prolific","85c5c5a6ab4fdb3aaf06947e0b9d4483","1","t-M_n-E","M","E","linear",10,"13",0,"Certain","Different range"
"1fef82bfcc744b2cb41f063b4a5b56ee","9",13,"26-30","Female","Undergraduate Degree","Yes","Prolific","8105c77bcc5d38d9b4e742f1b76de5fc","1","t-E_n-H","E","H","linear",15,"15",1,"Certain","Clustering"
"1fef82bfcc744b2cb41f063b4a5b56ee","29",13,"26-30","Female","Undergraduate Degree","Yes","Prolific","1b39b36e7a6189897f2015f191953b9d","1","t-H_n-M","H","M","linear",12,"8",0,"Very Certain","Outlier(s)"
"1fef82bfcc744b2cb41f063b4a5b56ee","21",13,"26-30","Female","Undergraduate Degree","Yes","Prolific","17c70f64092db27a58faa6c255efd8ba","1","t-M_n-H","M","H","linear",1,"1",1,"Certain","Different range"
"1fef82bfcc744b2cb41f063b4a5b56ee","11",13,"26-30","Female","Undergraduate Degree","Yes","Prolific","909f6bb4a0bbb8708bcc2d96c0b7052f","2","t-E_n-H","E","H","linear",17,"17",1,"Very Certain","Outlier(s)"
"1fef82bfcc744b2cb41f063b4a5b56ee","6",13,"26-30","Female","Undergraduate Degree","Yes","Prolific","9f2d96ab9212ba1d26f176b00e6eeec0","1","t-E_n-M","E","M","log",12,"12",1,"Very Certain","Different slope"
"ea60017f95ad124edbf3af02f2e5fda5","22",12,"19-25","Female","Graduate Degree","Yes","Prolific","17c70f64092db27a58faa6c255efd8ba","1","t-M_n-H","M","H","log",1,"1",1,"Very Certain","Clustering"
"ea60017f95ad124edbf3af02f2e5fda5","14",12,"19-25","Female","Graduate Degree","Yes","Prolific","85c5c5a6ab4fdb3aaf06947e0b9d4483","1","t-M_n-E","M","E","log",10,"19",0,"Certain","Different slope"
"ea60017f95ad124edbf3af02f2e5fda5","14",12,"19-25","Female","Graduate Degree","Yes","Prolific","85c5c5a6ab4fdb3aaf06947e0b9d4483","1","t-M_n-E","M","E","log",10,"10",1,"Certain","Different slope"
"ea60017f95ad124edbf3af02f2e5fda5","8",12,"19-25","Female","Graduate Degree","Yes","Prolific","076f2d6385d635ea49402478f7e44cab","2","t-E_n-M","E","M","log",14,"14",1,"Very Certain","Clustering, Different slope"
"ea60017f95ad124edbf3af02f2e5fda5","7",12,"19-25","Female","Graduate Degree","Yes","Prolific","076f2d6385d635ea49402478f7e44cab","2","t-E_n-M","E","M","linear",14,"14",1,"Very Certain","Different shape, Different slope"
"ea60017f95ad124edbf3af02f2e5fda5","21",12,"19-25","Female","Graduate Degree","Yes","Prolific","17c70f64092db27a58faa6c255efd8ba","1","t-M_n-H","M","H","linear",1,"1",1,"Neutral","Clustering, Different slope"
"ea60017f95ad124edbf3af02f2e5fda5","11",12,"19-25","Female","Graduate Degree","Yes","Prolific","909f6bb4a0bbb8708bcc2d96c0b7052f","2","t-E_n-H","E","H","linear",17,"17",1,"Very Certain","Different slope"
"ea60017f95ad124edbf3af02f2e5fda5","16",12,"19-25","Female","Graduate Degree","Yes","Prolific","07f1a227ee4ee73124d6589fada210dc","2","t-M_n-E","M","E","log",10,"14",0,"Uncertain","Different shape"
"ea60017f95ad124edbf3af02f2e5fda5","22",12,"19-25","Female","Graduate Degree","Yes","Prolific","17c70f64092db27a58faa6c255efd8ba","1","t-M_n-H","M","H","log",1,"1",1,"Very Certain","Clustering, Different shape, Different slope"
"ea60017f95ad124edbf3af02f2e5fda5","7",12,"19-25","Female","Graduate Degree","Yes","Prolific","076f2d6385d635ea49402478f7e44cab","2","t-E_n-M","E","M","linear",14,"14",1,"Very Certain","Different slope"
"ea60017f95ad124edbf3af02f2e5fda5","28",12,"19-25","Female","Graduate Degree","Yes","Prolific","b8efad9285426a191f979b32a5094198","2","t-H_n-E","H","E","log",9,"9",1,"Very Certain","Different slope"
"ea60017f95ad124edbf3af02f2e5fda5","15",12,"19-25","Female","Graduate Degree","Yes","Prolific","07f1a227ee4ee73124d6589fada210dc","2","t-M_n-E","M","E","linear",10,"18",0,"Uncertain","Different range"
"13c5754f63c2a39d037abfa95eba292d","7",11,"19-25","Female","Some Undergraduate Courses","No","Prolific","076f2d6385d635ea49402478f7e44cab","2","t-E_n-M","E","M","linear",14,"5",0,"Uncertain","Clustering"
"13c5754f63c2a39d037abfa95eba292d","11",11,"19-25","Female","Some Undergraduate Courses","No","Prolific","909f6bb4a0bbb8708bcc2d96c0b7052f","2","t-E_n-H","E","H","linear",17,"7,17",1,"Very Certain","Different slope"
"13c5754f63c2a39d037abfa95eba292d","22",11,"19-25","Female","Some Undergraduate Courses","No","Prolific","17c70f64092db27a58faa6c255efd8ba","1","t-M_n-H","M","H","log",1,"10",0,"Neutral","Clustering"
"13c5754f63c2a39d037abfa95eba292d","5",11,"19-25","Female","Some Undergraduate Courses","No","Prolific","9f2d96ab9212ba1d26f176b00e6eeec0","1","t-E_n-M","E","M","linear",12,"19",0,"Certain","Clustering"
"13c5754f63c2a39d037abfa95eba292d","26",11,"19-25","Female","Some Undergraduate Courses","No","Prolific","ee322d63db5869407801b2c6cd54c452","1","t-H_n-E","H","E","log",1,"1",1,"Very Certain","Different slope"
"13c5754f63c2a39d037abfa95eba292d","23",11,"19-25","Female","Some Undergraduate Courses","No","Prolific","70eebf16937fb9e77a3b806afe9aa528","2","t-M_n-H","M","H","linear",13,"12",0,"Neutral","Clustering"
"13c5754f63c2a39d037abfa95eba292d","30",11,"19-25","Female","Some Undergraduate Courses","No","Prolific","1b39b36e7a6189897f2015f191953b9d","1","t-H_n-M","H","M","log",12,"12",1,"Certain","Different slope"
"13c5754f63c2a39d037abfa95eba292d","6",11,"19-25","Female","Some Undergraduate Courses","No","Prolific","9f2d96ab9212ba1d26f176b00e6eeec0","1","t-E_n-M","E","M","log",12,"12",1,"Certain","Different slope"
"13c5754f63c2a39d037abfa95eba292d","30",11,"19-25","Female","Some Undergraduate Courses","No","Prolific","1b39b36e7a6189897f2015f191953b9d","1","t-H_n-M","H","M","log",12,"12",1,"Very Certain","Different slope"
"13c5754f63c2a39d037abfa95eba292d","21",11,"19-25","Female","Some Undergraduate Courses","No","Prolific","17c70f64092db27a58faa6c255efd8ba","1","t-M_n-H","M","H","linear",1,"17",0,"Neutral","Clustering"
"13c5754f63c2a39d037abfa95eba292d","30",11,"19-25","Female","Some Undergraduate Courses","No","Prolific","1b39b36e7a6189897f2015f191953b9d","1","t-H_n-M","H","M","log",12,"12",1,"Certain","Different slope"
"50dee673cc261e2b97bae5e20c11c79d","31",11,"19-25","Female","Graduate Degree","Yes","Prolific","914e02881a7432dc34831c5dff0477e0","2","t-H_n-M","H","M","linear",12,"19",0,"Uncertain","Clustering"
"50dee673cc261e2b97bae5e20c11c79d","28",11,"19-25","Female","Graduate Degree","Yes","Prolific","b8efad9285426a191f979b32a5094198","2","t-H_n-E","H","E","log",9,"9",1,"Certain","Different shape"
"50dee673cc261e2b97bae5e20c11c79d","24",11,"19-25","Female","Graduate Degree","Yes","Prolific","70eebf16937fb9e77a3b806afe9aa528","2","t-M_n-H","M","H","log",13,"13",1,"Uncertain","Different slope"
"50dee673cc261e2b97bae5e20c11c79d","8",11,"19-25","Female","Graduate Degree","Yes","Prolific","076f2d6385d635ea49402478f7e44cab","2","t-E_n-M","E","M","log",14,"14",1,"Certain","Different range"
"50dee673cc261e2b97bae5e20c11c79d","5",11,"19-25","Female","Graduate Degree","Yes","Prolific","9f2d96ab9212ba1d26f176b00e6eeec0","1","t-E_n-M","E","M","linear",12,"10",0,"Certain","Clustering"
"50dee673cc261e2b97bae5e20c11c79d","30",11,"19-25","Female","Graduate Degree","Yes","Prolific","1b39b36e7a6189897f2015f191953b9d","1","t-H_n-M","H","M","log",12,"9",0,"Uncertain","Clustering"
"50dee673cc261e2b97bae5e20c11c79d","26",11,"19-25","Female","Graduate Degree","Yes","Prolific","ee322d63db5869407801b2c6cd54c452","1","t-H_n-E","H","E","log",1,"17,6",0,"Certain","Different range"
"50dee673cc261e2b97bae5e20c11c79d","16",11,"19-25","Female","Graduate Degree","Yes","Prolific","07f1a227ee4ee73124d6589fada210dc","2","t-M_n-E","M","E","log",10,"13",0,"Uncertain","Clustering"
"50dee673cc261e2b97bae5e20c11c79d","15",11,"19-25","Female","Graduate Degree","Yes","Prolific","07f1a227ee4ee73124d6589fada210dc","2","t-M_n-E","M","E","linear",10,"15",0,"Certain","Different range"
"50dee673cc261e2b97bae5e20c11c79d","28",11,"19-25","Female","Graduate Degree","Yes","Prolific","b8efad9285426a191f979b32a5094198","2","t-H_n-E","H","E","log",9,"9",1,"Very Certain","Different shape"
"50dee673cc261e2b97bae5e20c11c79d","11",11,"19-25","Female","Graduate Degree","Yes","Prolific","909f6bb4a0bbb8708bcc2d96c0b7052f","2","t-E_n-H","E","H","linear",17,"17",1,"Certain","Different range"
"0c1e2aeecf1346c07426c819ad52e80a","31",11,"19-25","Male","Some Graduate Courses","Yes","Prolific","914e02881a7432dc34831c5dff0477e0","2","t-H_n-M","H","M","linear",12,"8",0,"Certain","Different slope"
"0c1e2aeecf1346c07426c819ad52e80a","10",11,"19-25","Male","Some Graduate Courses","Yes","Prolific","8105c77bcc5d38d9b4e742f1b76de5fc","1","t-E_n-H","E","H","log",15,"15",1,"Very Certain","Different slope"
"0c1e2aeecf1346c07426c819ad52e80a","8",11,"19-25","Male","Some Graduate Courses","Yes","Prolific","076f2d6385d635ea49402478f7e44cab","2","t-E_n-M","E","M","log",14,"14",1,"Certain","Different slope"
"0c1e2aeecf1346c07426c819ad52e80a","29",11,"19-25","Male","Some Graduate Courses","Yes","Prolific","1b39b36e7a6189897f2015f191953b9d","1","t-H_n-M","H","M","linear",12,"12",1,"Certain","Different slope"
"0c1e2aeecf1346c07426c819ad52e80a","30",11,"19-25","Male","Some Graduate Courses","Yes","Prolific","1b39b36e7a6189897f2015f191953b9d","1","t-H_n-M","H","M","log",12,"1",0,"Neutral","Clustering"
"0c1e2aeecf1346c07426c819ad52e80a","30",11,"19-25","Male","Some Graduate Courses","Yes","Prolific","1b39b36e7a6189897f2015f191953b9d","1","t-H_n-M","H","M","log",12,"12",1,"Neutral","Different slope"
"0c1e2aeecf1346c07426c819ad52e80a","10",11,"19-25","Male","Some Graduate Courses","Yes","Prolific","8105c77bcc5d38d9b4e742f1b76de5fc","1","t-E_n-H","E","H","log",15,"15",1,"Certain","Different slope"
"0c1e2aeecf1346c07426c819ad52e80a","15",11,"19-25","Male","Some Graduate Courses","Yes","Prolific","07f1a227ee4ee73124d6589fada210dc","2","t-M_n-E","M","E","linear",10,"2",0,"Neutral","Clustering"
"0c1e2aeecf1346c07426c819ad52e80a","8",11,"19-25","Male","Some Graduate Courses","Yes","Prolific","076f2d6385d635ea49402478f7e44cab","2","t-E_n-M","E","M","log",14,"14",1,"Certain","Different slope"
"0c1e2aeecf1346c07426c819ad52e80a","10",11,"19-25","Male","Some Graduate Courses","Yes","Prolific","8105c77bcc5d38d9b4e742f1b76de5fc","1","t-E_n-H","E","H","log",15,"15",1,"Certain","Different slope"
"0c1e2aeecf1346c07426c819ad52e80a","25",11,"19-25","Male","Some Graduate Courses","Yes","Prolific","ee322d63db5869407801b2c6cd54c452","1","t-H_n-E","H","E","linear",1,"1",1,"Certain","Different shape"
"dc27c22ba016701d6dac2a4385b18e30","31",13,"19-25","Male","High School or Less","Yes","Prolific","914e02881a7432dc34831c5dff0477e0","2","t-H_n-M","H","M","linear",12,"8",0,"Certain","Different range"
"dc27c22ba016701d6dac2a4385b18e30","14",13,"19-25","Male","High School or Less","Yes","Prolific","85c5c5a6ab4fdb3aaf06947e0b9d4483","1","t-M_n-E","M","E","log",10,"10",1,"Certain","Different shape, Different slope"
"dc27c22ba016701d6dac2a4385b18e30","24",13,"19-25","Male","High School or Less","Yes","Prolific","70eebf16937fb9e77a3b806afe9aa528","2","t-M_n-H","M","H","log",13,"13",1,"Certain","Different shape"
"dc27c22ba016701d6dac2a4385b18e30","24",13,"19-25","Male","High School or Less","Yes","Prolific","70eebf16937fb9e77a3b806afe9aa528","2","t-M_n-H","M","H","log",13,"13",1,"Neutral","Different shape"
"dc27c22ba016701d6dac2a4385b18e30","29",13,"19-25","Male","High School or Less","Yes","Prolific","1b39b36e7a6189897f2015f191953b9d","1","t-H_n-M","H","M","linear",12,"12",1,"Very Certain","Different shape"
"dc27c22ba016701d6dac2a4385b18e30","30",13,"19-25","Male","High School or Less","Yes","Prolific","1b39b36e7a6189897f2015f191953b9d","1","t-H_n-M","H","M","log",12,"12",1,"Certain","Clustering, Different shape"
"dc27c22ba016701d6dac2a4385b18e30","30",13,"19-25","Male","High School or Less","Yes","Prolific","1b39b36e7a6189897f2015f191953b9d","1","t-H_n-M","H","M","log",12,"12",1,"Certain","Different shape, Different slope"
"dc27c22ba016701d6dac2a4385b18e30","10",13,"19-25","Male","High School or Less","Yes","Prolific","8105c77bcc5d38d9b4e742f1b76de5fc","1","t-E_n-H","E","H","log",15,"15",1,"Very Certain","Clustering, Different range, Different shape"
"dc27c22ba016701d6dac2a4385b18e30","30",13,"19-25","Male","High School or Less","Yes","Prolific","1b39b36e7a6189897f2015f191953b9d","1","t-H_n-M","H","M","log",12,"12",1,"Certain","Different shape"
"dc27c22ba016701d6dac2a4385b18e30","8",13,"19-25","Male","High School or Less","Yes","Prolific","076f2d6385d635ea49402478f7e44cab","2","t-E_n-M","E","M","log",14,"14",1,"Very Certain","Different shape"
"dc27c22ba016701d6dac2a4385b18e30","10",13,"19-25","Male","High School or Less","Yes","Prolific","8105c77bcc5d38d9b4e742f1b76de5fc","1","t-E_n-H","E","H","log",15,"15",1,"Very Certain","Clustering, Different shape, Different slope"
"dc27c22ba016701d6dac2a4385b18e30","25",13,"19-25","Male","High School or Less","Yes","Prolific","ee322d63db5869407801b2c6cd54c452","1","t-H_n-E","H","E","linear",1,"12",0,"Certain","Clustering, Different range"
"dc27c22ba016701d6dac2a4385b18e30","9",13,"19-25","Male","High School or Less","Yes","Prolific","8105c77bcc5d38d9b4e742f1b76de5fc","1","t-E_n-H","E","H","linear",15,"15",1,"Very Certain","Clustering, Different range, Different shape"
"b032842613b69b98a218ab933816100b","7",12,"26-30","Male","Undergraduate Degree","Yes","Prolific","076f2d6385d635ea49402478f7e44cab","2","t-E_n-M","E","M","linear",14,"14",1,"Very Certain","Different shape, Different slope, Outlier(s)"
"b032842613b69b98a218ab933816100b","29",12,"26-30","Male","Undergraduate Degree","Yes","Prolific","1b39b36e7a6189897f2015f191953b9d","1","t-H_n-M","H","M","linear",12,"8",0,"Neutral","Clustering, Different shape, Different slope, Outlier(s)"
"b032842613b69b98a218ab933816100b","9",12,"26-30","Male","Undergraduate Degree","Yes","Prolific","8105c77bcc5d38d9b4e742f1b76de5fc","1","t-E_n-H","E","H","linear",15,"15",1,"Certain","Clustering, Different range, Different shape, Different slope, Outlier(s)"
"b032842613b69b98a218ab933816100b","27",12,"26-30","Male","Undergraduate Degree","Yes","Prolific","b8efad9285426a191f979b32a5094198","2","t-H_n-E","H","E","linear",9,"9",1,"Certain","Different slope"
"b032842613b69b98a218ab933816100b","8",12,"26-30","Male","Undergraduate Degree","Yes","Prolific","076f2d6385d635ea49402478f7e44cab","2","t-E_n-M","E","M","log",14,"14",1,"Very Certain","Different shape, Different slope"
"b032842613b69b98a218ab933816100b","23",12,"26-30","Male","Undergraduate Degree","Yes","Prolific","70eebf16937fb9e77a3b806afe9aa528","2","t-M_n-H","M","H","linear",13,"8",0,"Uncertain","Outlier(s)"
"b032842613b69b98a218ab933816100b","7",12,"26-30","Male","Undergraduate Degree","Yes","Prolific","076f2d6385d635ea49402478f7e44cab","2","t-E_n-M","E","M","linear",14,"14",1,"Very Certain","Different shape, Different slope, Outlier(s)"
"b032842613b69b98a218ab933816100b","22",12,"26-30","Male","Undergraduate Degree","Yes","Prolific","17c70f64092db27a58faa6c255efd8ba","1","t-M_n-H","M","H","log",1,"10",0,"Neutral","Clustering, Outlier(s)"
"b032842613b69b98a218ab933816100b","5",12,"26-30","Male","Undergraduate Degree","Yes","Prolific","9f2d96ab9212ba1d26f176b00e6eeec0","1","t-E_n-M","E","M","linear",12,"12",1,"Neutral","Clustering, Different shape"
"b032842613b69b98a218ab933816100b","25",12,"26-30","Male","Undergraduate Degree","Yes","Prolific","ee322d63db5869407801b2c6cd54c452","1","t-H_n-E","H","E","linear",1,"9",0,"Certain","Clustering, Different shape, Outlier(s)"
"b032842613b69b98a218ab933816100b","23",12,"26-30","Male","Undergraduate Degree","Yes","Prolific","70eebf16937fb9e77a3b806afe9aa528","2","t-M_n-H","M","H","linear",13,"13",1,"Certain","Different shape, Outlier(s)"
"b032842613b69b98a218ab933816100b","10",12,"26-30","Male","Undergraduate Degree","Yes","Prolific","8105c77bcc5d38d9b4e742f1b76de5fc","1","t-E_n-H","E","H","log",15,"15",1,"Very Certain","Different shape, Different slope, Outlier(s)"
"49226504fe1e3f87b809f251830b8acb","25",13,"26-30","Female","Undergraduate Degree","Yes","Prolific","ee322d63db5869407801b2c6cd54c452","1","t-H_n-E","H","E","linear",1,"1",1,"Certain","Different shape"
"49226504fe1e3f87b809f251830b8acb","29",13,"26-30","Female","Undergraduate Degree","Yes","Prolific","1b39b36e7a6189897f2015f191953b9d","1","t-H_n-M","H","M","linear",12,"12",1,"Certain","Different slope"
"49226504fe1e3f87b809f251830b8acb","14",13,"26-30","Female","Undergraduate Degree","Yes","Prolific","85c5c5a6ab4fdb3aaf06947e0b9d4483","1","t-M_n-E","M","E","log",10,"10",1,"Neutral","Different shape"
"49226504fe1e3f87b809f251830b8acb","27",13,"26-30","Female","Undergraduate Degree","Yes","Prolific","b8efad9285426a191f979b32a5094198","2","t-H_n-E","H","E","linear",9,"9",1,"Neutral","Different shape"
"49226504fe1e3f87b809f251830b8acb","26",13,"26-30","Female","Undergraduate Degree","Yes","Prolific","ee322d63db5869407801b2c6cd54c452","1","t-H_n-E","H","E","log",1,"1",1,"Certain","Different slope"
"49226504fe1e3f87b809f251830b8acb","8",13,"26-30","Female","Undergraduate Degree","Yes","Prolific","076f2d6385d635ea49402478f7e44cab","2","t-E_n-M","E","M","log",14,"14",1,"Certain","Clustering, Different shape, Different slope"
"49226504fe1e3f87b809f251830b8acb","30",13,"26-30","Female","Undergraduate Degree","Yes","Prolific","1b39b36e7a6189897f2015f191953b9d","1","t-H_n-M","H","M","log",12,"10",0,"Certain","Clustering, Different shape"
"49226504fe1e3f87b809f251830b8acb","6",13,"26-30","Female","Undergraduate Degree","Yes","Prolific","9f2d96ab9212ba1d26f176b00e6eeec0","1","t-E_n-M","E","M","log",12,"12",1,"Certain","Different shape"
"49226504fe1e3f87b809f251830b8acb","6",13,"26-30","Female","Undergraduate Degree","Yes","Prolific","9f2d96ab9212ba1d26f176b00e6eeec0","1","t-E_n-M","E","M","log",12,"12",1,"Neutral","Different shape"
"49226504fe1e3f87b809f251830b8acb","5",13,"26-30","Female","Undergraduate Degree","Yes","Prolific","9f2d96ab9212ba1d26f176b00e6eeec0","1","t-E_n-M","E","M","linear",12,"11",0,"Neutral","Clustering"
"49226504fe1e3f87b809f251830b8acb","11",13,"26-30","Female","Undergraduate Degree","Yes","Prolific","909f6bb4a0bbb8708bcc2d96c0b7052f","2","t-E_n-H","E","H","linear",17,"17",1,"Certain","Clustering, Different shape, Different slope, Outlier(s)"
"49226504fe1e3f87b809f251830b8acb","13",13,"26-30","Female","Undergraduate Degree","Yes","Prolific","85c5c5a6ab4fdb3aaf06947e0b9d4483","1","t-M_n-E","M","E","linear",10,"4",0,"Uncertain","Clustering, Different shape, Different slope"
"49226504fe1e3f87b809f251830b8acb","6",13,"26-30","Female","Undergraduate Degree","Yes","Prolific","9f2d96ab9212ba1d26f176b00e6eeec0","1","t-E_n-M","E","M","log",12,"12",1,"Neutral","Different shape, Different slope"
"34546016c947f2c0f380a4abb83701c8","7",13,"19-25","Male","Undergraduate Degree","Yes","Prolific","076f2d6385d635ea49402478f7e44cab","2","t-E_n-M","E","M","linear",14,"5,14,16",1,"Certain","Different range, Outlier(s)"
"34546016c947f2c0f380a4abb83701c8","25",13,"19-25","Male","Undergraduate Degree","Yes","Prolific","ee322d63db5869407801b2c6cd54c452","1","t-H_n-E","H","E","linear",1,"1,13,15,7,9,10",1,"Certain","Different range, Different shape, Different slope, Outlier(s)"
"34546016c947f2c0f380a4abb83701c8","11",13,"19-25","Male","Undergraduate Degree","Yes","Prolific","909f6bb4a0bbb8708bcc2d96c0b7052f","2","t-E_n-H","E","H","linear",17,"17",1,"Very Certain","Different range, Different shape, Outlier(s)"
"34546016c947f2c0f380a4abb83701c8","27",13,"19-25","Male","Undergraduate Degree","Yes","Prolific","b8efad9285426a191f979b32a5094198","2","t-H_n-E","H","E","linear",9,"5",0,"Very Certain","Outlier(s)"
"34546016c947f2c0f380a4abb83701c8","26",13,"19-25","Male","Undergraduate Degree","Yes","Prolific","ee322d63db5869407801b2c6cd54c452","1","t-H_n-E","H","E","log",1,"1",1,"Very Certain","Different shape"
"34546016c947f2c0f380a4abb83701c8","8",13,"19-25","Male","Undergraduate Degree","Yes","Prolific","076f2d6385d635ea49402478f7e44cab","2","t-E_n-M","E","M","log",14,"14",1,"Very Certain","Different shape"
"34546016c947f2c0f380a4abb83701c8","30",13,"19-25","Male","Undergraduate Degree","Yes","Prolific","1b39b36e7a6189897f2015f191953b9d","1","t-H_n-M","H","M","log",12,"12",1,"Very Certain","Different shape"
"34546016c947f2c0f380a4abb83701c8","6",13,"19-25","Male","Undergraduate Degree","Yes","Prolific","9f2d96ab9212ba1d26f176b00e6eeec0","1","t-E_n-M","E","M","log",12,"12",1,"Certain","Different shape"
"34546016c947f2c0f380a4abb83701c8","6",13,"19-25","Male","Undergraduate Degree","Yes","Prolific","9f2d96ab9212ba1d26f176b00e6eeec0","1","t-E_n-M","E","M","log",12,"12",1,"Very Certain","Different shape"
"34546016c947f2c0f380a4abb83701c8","26",13,"19-25","Male","Undergraduate Degree","Yes","Prolific","ee322d63db5869407801b2c6cd54c452","1","t-H_n-E","H","E","log",1,"1",1,"Very Certain","Different shape"
"34546016c947f2c0f380a4abb83701c8","8",13,"19-25","Male","Undergraduate Degree","Yes","Prolific","076f2d6385d635ea49402478f7e44cab","2","t-E_n-M","E","M","log",14,"14",1,"Very Certain","Different shape"
"34546016c947f2c0f380a4abb83701c8","26",13,"19-25","Male","Undergraduate Degree","Yes","Prolific","ee322d63db5869407801b2c6cd54c452","1","t-H_n-E","H","E","log",1,"1",1,"Very Certain","Different shape"
"34546016c947f2c0f380a4abb83701c8","25",13,"19-25","Male","Undergraduate Degree","Yes","Prolific","ee322d63db5869407801b2c6cd54c452","1","t-H_n-E","H","E","linear",1,"1",1,"Certain","Different shape"
"b665bcd05048e101476a631f84ea24da","25",11,"36-40","Male","Undergraduate Degree","Yes","Prolific","ee322d63db5869407801b2c6cd54c452","1","t-H_n-E","H","E","linear",1,"17",0,"Certain","Clustering"
"b665bcd05048e101476a631f84ea24da","29",11,"36-40","Male","Undergraduate Degree","Yes","Prolific","1b39b36e7a6189897f2015f191953b9d","1","t-H_n-M","H","M","linear",12,"15",0,"Certain","Outlier(s)"
"b665bcd05048e101476a631f84ea24da","22",11,"36-40","Male","Undergraduate Degree","Yes","Prolific","17c70f64092db27a58faa6c255efd8ba","1","t-M_n-H","M","H","log",1,"1",1,"Certain","Clustering"
"b665bcd05048e101476a631f84ea24da","7",11,"36-40","Male","Undergraduate Degree","Yes","Prolific","076f2d6385d635ea49402478f7e44cab","2","t-E_n-M","E","M","linear",14,"13",0,"Certain","Different slope"
"b665bcd05048e101476a631f84ea24da","8",11,"36-40","Male","Undergraduate Degree","Yes","Prolific","076f2d6385d635ea49402478f7e44cab","2","t-E_n-M","E","M","log",14,"13",0,"Neutral","Different slope"
"b665bcd05048e101476a631f84ea24da","13",11,"36-40","Male","Undergraduate Degree","Yes","Prolific","85c5c5a6ab4fdb3aaf06947e0b9d4483","1","t-M_n-E","M","E","linear",10,"7",0,"Uncertain","Clustering"
"b665bcd05048e101476a631f84ea24da","9",11,"36-40","Male","Undergraduate Degree","Yes","Prolific","8105c77bcc5d38d9b4e742f1b76de5fc","1","t-E_n-H","E","H","linear",15,"15",1,"Neutral","Outlier(s)"
"b665bcd05048e101476a631f84ea24da","31",11,"36-40","Male","Undergraduate Degree","Yes","Prolific","914e02881a7432dc34831c5dff0477e0","2","t-H_n-M","H","M","linear",12,"3",0,"Certain","Outlier(s)"
"b665bcd05048e101476a631f84ea24da","16",11,"36-40","Male","Undergraduate Degree","Yes","Prolific","07f1a227ee4ee73124d6589fada210dc","2","t-M_n-E","M","E","log",10,"4,9",0,"Neutral","Outlier(s)"
"b665bcd05048e101476a631f84ea24da","32",11,"36-40","Male","Undergraduate Degree","Yes","Prolific","914e02881a7432dc34831c5dff0477e0","2","t-H_n-M","H","M","log",12,"3",0,"Uncertain","Outlier(s)"
"b665bcd05048e101476a631f84ea24da","21",11,"36-40","Male","Undergraduate Degree","Yes","Prolific","17c70f64092db27a58faa6c255efd8ba","1","t-M_n-H","M","H","linear",1,"1",1,"Neutral","Outlier(s)"
"c9fe675e97562e68e528e6fd5557b7dd","25",13,"19-25","Male","Undergraduate Degree","Yes","Prolific","ee322d63db5869407801b2c6cd54c452","1","t-H_n-E","H","E","linear",1,"1",1,"Certain","Clustering"
"c9fe675e97562e68e528e6fd5557b7dd","11",13,"19-25","Male","Undergraduate Degree","Yes","Prolific","909f6bb4a0bbb8708bcc2d96c0b7052f","2","t-E_n-H","E","H","linear",17,"18",0,"Certain","Different slope"
"c9fe675e97562e68e528e6fd5557b7dd","14",13,"19-25","Male","Undergraduate Degree","Yes","Prolific","85c5c5a6ab4fdb3aaf06947e0b9d4483","1","t-M_n-E","M","E","log",10,"10",1,"Neutral","Different range, Different slope"
"c9fe675e97562e68e528e6fd5557b7dd","8",13,"19-25","Male","Undergraduate Degree","Yes","Prolific","076f2d6385d635ea49402478f7e44cab","2","t-E_n-M","E","M","log",14,"14",1,"Neutral","Outlier(s)"
"c9fe675e97562e68e528e6fd5557b7dd","29",13,"19-25","Male","Undergraduate Degree","Yes","Prolific","1b39b36e7a6189897f2015f191953b9d","1","t-H_n-M","H","M","linear",12,"20",0,"Certain","Clustering"
"c9fe675e97562e68e528e6fd5557b7dd","5",13,"19-25","Male","Undergraduate Degree","Yes","Prolific","9f2d96ab9212ba1d26f176b00e6eeec0","1","t-E_n-M","E","M","linear",12,"14",0,"Certain","Outlier(s)"
"c9fe675e97562e68e528e6fd5557b7dd","30",13,"19-25","Male","Undergraduate Degree","Yes","Prolific","1b39b36e7a6189897f2015f191953b9d","1","t-H_n-M","H","M","log",12,"18",0,"Very Certain","Clustering"
"c9fe675e97562e68e528e6fd5557b7dd","15",13,"19-25","Male","Undergraduate Degree","Yes","Prolific","07f1a227ee4ee73124d6589fada210dc","2","t-M_n-E","M","E","linear",10,"15",0,"Neutral","Outlier(s)"
"c9fe675e97562e68e528e6fd5557b7dd","15",13,"19-25","Male","Undergraduate Degree","Yes","Prolific","07f1a227ee4ee73124d6589fada210dc","2","t-M_n-E","M","E","linear",10,"10",1,"Certain","Different slope"
"c9fe675e97562e68e528e6fd5557b7dd","8",13,"19-25","Male","Undergraduate Degree","Yes","Prolific","076f2d6385d635ea49402478f7e44cab","2","t-E_n-M","E","M","log",14,"14",1,"Neutral","Different shape"
"c9fe675e97562e68e528e6fd5557b7dd","10",13,"19-25","Male","Undergraduate Degree","Yes","Prolific","8105c77bcc5d38d9b4e742f1b76de5fc","1","t-E_n-H","E","H","log",15,"15",1,"Very Certain","Different shape"
"c9fe675e97562e68e528e6fd5557b7dd","25",13,"19-25","Male","Undergraduate Degree","Yes","Prolific","ee322d63db5869407801b2c6cd54c452","1","t-H_n-E","H","E","linear",1,"10",0,"Certain","Clustering"
"c9fe675e97562e68e528e6fd5557b7dd","9",13,"19-25","Male","Undergraduate Degree","Yes","Prolific","8105c77bcc5d38d9b4e742f1b76de5fc","1","t-E_n-H","E","H","linear",15,"15",1,"Neutral","Outlier(s)"
"f6562d0c644d90bc1d7d8dd24730cd4d","6",12,"26-30","Male","High School or Less","Yes","Prolific","9f2d96ab9212ba1d26f176b00e6eeec0","1","t-E_n-M","E","M","log",12,"12",1,"Very Uncertain","Clustering"
"f6562d0c644d90bc1d7d8dd24730cd4d","10",12,"26-30","Male","High School or Less","Yes","Prolific","8105c77bcc5d38d9b4e742f1b76de5fc","1","t-E_n-H","E","H","log",15,"15,1",1,"Certain","Clustering"
"f6562d0c644d90bc1d7d8dd24730cd4d","6",12,"26-30","Male","High School or Less","Yes","Prolific","9f2d96ab9212ba1d26f176b00e6eeec0","1","t-E_n-M","E","M","log",12,"11",0,"Certain","Clustering"
"f6562d0c644d90bc1d7d8dd24730cd4d","26",12,"26-30","Male","High School or Less","Yes","Prolific","ee322d63db5869407801b2c6cd54c452","1","t-H_n-E","H","E","log",1,"1",1,"Very Certain","Different slope"
"f6562d0c644d90bc1d7d8dd24730cd4d","15",12,"26-30","Male","High School or Less","Yes","Prolific","07f1a227ee4ee73124d6589fada210dc","2","t-M_n-E","M","E","linear",10,"20",0,"Uncertain","Outlier(s)"
"f6562d0c644d90bc1d7d8dd24730cd4d","30",12,"26-30","Male","High School or Less","Yes","Prolific","1b39b36e7a6189897f2015f191953b9d","1","t-H_n-M","H","M","log",12,"16",0,"Very Uncertain","Clustering"
"f6562d0c644d90bc1d7d8dd24730cd4d","21",12,"26-30","Male","High School or Less","Yes","Prolific","17c70f64092db27a58faa6c255efd8ba","1","t-M_n-H","M","H","linear",1,"1",1,"Neutral","Different range"
"f6562d0c644d90bc1d7d8dd24730cd4d","9",12,"26-30","Male","High School or Less","Yes","Prolific","8105c77bcc5d38d9b4e742f1b76de5fc","1","t-E_n-H","E","H","linear",15,"15",1,"Certain","Outlier(s)"
"f6562d0c644d90bc1d7d8dd24730cd4d","6",12,"26-30","Male","High School or Less","Yes","Prolific","9f2d96ab9212ba1d26f176b00e6eeec0","1","t-E_n-M","E","M","log",12,"12",1,"Very Uncertain","Different shape"
"f6562d0c644d90bc1d7d8dd24730cd4d","30",12,"26-30","Male","High School or Less","Yes","Prolific","1b39b36e7a6189897f2015f191953b9d","1","t-H_n-M","H","M","log",12,"16",0,"Uncertain","Clustering"
"f6562d0c644d90bc1d7d8dd24730cd4d","7",12,"26-30","Male","High School or Less","Yes","Prolific","076f2d6385d635ea49402478f7e44cab","2","t-E_n-M","E","M","linear",14,"14",1,"Certain","Outlier(s)"
"f6562d0c644d90bc1d7d8dd24730cd4d","28",12,"26-30","Male","High School or Less","Yes","Prolific","b8efad9285426a191f979b32a5094198","2","t-H_n-E","H","E","log",9,"14",0,"Certain","Outlier(s)"
"9523715c0e3d0941a1e41126bc760dc4","26",12,"19-25","Male","Undergraduate Degree","Yes","Prolific","ee322d63db5869407801b2c6cd54c452","1","t-H_n-E","H","E","log",1,"1",1,"Certain","Different slope"
"9523715c0e3d0941a1e41126bc760dc4","12",12,"19-25","Male","Undergraduate Degree","Yes","Prolific","909f6bb4a0bbb8708bcc2d96c0b7052f","2","t-E_n-H","E","H","log",17,"17",1,"Very Certain","Different slope"
"9523715c0e3d0941a1e41126bc760dc4","22",12,"19-25","Male","Undergraduate Degree","Yes","Prolific","17c70f64092db27a58faa6c255efd8ba","1","t-M_n-H","M","H","log",1,"1",1,"Uncertain","Different shape"
"9523715c0e3d0941a1e41126bc760dc4","5",12,"19-25","Male","Undergraduate Degree","Yes","Prolific","9f2d96ab9212ba1d26f176b00e6eeec0","1","t-E_n-M","E","M","linear",12,"19",0,"Very Uncertain","Different shape"
"9523715c0e3d0941a1e41126bc760dc4","26",12,"19-25","Male","Undergraduate Degree","Yes","Prolific","ee322d63db5869407801b2c6cd54c452","1","t-H_n-E","H","E","log",1,"1",1,"Very Certain","Different slope"
"9523715c0e3d0941a1e41126bc760dc4","26",12,"19-25","Male","Undergraduate Degree","Yes","Prolific","ee322d63db5869407801b2c6cd54c452","1","t-H_n-E","H","E","log",1,"1",1,"Very Certain","Different slope"
"9523715c0e3d0941a1e41126bc760dc4","30",12,"19-25","Male","Undergraduate Degree","Yes","Prolific","1b39b36e7a6189897f2015f191953b9d","1","t-H_n-M","H","M","log",12,"2",0,"Uncertain","Other, Missing data"
"9523715c0e3d0941a1e41126bc760dc4","7",12,"19-25","Male","Undergraduate Degree","Yes","Prolific","076f2d6385d635ea49402478f7e44cab","2","t-E_n-M","E","M","linear",14,"14",1,"Certain","Different shape, Outlier(s)"
"9523715c0e3d0941a1e41126bc760dc4","10",12,"19-25","Male","Undergraduate Degree","Yes","Prolific","8105c77bcc5d38d9b4e742f1b76de5fc","1","t-E_n-H","E","H","log",15,"15",1,"Certain","Different slope"
"9523715c0e3d0941a1e41126bc760dc4","29",12,"19-25","Male","Undergraduate Degree","Yes","Prolific","1b39b36e7a6189897f2015f191953b9d","1","t-H_n-M","H","M","linear",12,"8",0,"Certain","Outlier(s)"
"9523715c0e3d0941a1e41126bc760dc4","26",12,"19-25","Male","Undergraduate Degree","Yes","Prolific","ee322d63db5869407801b2c6cd54c452","1","t-H_n-E","H","E","log",1,"1",1,"Very Certain","Different slope"
"9523715c0e3d0941a1e41126bc760dc4","28",12,"19-25","Male","Undergraduate Degree","Yes","Prolific","b8efad9285426a191f979b32a5094198","2","t-H_n-E","H","E","log",9,"9",1,"Certain","Different slope"
"c807b01018ca1538cff69c0b248516c1","16",13,"19-25","Male","High School or Less","Yes","Prolific","07f1a227ee4ee73124d6589fada210dc","2","t-M_n-E","M","E","log",10,"13",0,"Neutral","Outlier(s)"
"c807b01018ca1538cff69c0b248516c1","29",13,"19-25","Male","High School or Less","Yes","Prolific","1b39b36e7a6189897f2015f191953b9d","1","t-H_n-M","H","M","linear",12,"19",0,"Uncertain","Clustering"
"c807b01018ca1538cff69c0b248516c1","11",13,"19-25","Male","High School or Less","Yes","Prolific","909f6bb4a0bbb8708bcc2d96c0b7052f","2","t-E_n-H","E","H","linear",17,"17",1,"Certain","Different range, Different shape, Different slope"
"c807b01018ca1538cff69c0b248516c1","29",13,"19-25","Male","High School or Less","Yes","Prolific","1b39b36e7a6189897f2015f191953b9d","1","t-H_n-M","H","M","linear",12,"4",0,"Neutral","Clustering, Different range"
"c807b01018ca1538cff69c0b248516c1","8",13,"19-25","Male","High School or Less","Yes","Prolific","076f2d6385d635ea49402478f7e44cab","2","t-E_n-M","E","M","log",14,"14",1,"Certain","Clustering, Different shape"
"c807b01018ca1538cff69c0b248516c1","14",13,"19-25","Male","High School or Less","Yes","Prolific","85c5c5a6ab4fdb3aaf06947e0b9d4483","1","t-M_n-E","M","E","log",10,"10",1,"Neutral","Different shape"
"c807b01018ca1538cff69c0b248516c1","10",13,"19-25","Male","High School or Less","Yes","Prolific","8105c77bcc5d38d9b4e742f1b76de5fc","1","t-E_n-H","E","H","log",15,"15",1,"Certain","Different shape"
"c807b01018ca1538cff69c0b248516c1","25",13,"19-25","Male","High School or Less","Yes","Prolific","ee322d63db5869407801b2c6cd54c452","1","t-H_n-E","H","E","linear",1,"1",1,"Certain","Clustering, Different shape, Different slope"
"c807b01018ca1538cff69c0b248516c1","9",13,"19-25","Male","High School or Less","Yes","Prolific","8105c77bcc5d38d9b4e742f1b76de5fc","1","t-E_n-H","E","H","linear",15,"15",1,"Very Certain","Different range, Different shape, Different slope"
"c807b01018ca1538cff69c0b248516c1","29",13,"19-25","Male","High School or Less","Yes","Prolific","1b39b36e7a6189897f2015f191953b9d","1","t-H_n-M","H","M","linear",12,"12",1,"Neutral","Different shape, Different slope"
"c807b01018ca1538cff69c0b248516c1","11",13,"19-25","Male","High School or Less","Yes","Prolific","909f6bb4a0bbb8708bcc2d96c0b7052f","2","t-E_n-H","E","H","linear",17,"17",1,"Certain","Different shape, Different slope"
"c807b01018ca1538cff69c0b248516c1","11",13,"19-25","Male","High School or Less","Yes","Prolific","909f6bb4a0bbb8708bcc2d96c0b7052f","2","t-E_n-H","E","H","linear",17,"17",1,"Certain","Different shape, Different slope"
"c807b01018ca1538cff69c0b248516c1","6",13,"19-25","Male","High School or Less","Yes","Prolific","9f2d96ab9212ba1d26f176b00e6eeec0","1","t-E_n-M","E","M","log",12,"12",1,"Uncertain","Different shape"
"41f4ee63b0a042b8a670185f84bcb30b","24",11,"","Female","Graduate Degree","Yes","Prolific","70eebf16937fb9e77a3b806afe9aa528","2","t-M_n-H","M","H","log",13,"2",0,"Neutral","Clustering"
"41f4ee63b0a042b8a670185f84bcb30b","14",11,"","Female","Graduate Degree","Yes","Prolific","85c5c5a6ab4fdb3aaf06947e0b9d4483","1","t-M_n-E","M","E","log",10,"10",1,"Certain","Different shape"
"41f4ee63b0a042b8a670185f84bcb30b","16",11,"","Female","Graduate Degree","Yes","Prolific","07f1a227ee4ee73124d6589fada210dc","2","t-M_n-E","M","E","log",10,"10",1,"Certain","Different shape"
"41f4ee63b0a042b8a670185f84bcb30b","24",11,"","Female","Graduate Degree","Yes","Prolific","70eebf16937fb9e77a3b806afe9aa528","2","t-M_n-H","M","H","log",13,"13",1,"Neutral","Different shape"
"41f4ee63b0a042b8a670185f84bcb30b","14",11,"","Female","Graduate Degree","Yes","Prolific","85c5c5a6ab4fdb3aaf06947e0b9d4483","1","t-M_n-E","M","E","log",10,"10",1,"Certain","Different shape"
"41f4ee63b0a042b8a670185f84bcb30b","25",11,"","Female","Graduate Degree","Yes","Prolific","ee322d63db5869407801b2c6cd54c452","1","t-H_n-E","H","E","linear",1,"1",1,"Certain","Different range"
"41f4ee63b0a042b8a670185f84bcb30b","7",11,"","Female","Graduate Degree","Yes","Prolific","076f2d6385d635ea49402478f7e44cab","2","t-E_n-M","E","M","linear",14,"14",1,"Neutral","Different slope"
"41f4ee63b0a042b8a670185f84bcb30b","10",11,"","Female","Graduate Degree","Yes","Prolific","8105c77bcc5d38d9b4e742f1b76de5fc","1","t-E_n-H","E","H","log",15,"15",1,"Certain","Different shape, Different slope"
"41f4ee63b0a042b8a670185f84bcb30b","16",11,"","Female","Graduate Degree","Yes","Prolific","07f1a227ee4ee73124d6589fada210dc","2","t-M_n-E","M","E","log",10,"10",1,"Certain","Different range, Different shape, Different slope"
"41f4ee63b0a042b8a670185f84bcb30b","7",11,"","Female","Graduate Degree","Yes","Prolific","076f2d6385d635ea49402478f7e44cab","2","t-E_n-M","E","M","linear",14,"14,5,16",1,"Neutral","Clustering, Different range, Different shape, Different slope, Outlier(s)"
"41f4ee63b0a042b8a670185f84bcb30b","5",11,"","Female","Graduate Degree","Yes","Prolific","9f2d96ab9212ba1d26f176b00e6eeec0","1","t-E_n-M","E","M","linear",12,"16,19",0,"Certain","Different range"
"7ff8fc19e441f179bbec934871ee4ec7","24",13,"19-25","Male","Some Undergraduate Courses","Yes","Prolific","70eebf16937fb9e77a3b806afe9aa528","2","t-M_n-H","M","H","log",13,"13",1,"Certain","Different shape"
"7ff8fc19e441f179bbec934871ee4ec7","21",13,"19-25","Male","Some Undergraduate Courses","Yes","Prolific","17c70f64092db27a58faa6c255efd8ba","1","t-M_n-H","M","H","linear",1,"1",1,"Very Certain","Different range"
"7ff8fc19e441f179bbec934871ee4ec7","22",13,"19-25","Male","Some Undergraduate Courses","Yes","Prolific","17c70f64092db27a58faa6c255efd8ba","1","t-M_n-H","M","H","log",1,"1",1,"Certain","Different shape"
"7ff8fc19e441f179bbec934871ee4ec7","5",13,"19-25","Male","Some Undergraduate Courses","Yes","Prolific","9f2d96ab9212ba1d26f176b00e6eeec0","1","t-E_n-M","E","M","linear",12,"10",0,"Certain","Different slope"
"7ff8fc19e441f179bbec934871ee4ec7","30",13,"19-25","Male","Some Undergraduate Courses","Yes","Prolific","1b39b36e7a6189897f2015f191953b9d","1","t-H_n-M","H","M","log",12,"12",1,"Very Certain","Different shape, Different slope"
"7ff8fc19e441f179bbec934871ee4ec7","26",13,"19-25","Male","Some Undergraduate Courses","Yes","Prolific","ee322d63db5869407801b2c6cd54c452","1","t-H_n-E","H","E","log",1,"1",1,"Very Certain","Different shape, Different slope"
"7ff8fc19e441f179bbec934871ee4ec7","30",13,"19-25","Male","Some Undergraduate Courses","Yes","Prolific","1b39b36e7a6189897f2015f191953b9d","1","t-H_n-M","H","M","log",12,"12",1,"Certain","Different shape"
"7ff8fc19e441f179bbec934871ee4ec7","6",13,"19-25","Male","Some Undergraduate Courses","Yes","Prolific","9f2d96ab9212ba1d26f176b00e6eeec0","1","t-E_n-M","E","M","log",12,"12",1,"Certain","Different range, Different shape, Different slope"
"7ff8fc19e441f179bbec934871ee4ec7","6",13,"19-25","Male","Some Undergraduate Courses","Yes","Prolific","9f2d96ab9212ba1d26f176b00e6eeec0","1","t-E_n-M","E","M","log",12,"12",1,"Very Certain","Different shape, Different slope"
"7ff8fc19e441f179bbec934871ee4ec7","5",13,"19-25","Male","Some Undergraduate Courses","Yes","Prolific","9f2d96ab9212ba1d26f176b00e6eeec0","1","t-E_n-M","E","M","linear",12,"14",0,"Uncertain","Outlier(s)"
"7ff8fc19e441f179bbec934871ee4ec7","10",13,"19-25","Male","Some Undergraduate Courses","Yes","Prolific","8105c77bcc5d38d9b4e742f1b76de5fc","1","t-E_n-H","E","H","log",15,"15",1,"Very Certain","Different shape, Different slope"
"7ff8fc19e441f179bbec934871ee4ec7","5",13,"19-25","Male","Some Undergraduate Courses","Yes","Prolific","9f2d96ab9212ba1d26f176b00e6eeec0","1","t-E_n-M","E","M","linear",12,"1",0,"Neutral","Different range, Outlier(s)"
"7ff8fc19e441f179bbec934871ee4ec7","11",13,"19-25","Male","Some Undergraduate Courses","Yes","Prolific","909f6bb4a0bbb8708bcc2d96c0b7052f","2","t-E_n-H","E","H","linear",17,"17",1,"Very Certain","Different range, Different slope"
"cbfaf6e80447007f3ba2ab3a2ff0095e","21",13,"19-25","Female","High School or Less","No","Prolific","17c70f64092db27a58faa6c255efd8ba","1","t-M_n-H","M","H","linear",1,"1",1,"Certain","Clustering"
"cbfaf6e80447007f3ba2ab3a2ff0095e","21",13,"19-25","Female","High School or Less","No","Prolific","17c70f64092db27a58faa6c255efd8ba","1","t-M_n-H","M","H","linear",1,"10",0,"Neutral","Different slope"
"cbfaf6e80447007f3ba2ab3a2ff0095e","6",13,"19-25","Female","High School or Less","No","Prolific","9f2d96ab9212ba1d26f176b00e6eeec0","1","t-E_n-M","E","M","log",12,"12",1,"Certain","Different slope"
"cbfaf6e80447007f3ba2ab3a2ff0095e","26",13,"19-25","Female","High School or Less","No","Prolific","ee322d63db5869407801b2c6cd54c452","1","t-H_n-E","H","E","log",1,"1",1,"Very Certain","Different slope"
"cbfaf6e80447007f3ba2ab3a2ff0095e","30",13,"19-25","Female","High School or Less","No","Prolific","1b39b36e7a6189897f2015f191953b9d","1","t-H_n-M","H","M","log",12,"12",1,"Neutral","Different slope"
"cbfaf6e80447007f3ba2ab3a2ff0095e","26",13,"19-25","Female","High School or Less","No","Prolific","ee322d63db5869407801b2c6cd54c452","1","t-H_n-E","H","E","log",1,"1",1,"Very Certain","Different slope"
"cbfaf6e80447007f3ba2ab3a2ff0095e","30",13,"19-25","Female","High School or Less","No","Prolific","1b39b36e7a6189897f2015f191953b9d","1","t-H_n-M","H","M","log",12,"5",0,"Neutral","Different range"
"cbfaf6e80447007f3ba2ab3a2ff0095e","6",13,"19-25","Female","High School or Less","No","Prolific","9f2d96ab9212ba1d26f176b00e6eeec0","1","t-E_n-M","E","M","log",12,"12",1,"Neutral","Clustering"
"cbfaf6e80447007f3ba2ab3a2ff0095e","27",13,"19-25","Female","High School or Less","No","Prolific","b8efad9285426a191f979b32a5094198","2","t-H_n-E","H","E","linear",9,"4",0,"Uncertain","Outlier(s)"
"cbfaf6e80447007f3ba2ab3a2ff0095e","5",13,"19-25","Female","High School or Less","No","Prolific","9f2d96ab9212ba1d26f176b00e6eeec0","1","t-E_n-M","E","M","linear",12,"20",0,"Neutral","Clustering"
"cbfaf6e80447007f3ba2ab3a2ff0095e","16",13,"19-25","Female","High School or Less","No","Prolific","07f1a227ee4ee73124d6589fada210dc","2","t-M_n-E","M","E","log",10,"9",0,"Very Uncertain","Clustering"
"cbfaf6e80447007f3ba2ab3a2ff0095e","16",13,"19-25","Female","High School or Less","No","Prolific","07f1a227ee4ee73124d6589fada210dc","2","t-M_n-E","M","E","log",10,"10",1,"Neutral","Outlier(s)"
"cbfaf6e80447007f3ba2ab3a2ff0095e","28",13,"19-25","Female","High School or Less","No","Prolific","b8efad9285426a191f979b32a5094198","2","t-H_n-E","H","E","log",9,"9",1,"Certain","Different slope"
"4f3a346cfe12c9d3bae887600358ed7b","24",13,"51-55","Male","Undergraduate Degree","Yes","Prolific","70eebf16937fb9e77a3b806afe9aa528","2","t-M_n-H","M","H","log",13,"4,8,12,16",0,"Certain","Clustering"
"4f3a346cfe12c9d3bae887600358ed7b","25",13,"51-55","Male","Undergraduate Degree","Yes","Prolific","ee322d63db5869407801b2c6cd54c452","1","t-H_n-E","H","E","linear",1,"1,6,13,16",1,"Certain","Clustering"
"4f3a346cfe12c9d3bae887600358ed7b","23",13,"51-55","Male","Undergraduate Degree","Yes","Prolific","70eebf16937fb9e77a3b806afe9aa528","2","t-M_n-H","M","H","linear",13,"4,9,12,19",0,"Certain","Different range"
"4f3a346cfe12c9d3bae887600358ed7b","28",13,"51-55","Male","Undergraduate Degree","Yes","Prolific","b8efad9285426a191f979b32a5094198","2","t-H_n-E","H","E","log",9,"5,10,14,17",0,"Certain","Different range, Different shape"
"4f3a346cfe12c9d3bae887600358ed7b","15",13,"51-55","Male","Undergraduate Degree","Yes","Prolific","07f1a227ee4ee73124d6589fada210dc","2","t-M_n-E","M","E","linear",10,"4,9,19",0,"Certain","Different shape"
"4f3a346cfe12c9d3bae887600358ed7b","29",13,"51-55","Male","Undergraduate Degree","Yes","Prolific","1b39b36e7a6189897f2015f191953b9d","1","t-H_n-M","H","M","linear",12,"2,8,11,16",0,"Neutral","Clustering"
"4f3a346cfe12c9d3bae887600358ed7b","25",13,"51-55","Male","Undergraduate Degree","Yes","Prolific","ee322d63db5869407801b2c6cd54c452","1","t-H_n-E","H","E","linear",1,"3,10,13,19",0,"Uncertain","Different slope"
"4f3a346cfe12c9d3bae887600358ed7b","7",13,"51-55","Male","Undergraduate Degree","Yes","Prolific","076f2d6385d635ea49402478f7e44cab","2","t-E_n-M","E","M","linear",14,"4,9,14,18",1,"Certain","Clustering, Different shape"
"4f3a346cfe12c9d3bae887600358ed7b","14",13,"51-55","Male","Undergraduate Degree","Yes","Prolific","85c5c5a6ab4fdb3aaf06947e0b9d4483","1","t-M_n-E","M","E","log",10,"2,8,14,19",0,"Neutral","Clustering, Different shape"
"4f3a346cfe12c9d3bae887600358ed7b","31",13,"51-55","Male","Undergraduate Degree","Yes","Prolific","914e02881a7432dc34831c5dff0477e0","2","t-H_n-M","H","M","linear",12,"3,6,12,17",1,"Neutral","Clustering, Different slope"
"4f3a346cfe12c9d3bae887600358ed7b","22",13,"51-55","Male","Undergraduate Degree","Yes","Prolific","17c70f64092db27a58faa6c255efd8ba","1","t-M_n-H","M","H","log",1,"1,10,12,17",1,"Neutral","Clustering, Different shape"
"4f3a346cfe12c9d3bae887600358ed7b","21",13,"51-55","Male","Undergraduate Degree","Yes","Prolific","17c70f64092db27a58faa6c255efd8ba","1","t-M_n-H","M","H","linear",1,"1,6,14,17",1,"Certain","Clustering, Different slope"
"4f3a346cfe12c9d3bae887600358ed7b","6",13,"51-55","Male","Undergraduate Degree","Yes","Prolific","9f2d96ab9212ba1d26f176b00e6eeec0","1","t-E_n-M","E","M","log",12,"2,6,12,19",1,"Neutral","Clustering, Different slope"
"e22c2ebf2d2734f9078b69c6f86b830a","31",11,"19-25","Female","Undergraduate Degree","Yes","Prolific","914e02881a7432dc34831c5dff0477e0","2","t-H_n-M","H","M","linear",12,"4",0,"Certain","Different range, Different slope"
"e22c2ebf2d2734f9078b69c6f86b830a","16",11,"19-25","Female","Undergraduate Degree","Yes","Prolific","07f1a227ee4ee73124d6589fada210dc","2","t-M_n-E","M","E","log",10,"8",0,"Uncertain","Clustering"
"e22c2ebf2d2734f9078b69c6f86b830a","24",11,"19-25","Female","Undergraduate Degree","Yes","Prolific","70eebf16937fb9e77a3b806afe9aa528","2","t-M_n-H","M","H","log",13,"8",0,"Certain","Different range"
"e22c2ebf2d2734f9078b69c6f86b830a","29",11,"19-25","Female","Undergraduate Degree","Yes","Prolific","1b39b36e7a6189897f2015f191953b9d","1","t-H_n-M","H","M","linear",12,"9",0,"Uncertain","Different range"
"e22c2ebf2d2734f9078b69c6f86b830a","23",11,"19-25","Female","Undergraduate Degree","Yes","Prolific","70eebf16937fb9e77a3b806afe9aa528","2","t-M_n-H","M","H","linear",13,"13",1,"Certain","Different shape"
"e22c2ebf2d2734f9078b69c6f86b830a","12",11,"19-25","Female","Undergraduate Degree","Yes","Prolific","909f6bb4a0bbb8708bcc2d96c0b7052f","2","t-E_n-H","E","H","log",17,"17",1,"Very Uncertain","Different slope"
"e22c2ebf2d2734f9078b69c6f86b830a","15",11,"19-25","Female","Undergraduate Degree","Yes","Prolific","07f1a227ee4ee73124d6589fada210dc","2","t-M_n-E","M","E","linear",10,"11",0,"Uncertain","Different range"
"e22c2ebf2d2734f9078b69c6f86b830a","27",11,"19-25","Female","Undergraduate Degree","Yes","Prolific","b8efad9285426a191f979b32a5094198","2","t-H_n-E","H","E","linear",9,"5",0,"Certain","Different range"
"e22c2ebf2d2734f9078b69c6f86b830a","23",11,"19-25","Female","Undergraduate Degree","Yes","Prolific","70eebf16937fb9e77a3b806afe9aa528","2","t-M_n-H","M","H","linear",13,"13",1,"Certain","Different shape"
"e22c2ebf2d2734f9078b69c6f86b830a","7",11,"19-25","Female","Undergraduate Degree","Yes","Prolific","076f2d6385d635ea49402478f7e44cab","2","t-E_n-M","E","M","linear",14,"14",1,"Certain","Different range, Different shape"
"e22c2ebf2d2734f9078b69c6f86b830a","5",11,"19-25","Female","Undergraduate Degree","Yes","Prolific","9f2d96ab9212ba1d26f176b00e6eeec0","1","t-E_n-M","E","M","linear",12,"13",0,"Uncertain","Clustering"
"593324bf7d87e2bef830b556638b1c1a","13",13,"19-25","Female","Some Undergraduate Courses","Yes","Prolific","85c5c5a6ab4fdb3aaf06947e0b9d4483","1","t-M_n-E","M","E","linear",10,"8,11",0,"Certain","Clustering, Different slope, Outlier(s)"
"593324bf7d87e2bef830b556638b1c1a","30",13,"19-25","Female","Some Undergraduate Courses","Yes","Prolific","1b39b36e7a6189897f2015f191953b9d","1","t-H_n-M","H","M","log",12,"16",0,"Uncertain","Clustering"
"593324bf7d87e2bef830b556638b1c1a","9",13,"19-25","Female","Some Undergraduate Courses","Yes","Prolific","8105c77bcc5d38d9b4e742f1b76de5fc","1","t-E_n-H","E","H","linear",15,"15",1,"Certain","Different slope"
"593324bf7d87e2bef830b556638b1c1a","6",13,"19-25","Female","Some Undergraduate Courses","Yes","Prolific","9f2d96ab9212ba1d26f176b00e6eeec0","1","t-E_n-M","E","M","log",12,"14",0,"Neutral","Clustering"
"593324bf7d87e2bef830b556638b1c1a","25",13,"19-25","Female","Some Undergraduate Courses","Yes","Prolific","ee322d63db5869407801b2c6cd54c452","1","t-H_n-E","H","E","linear",1,"1",1,"Certain","Different shape, Different slope"
"593324bf7d87e2bef830b556638b1c1a","11",13,"19-25","Female","Some Undergraduate Courses","Yes","Prolific","909f6bb4a0bbb8708bcc2d96c0b7052f","2","t-E_n-H","E","H","linear",17,"17",1,"Certain","Clustering, Different slope"
"593324bf7d87e2bef830b556638b1c1a","22",13,"19-25","Female","Some Undergraduate Courses","Yes","Prolific","17c70f64092db27a58faa6c255efd8ba","1","t-M_n-H","M","H","log",1,"10",0,"Neutral","Clustering, Different range, Outlier(s)"
"593324bf7d87e2bef830b556638b1c1a","26",13,"19-25","Female","Some Undergraduate Courses","Yes","Prolific","ee322d63db5869407801b2c6cd54c452","1","t-H_n-E","H","E","log",1,"1",1,"Certain","Different shape"
"593324bf7d87e2bef830b556638b1c1a","13",13,"19-25","Female","Some Undergraduate Courses","Yes","Prolific","85c5c5a6ab4fdb3aaf06947e0b9d4483","1","t-M_n-E","M","E","linear",10,"11",0,"Certain","Outlier(s)"
"593324bf7d87e2bef830b556638b1c1a","27",13,"19-25","Female","Some Undergraduate Courses","Yes","Prolific","b8efad9285426a191f979b32a5094198","2","t-H_n-E","H","E","linear",9,"9",1,"Certain","Different shape, Different slope"
"593324bf7d87e2bef830b556638b1c1a","23",13,"19-25","Female","Some Undergraduate Courses","Yes","Prolific","70eebf16937fb9e77a3b806afe9aa528","2","t-M_n-H","M","H","linear",13,"13",1,"Certain","Different slope, Outlier(s)"
"593324bf7d87e2bef830b556638b1c1a","7",13,"19-25","Female","Some Undergraduate Courses","Yes","Prolific","076f2d6385d635ea49402478f7e44cab","2","t-E_n-M","E","M","linear",14,"14",1,"Very Certain","Outlier(s)"
"593324bf7d87e2bef830b556638b1c1a","5",13,"19-25","Female","Some Undergraduate Courses","Yes","Prolific","9f2d96ab9212ba1d26f176b00e6eeec0","1","t-E_n-M","E","M","linear",12,"5",0,"Neutral","Different shape"
"6e12cec9bc69cf2ddbcaed28d6f38cbf","13",12,"19-25","Male","Undergraduate Degree","Yes","Prolific","85c5c5a6ab4fdb3aaf06947e0b9d4483","1","t-M_n-E","M","E","linear",10,"2,13,8,7",0,"Certain","Clustering, Different slope"
"6e12cec9bc69cf2ddbcaed28d6f38cbf","23",12,"19-25","Male","Undergraduate Degree","Yes","Prolific","70eebf16937fb9e77a3b806afe9aa528","2","t-M_n-H","M","H","linear",13,"13,9",1,"Certain","Different shape, Different slope"
"6e12cec9bc69cf2ddbcaed28d6f38cbf","28",12,"19-25","Male","Undergraduate Degree","Yes","Prolific","b8efad9285426a191f979b32a5094198","2","t-H_n-E","H","E","log",9,"8,12",0,"Certain","Clustering, Different shape"
"6e12cec9bc69cf2ddbcaed28d6f38cbf","15",12,"19-25","Male","Undergraduate Degree","Yes","Prolific","07f1a227ee4ee73124d6589fada210dc","2","t-M_n-E","M","E","linear",10,"20",0,"Neutral","Different shape, Outlier(s)"
"6e12cec9bc69cf2ddbcaed28d6f38cbf","29",12,"19-25","Male","Undergraduate Degree","Yes","Prolific","1b39b36e7a6189897f2015f191953b9d","1","t-H_n-M","H","M","linear",12,"2",0,"Neutral","Different slope"
"6e12cec9bc69cf2ddbcaed28d6f38cbf","22",12,"19-25","Male","Undergraduate Degree","Yes","Prolific","17c70f64092db27a58faa6c255efd8ba","1","t-M_n-H","M","H","log",1,"4,9,15",0,"Neutral","Clustering"
"6e12cec9bc69cf2ddbcaed28d6f38cbf","7",12,"19-25","Male","Undergraduate Degree","Yes","Prolific","076f2d6385d635ea49402478f7e44cab","2","t-E_n-M","E","M","linear",14,"8,9,10",0,"Certain","Clustering, Different shape"
"6e12cec9bc69cf2ddbcaed28d6f38cbf","13",12,"19-25","Male","Undergraduate Degree","Yes","Prolific","85c5c5a6ab4fdb3aaf06947e0b9d4483","1","t-M_n-E","M","E","linear",10,"2,3,14,18,20",0,"Uncertain","Different slope, Outlier(s)"
"6e12cec9bc69cf2ddbcaed28d6f38cbf","27",12,"19-25","Male","Undergraduate Degree","Yes","Prolific","b8efad9285426a191f979b32a5094198","2","t-H_n-E","H","E","linear",9,"10,18,17,12,11,16,14,15,20",0,"Very Certain","Clustering, Different range, Different shape, Outlier(s)"
"6e12cec9bc69cf2ddbcaed28d6f38cbf","29",12,"19-25","Male","Undergraduate Degree","Yes","Prolific","1b39b36e7a6189897f2015f191953b9d","1","t-H_n-M","H","M","linear",12,"3,8",0,"Neutral","Different slope, Outlier(s)"
"6e12cec9bc69cf2ddbcaed28d6f38cbf","7",12,"19-25","Male","Undergraduate Degree","Yes","Prolific","076f2d6385d635ea49402478f7e44cab","2","t-E_n-M","E","M","linear",14,"3,9,14",1,"Certain","Clustering, Outlier(s)"
"6e12cec9bc69cf2ddbcaed28d6f38cbf","28",12,"19-25","Male","Undergraduate Degree","Yes","Prolific","b8efad9285426a191f979b32a5094198","2","t-H_n-E","H","E","log",9,"8,9,14,15,10",1,"Very Certain","Clustering, Different range, Different shape"
"e5de29a8e54b8f6009618d151fd5591c","5",11,"46-50","Female","Graduate Degree","Yes","Prolific","9f2d96ab9212ba1d26f176b00e6eeec0","1","t-E_n-M","E","M","linear",12,"19",0,"Neutral","Different slope"
"e5de29a8e54b8f6009618d151fd5591c","5",11,"46-50","Female","Graduate Degree","Yes","Prolific","9f2d96ab9212ba1d26f176b00e6eeec0","1","t-E_n-M","E","M","linear",12,"19",0,"Certain","Different slope"
"e5de29a8e54b8f6009618d151fd5591c","25",11,"46-50","Female","Graduate Degree","Yes","Prolific","ee322d63db5869407801b2c6cd54c452","1","t-H_n-E","H","E","linear",1,"1",1,"Certain","Different shape"
"e5de29a8e54b8f6009618d151fd5591c","5",11,"46-50","Female","Graduate Degree","Yes","Prolific","9f2d96ab9212ba1d26f176b00e6eeec0","1","t-E_n-M","E","M","linear",12,"6",0,"Certain","Clustering"
"e5de29a8e54b8f6009618d151fd5591c","16",11,"46-50","Female","Graduate Degree","Yes","Prolific","07f1a227ee4ee73124d6589fada210dc","2","t-M_n-E","M","E","log",10,"10",1,"Very Certain","Different shape, Different slope"
"e5de29a8e54b8f6009618d151fd5591c","24",11,"46-50","Female","Graduate Degree","Yes","Prolific","70eebf16937fb9e77a3b806afe9aa528","2","t-M_n-H","M","H","log",13,"8",0,"Certain","Clustering"
"e5de29a8e54b8f6009618d151fd5591c","9",11,"46-50","Female","Graduate Degree","Yes","Prolific","8105c77bcc5d38d9b4e742f1b76de5fc","1","t-E_n-H","E","H","linear",15,"5",0,"Certain","Clustering"
"e5de29a8e54b8f6009618d151fd5591c","16",11,"46-50","Female","Graduate Degree","Yes","Prolific","07f1a227ee4ee73124d6589fada210dc","2","t-M_n-E","M","E","log",10,"15",0,"Certain","Clustering"
"e5de29a8e54b8f6009618d151fd5591c","10",11,"46-50","Female","Graduate Degree","Yes","Prolific","8105c77bcc5d38d9b4e742f1b76de5fc","1","t-E_n-H","E","H","log",15,"15",1,"Very Certain","Clustering, Different shape"
"e5de29a8e54b8f6009618d151fd5591c","21",11,"46-50","Female","Graduate Degree","Yes","Prolific","17c70f64092db27a58faa6c255efd8ba","1","t-M_n-H","M","H","linear",1,"1",1,"Very Certain","Different shape"
"e5de29a8e54b8f6009618d151fd5591c","6",11,"46-50","Female","Graduate Degree","Yes","Prolific","9f2d96ab9212ba1d26f176b00e6eeec0","1","t-E_n-M","E","M","log",12,"2",0,"Certain","Clustering"
"dcc3e47f0bc116a7aee6926dd00e8dff","5",13,"26-30","Female","Some Graduate Courses","Yes","Prolific","9f2d96ab9212ba1d26f176b00e6eeec0","1","t-E_n-M","E","M","linear",12,"6",0,"Certain","Different range"
"dcc3e47f0bc116a7aee6926dd00e8dff","30",13,"26-30","Female","Some Graduate Courses","Yes","Prolific","1b39b36e7a6189897f2015f191953b9d","1","t-H_n-M","H","M","log",12,"11",0,"Neutral","Clustering"
"dcc3e47f0bc116a7aee6926dd00e8dff","31",13,"26-30","Female","Some Graduate Courses","Yes","Prolific","914e02881a7432dc34831c5dff0477e0","2","t-H_n-M","H","M","linear",12,"8",0,"Certain","Different range"
"dcc3e47f0bc116a7aee6926dd00e8dff","13",13,"26-30","Female","Some Graduate Courses","Yes","Prolific","85c5c5a6ab4fdb3aaf06947e0b9d4483","1","t-M_n-E","M","E","linear",10,"11",0,"Certain","Different range"
"dcc3e47f0bc116a7aee6926dd00e8dff","9",13,"26-30","Female","Some Graduate Courses","Yes","Prolific","8105c77bcc5d38d9b4e742f1b76de5fc","1","t-E_n-H","E","H","linear",15,"15",1,"Certain","Clustering"
"dcc3e47f0bc116a7aee6926dd00e8dff","11",13,"26-30","Female","Some Graduate Courses","Yes","Prolific","909f6bb4a0bbb8708bcc2d96c0b7052f","2","t-E_n-H","E","H","linear",17,"17",1,"Very Certain","Different range"
"dcc3e47f0bc116a7aee6926dd00e8dff","22",13,"26-30","Female","Some Graduate Courses","Yes","Prolific","17c70f64092db27a58faa6c255efd8ba","1","t-M_n-H","M","H","log",1,"1",1,"Certain","Clustering"
"dcc3e47f0bc116a7aee6926dd00e8dff","26",13,"26-30","Female","Some Graduate Courses","Yes","Prolific","ee322d63db5869407801b2c6cd54c452","1","t-H_n-E","H","E","log",1,"1",1,"Very Certain","Different range"
"dcc3e47f0bc116a7aee6926dd00e8dff","15",13,"26-30","Female","Some Graduate Courses","Yes","Prolific","07f1a227ee4ee73124d6589fada210dc","2","t-M_n-E","M","E","linear",10,"7",0,"Certain","Clustering"
"dcc3e47f0bc116a7aee6926dd00e8dff","10",13,"26-30","Female","Some Graduate Courses","Yes","Prolific","8105c77bcc5d38d9b4e742f1b76de5fc","1","t-E_n-H","E","H","log",15,"15",1,"Very Certain","Different range"
"dcc3e47f0bc116a7aee6926dd00e8dff","24",13,"26-30","Female","Some Graduate Courses","Yes","Prolific","70eebf16937fb9e77a3b806afe9aa528","2","t-M_n-H","M","H","log",13,"9",0,"Neutral","Clustering"
"dcc3e47f0bc116a7aee6926dd00e8dff","32",13,"26-30","Female","Some Graduate Courses","Yes","Prolific","914e02881a7432dc34831c5dff0477e0","2","t-H_n-M","H","M","log",12,"12",1,"Certain","Different range"
"dcc3e47f0bc116a7aee6926dd00e8dff","28",13,"26-30","Female","Some Graduate Courses","Yes","Prolific","b8efad9285426a191f979b32a5094198","2","t-H_n-E","H","E","log",9,"9",1,"Very Certain","Different range"
"ecec8f9964744190e0a061bfadbdb062","5",13,"Under 19","Male","High School or Less","Yes","Prolific","9f2d96ab9212ba1d26f176b00e6eeec0","1","t-E_n-M","E","M","linear",12,"12",1,"Neutral","Different slope, Outlier(s)"
"ecec8f9964744190e0a061bfadbdb062","30",13,"Under 19","Male","High School or Less","Yes","Prolific","1b39b36e7a6189897f2015f191953b9d","1","t-H_n-M","H","M","log",12,"5",0,"Uncertain","Clustering"
"ecec8f9964744190e0a061bfadbdb062","23",13,"Under 19","Male","High School or Less","Yes","Prolific","70eebf16937fb9e77a3b806afe9aa528","2","t-M_n-H","M","H","linear",13,"13",1,"Certain","Different slope, Outlier(s)"
"ecec8f9964744190e0a061bfadbdb062","26",13,"Under 19","Male","High School or Less","Yes","Prolific","ee322d63db5869407801b2c6cd54c452","1","t-H_n-E","H","E","log",1,"1",1,"Very Certain","Clustering, Different shape, Different slope"
"ecec8f9964744190e0a061bfadbdb062","15",13,"Under 19","Male","High School or Less","Yes","Prolific","07f1a227ee4ee73124d6589fada210dc","2","t-M_n-E","M","E","linear",10,"14,6",0,"Uncertain","Different range, Different shape, Outlier(s)"
"ecec8f9964744190e0a061bfadbdb062","29",13,"Under 19","Male","High School or Less","Yes","Prolific","1b39b36e7a6189897f2015f191953b9d","1","t-H_n-M","H","M","linear",12,"12",1,"Neutral","Different slope"
"ecec8f9964744190e0a061bfadbdb062","25",13,"Under 19","Male","High School or Less","Yes","Prolific","ee322d63db5869407801b2c6cd54c452","1","t-H_n-E","H","E","linear",1,"1,2",1,"Certain","Different shape, Different slope"
"ecec8f9964744190e0a061bfadbdb062","15",13,"Under 19","Male","High School or Less","Yes","Prolific","07f1a227ee4ee73124d6589fada210dc","2","t-M_n-E","M","E","linear",10,"8,2",0,"Neutral","Different slope, Outlier(s)"
"ecec8f9964744190e0a061bfadbdb062","10",13,"Under 19","Male","High School or Less","Yes","Prolific","8105c77bcc5d38d9b4e742f1b76de5fc","1","t-E_n-H","E","H","log",15,"20",0,"Very Certain","Different range"
"ecec8f9964744190e0a061bfadbdb062","21",13,"Under 19","Male","High School or Less","Yes","Prolific","17c70f64092db27a58faa6c255efd8ba","1","t-M_n-H","M","H","linear",1,"1",1,"Neutral","Different range, Different slope"
"ecec8f9964744190e0a061bfadbdb062","11",13,"Under 19","Male","High School or Less","Yes","Prolific","909f6bb4a0bbb8708bcc2d96c0b7052f","2","t-E_n-H","E","H","linear",17,"17",1,"Certain","Different shape, Different slope, Outlier(s)"
"ecec8f9964744190e0a061bfadbdb062","5",13,"Under 19","Male","High School or Less","Yes","Prolific","9f2d96ab9212ba1d26f176b00e6eeec0","1","t-E_n-M","E","M","linear",12,"18",0,"Very Uncertain","Outlier(s)"
"ecec8f9964744190e0a061bfadbdb062","11",13,"Under 19","Male","High School or Less","Yes","Prolific","909f6bb4a0bbb8708bcc2d96c0b7052f","2","t-E_n-H","E","H","linear",17,"17,20",1,"Certain","Different shape, Different slope, Outlier(s)"
"68ca44e1cae1deae8d232f0e7ddc12f5","9",12,"26-30","Female","High School or Less","Yes","Prolific","8105c77bcc5d38d9b4e742f1b76de5fc","1","t-E_n-H","E","H","linear",15,"1,8,15,18",1,"Certain","Clustering, Different shape, Outlier(s)"
"68ca44e1cae1deae8d232f0e7ddc12f5","30",12,"26-30","Female","High School or Less","Yes","Prolific","1b39b36e7a6189897f2015f191953b9d","1","t-H_n-M","H","M","log",12,"2,8,12,18",1,"Neutral","Clustering, Different slope, Outlier(s)"
"68ca44e1cae1deae8d232f0e7ddc12f5","31",12,"26-30","Female","High School or Less","Yes","Prolific","914e02881a7432dc34831c5dff0477e0","2","t-H_n-M","H","M","linear",12,"3,7,15,19",0,"Certain","Clustering, Different shape, Different slope, Outlier(s)"
"68ca44e1cae1deae8d232f0e7ddc12f5","32",12,"26-30","Female","High School or Less","Yes","Prolific","914e02881a7432dc34831c5dff0477e0","2","t-H_n-M","H","M","log",12,"3,7,19,15",0,"Certain","Clustering, Different shape, Different slope, Outlier(s)"
"68ca44e1cae1deae8d232f0e7ddc12f5","9",12,"26-30","Female","High School or Less","Yes","Prolific","8105c77bcc5d38d9b4e742f1b76de5fc","1","t-E_n-H","E","H","linear",15,"5,7,11,18",0,"Neutral","Clustering, Different shape, Different slope, Outlier(s)"
"68ca44e1cae1deae8d232f0e7ddc12f5","29",12,"26-30","Female","High School or Less","Yes","Prolific","1b39b36e7a6189897f2015f191953b9d","1","t-H_n-M","H","M","linear",12,"4,8,15,18",0,"Neutral","Clustering, Different shape, Different slope, Outlier(s)"
"68ca44e1cae1deae8d232f0e7ddc12f5","15",12,"26-30","Female","High School or Less","Yes","Prolific","07f1a227ee4ee73124d6589fada210dc","2","t-M_n-E","M","E","linear",10,"2,7,15,20",0,"Neutral","Clustering, Different slope, Outlier(s)"
"68ca44e1cae1deae8d232f0e7ddc12f5","29",12,"26-30","Female","High School or Less","Yes","Prolific","1b39b36e7a6189897f2015f191953b9d","1","t-H_n-M","H","M","linear",12,"1,8,15,16",0,"Neutral","Clustering, Different range, Outlier(s)"
"68ca44e1cae1deae8d232f0e7ddc12f5","10",12,"26-30","Female","High School or Less","Yes","Prolific","8105c77bcc5d38d9b4e742f1b76de5fc","1","t-E_n-H","E","H","log",15,"4,9,11,18",0,"Neutral","Clustering, Different slope, Outlier(s)"
"68ca44e1cae1deae8d232f0e7ddc12f5","12",12,"26-30","Female","High School or Less","Yes","Prolific","909f6bb4a0bbb8708bcc2d96c0b7052f","2","t-E_n-H","E","H","log",17,"1,13,17",1,"Certain","Clustering, Different slope, Outlier(s)"
"68ca44e1cae1deae8d232f0e7ddc12f5","22",12,"26-30","Female","High School or Less","Yes","Prolific","17c70f64092db27a58faa6c255efd8ba","1","t-M_n-H","M","H","log",1,"2,8,13,18",0,"Neutral","Clustering, Different range, Different shape, Different slope, Outlier(s)"
"68ca44e1cae1deae8d232f0e7ddc12f5","21",12,"26-30","Female","High School or Less","Yes","Prolific","17c70f64092db27a58faa6c255efd8ba","1","t-M_n-H","M","H","linear",1,"1,8,14,20",1,"Certain","Clustering, Different shape, Different slope, Outlier(s)"
"b2f5ec879c7f0cbed789df235b4850fa","32",12,"19-25","Male","High School or Less","Yes","Prolific","914e02881a7432dc34831c5dff0477e0","2","t-H_n-M","H","M","log",12,"20",0,"Neutral","Different shape"
"b2f5ec879c7f0cbed789df235b4850fa","5",12,"19-25","Male","High School or Less","Yes","Prolific","9f2d96ab9212ba1d26f176b00e6eeec0","1","t-E_n-M","E","M","linear",12,"19",0,"Certain","Different shape"
"b2f5ec879c7f0cbed789df235b4850fa","31",12,"19-25","Male","High School or Less","Yes","Prolific","914e02881a7432dc34831c5dff0477e0","2","t-H_n-M","H","M","linear",12,"4",0,"Very Certain","Different shape"
"b2f5ec879c7f0cbed789df235b4850fa","7",12,"19-25","Male","High School or Less","Yes","Prolific","076f2d6385d635ea49402478f7e44cab","2","t-E_n-M","E","M","linear",14,"14",1,"Certain","Different range"
"b2f5ec879c7f0cbed789df235b4850fa","9",12,"19-25","Male","High School or Less","Yes","Prolific","8105c77bcc5d38d9b4e742f1b76de5fc","1","t-E_n-H","E","H","linear",15,"5,15",1,"Uncertain","Different slope"
"b2f5ec879c7f0cbed789df235b4850fa","29",12,"19-25","Male","High School or Less","Yes","Prolific","1b39b36e7a6189897f2015f191953b9d","1","t-H_n-M","H","M","linear",12,"10",0,"Uncertain","Outlier(s)"
"b2f5ec879c7f0cbed789df235b4850fa","22",12,"19-25","Male","High School or Less","Yes","Prolific","17c70f64092db27a58faa6c255efd8ba","1","t-M_n-H","M","H","log",1,"1",1,"Neutral","Different range, Different shape"
"b2f5ec879c7f0cbed789df235b4850fa","7",12,"19-25","Male","High School or Less","Yes","Prolific","076f2d6385d635ea49402478f7e44cab","2","t-E_n-M","E","M","linear",14,"14",1,"Very Certain","Different shape"
"b2f5ec879c7f0cbed789df235b4850fa","21",12,"19-25","Male","High School or Less","Yes","Prolific","17c70f64092db27a58faa6c255efd8ba","1","t-M_n-H","M","H","linear",1,"10",0,"Uncertain","Different shape"
"b2f5ec879c7f0cbed789df235b4850fa","7",12,"19-25","Male","High School or Less","Yes","Prolific","076f2d6385d635ea49402478f7e44cab","2","t-E_n-M","E","M","linear",14,"14",1,"Uncertain","Different range"
"b2f5ec879c7f0cbed789df235b4850fa","32",12,"19-25","Male","High School or Less","Yes","Prolific","914e02881a7432dc34831c5dff0477e0","2","t-H_n-M","H","M","log",12,"12",1,"Uncertain","Different shape"
"b2f5ec879c7f0cbed789df235b4850fa","28",12,"19-25","Male","High School or Less","Yes","Prolific","b8efad9285426a191f979b32a5094198","2","t-H_n-E","H","E","log",9,"5,7,2,3",0,"Uncertain","Different range"
"2165067493f1245f89841dbdd6e98227","16",12,"19-25","Female","Undergraduate Degree","Yes","Prolific","07f1a227ee4ee73124d6589fada210dc","2","t-M_n-E","M","E","log",10,"10",1,"Certain","Different shape"
"2165067493f1245f89841dbdd6e98227","25",12,"19-25","Female","Undergraduate Degree","Yes","Prolific","ee322d63db5869407801b2c6cd54c452","1","t-H_n-E","H","E","linear",1,"1",1,"Very Certain","Different slope"
"2165067493f1245f89841dbdd6e98227","29",12,"19-25","Female","Undergraduate Degree","Yes","Prolific","1b39b36e7a6189897f2015f191953b9d","1","t-H_n-M","H","M","linear",12,"10",0,"Neutral","Different shape"
"2165067493f1245f89841dbdd6e98227","13",12,"19-25","Female","Undergraduate Degree","Yes","Prolific","85c5c5a6ab4fdb3aaf06947e0b9d4483","1","t-M_n-E","M","E","linear",10,"11",0,"Certain","Different shape"
"2165067493f1245f89841dbdd6e98227","24",12,"19-25","Female","Undergraduate Degree","Yes","Prolific","70eebf16937fb9e77a3b806afe9aa528","2","t-M_n-H","M","H","log",13,"9",0,"Neutral","Different shape"
"2165067493f1245f89841dbdd6e98227","9",12,"19-25","Female","Undergraduate Degree","Yes","Prolific","8105c77bcc5d38d9b4e742f1b76de5fc","1","t-E_n-H","E","H","linear",15,"15",1,"Certain","Clustering"
"2165067493f1245f89841dbdd6e98227","16",12,"19-25","Female","Undergraduate Degree","Yes","Prolific","07f1a227ee4ee73124d6589fada210dc","2","t-M_n-E","M","E","log",10,"10",1,"Very Certain","Different slope"
"2165067493f1245f89841dbdd6e98227","32",12,"19-25","Female","Undergraduate Degree","Yes","Prolific","914e02881a7432dc34831c5dff0477e0","2","t-H_n-M","H","M","log",12,"19",0,"Certain","Different shape"
"2165067493f1245f89841dbdd6e98227","27",12,"19-25","Female","Undergraduate Degree","Yes","Prolific","b8efad9285426a191f979b32a5094198","2","t-H_n-E","H","E","linear",9,"10",0,"Certain","Different slope"
"2165067493f1245f89841dbdd6e98227","12",12,"19-25","Female","Undergraduate Degree","Yes","Prolific","909f6bb4a0bbb8708bcc2d96c0b7052f","2","t-E_n-H","E","H","log",17,"17",1,"Very Certain","Different slope"
"2165067493f1245f89841dbdd6e98227","22",12,"19-25","Female","Undergraduate Degree","Yes","Prolific","17c70f64092db27a58faa6c255efd8ba","1","t-M_n-H","M","H","log",1,"1",1,"Very Certain","Different slope"
"2165067493f1245f89841dbdd6e98227","21",12,"19-25","Female","Undergraduate Degree","Yes","Prolific","17c70f64092db27a58faa6c255efd8ba","1","t-M_n-H","M","H","linear",1,"1",1,"Very Certain","Different slope"
"70f18a451af5ad19c976f1edd86b84da","10",13,"19-25","Male","Some Undergraduate Courses","Yes","Prolific","8105c77bcc5d38d9b4e742f1b76de5fc","1","t-E_n-H","E","H","log",15,"15",1,"Very Certain","Different shape"
"70f18a451af5ad19c976f1edd86b84da","16",13,"19-25","Male","Some Undergraduate Courses","Yes","Prolific","07f1a227ee4ee73124d6589fada210dc","2","t-M_n-E","M","E","log",10,"10",1,"Very Certain","Different shape"
"70f18a451af5ad19c976f1edd86b84da","25",13,"19-25","Male","Some Undergraduate Courses","Yes","Prolific","ee322d63db5869407801b2c6cd54c452","1","t-H_n-E","H","E","linear",1,"1",1,"Certain","Different shape"
"70f18a451af5ad19c976f1edd86b84da","7",13,"19-25","Male","Some Undergraduate Courses","Yes","Prolific","076f2d6385d635ea49402478f7e44cab","2","t-E_n-M","E","M","linear",14,"14",1,"Certain","Different shape, Outlier(s)"
"70f18a451af5ad19c976f1edd86b84da","16",13,"19-25","Male","Some Undergraduate Courses","Yes","Prolific","07f1a227ee4ee73124d6589fada210dc","2","t-M_n-E","M","E","log",10,"10",1,"Neutral","Clustering, Different shape"
"70f18a451af5ad19c976f1edd86b84da","24",13,"19-25","Male","Some Undergraduate Courses","Yes","Prolific","70eebf16937fb9e77a3b806afe9aa528","2","t-M_n-H","M","H","log",13,"14",0,"Certain","Clustering, Different shape, Outlier(s)"
"70f18a451af5ad19c976f1edd86b84da","11",13,"19-25","Male","Some Undergraduate Courses","Yes","Prolific","909f6bb4a0bbb8708bcc2d96c0b7052f","2","t-E_n-H","E","H","linear",17,"17",1,"Very Certain","Different shape, Different slope, Outlier(s)"
"70f18a451af5ad19c976f1edd86b84da","15",13,"19-25","Male","Some Undergraduate Courses","Yes","Prolific","07f1a227ee4ee73124d6589fada210dc","2","t-M_n-E","M","E","linear",10,"14",0,"Very Certain","Clustering"
"70f18a451af5ad19c976f1edd86b84da","32",13,"19-25","Male","Some Undergraduate Courses","Yes","Prolific","914e02881a7432dc34831c5dff0477e0","2","t-H_n-M","H","M","log",12,"12",1,"Certain","Clustering, Different shape"
"70f18a451af5ad19c976f1edd86b84da","10",13,"19-25","Male","Some Undergraduate Courses","Yes","Prolific","8105c77bcc5d38d9b4e742f1b76de5fc","1","t-E_n-H","E","H","log",15,"15",1,"Very Certain","Different shape"
"70f18a451af5ad19c976f1edd86b84da","21",13,"19-25","Male","Some Undergraduate Courses","Yes","Prolific","17c70f64092db27a58faa6c255efd8ba","1","t-M_n-H","M","H","linear",1,"1",1,"Certain","Clustering, Different shape"
"70f18a451af5ad19c976f1edd86b84da","25",13,"19-25","Male","Some Undergraduate Courses","Yes","Prolific","ee322d63db5869407801b2c6cd54c452","1","t-H_n-E","H","E","linear",1,"1",1,"Certain","Different shape, Different slope"
"70f18a451af5ad19c976f1edd86b84da","29",13,"19-25","Male","Some Undergraduate Courses","Yes","Prolific","1b39b36e7a6189897f2015f191953b9d","1","t-H_n-M","H","M","linear",12,"5",0,"Neutral","Clustering, Outlier(s)"
"97d5ecdde9c214934742193690a255dd","10",12,"19-25","Female","High School or Less","No","Prolific","8105c77bcc5d38d9b4e742f1b76de5fc","1","t-E_n-H","E","H","log",15,"15",1,"Very Certain","Different slope"
"97d5ecdde9c214934742193690a255dd","8",12,"19-25","Female","High School or Less","No","Prolific","076f2d6385d635ea49402478f7e44cab","2","t-E_n-M","E","M","log",14,"16",0,"Neutral","Outlier(s)"
"97d5ecdde9c214934742193690a255dd","6",12,"19-25","Female","High School or Less","No","Prolific","9f2d96ab9212ba1d26f176b00e6eeec0","1","t-E_n-M","E","M","log",12,"12",1,"Certain","Different slope"
"97d5ecdde9c214934742193690a255dd","12",12,"19-25","Female","High School or Less","No","Prolific","909f6bb4a0bbb8708bcc2d96c0b7052f","2","t-E_n-H","E","H","log",17,"17",1,"Certain","Different shape"
"97d5ecdde9c214934742193690a255dd","16",12,"19-25","Female","High School or Less","No","Prolific","07f1a227ee4ee73124d6589fada210dc","2","t-M_n-E","M","E","log",10,"20",0,"Neutral","Other, widely spread out"
"97d5ecdde9c214934742193690a255dd","31",12,"19-25","Female","High School or Less","No","Prolific","914e02881a7432dc34831c5dff0477e0","2","t-H_n-M","H","M","linear",12,"19",0,"Certain","Outlier(s)"
"97d5ecdde9c214934742193690a255dd","9",12,"19-25","Female","High School or Less","No","Prolific","8105c77bcc5d38d9b4e742f1b76de5fc","1","t-E_n-H","E","H","linear",15,"15",1,"Certain","Different slope"
"97d5ecdde9c214934742193690a255dd","16",12,"19-25","Female","High School or Less","No","Prolific","07f1a227ee4ee73124d6589fada210dc","2","t-M_n-E","M","E","log",10,"10",1,"Neutral","Clustering"
"97d5ecdde9c214934742193690a255dd","16",12,"19-25","Female","High School or Less","No","Prolific","07f1a227ee4ee73124d6589fada210dc","2","t-M_n-E","M","E","log",10,"13",0,"Uncertain","Outlier(s)"
"97d5ecdde9c214934742193690a255dd","27",12,"19-25","Female","High School or Less","No","Prolific","b8efad9285426a191f979b32a5094198","2","t-H_n-E","H","E","linear",9,"5",0,"Neutral","Outlier(s)"
"97d5ecdde9c214934742193690a255dd","21",12,"19-25","Female","High School or Less","No","Prolific","17c70f64092db27a58faa6c255efd8ba","1","t-M_n-H","M","H","linear",1,"1",1,"Neutral","Different shape"
"97d5ecdde9c214934742193690a255dd","6",12,"19-25","Female","High School or Less","No","Prolific","9f2d96ab9212ba1d26f176b00e6eeec0","1","t-E_n-M","E","M","log",12,"12",1,"Certain","Clustering"
"d0138436b0734a7e844382a9b73b9607","29",10,"19-25","Male","Graduate Degree","Yes","Prolific","1b39b36e7a6189897f2015f191953b9d","1","t-H_n-M","H","M","linear",12,"4,9,7,15,17",0,"Neutral","Different range"
"d0138436b0734a7e844382a9b73b9607","30",10,"19-25","Male","Graduate Degree","Yes","Prolific","1b39b36e7a6189897f2015f191953b9d","1","t-H_n-M","H","M","log",12,"4,8,11,16",0,"Certain","Different range, Different slope"
"d0138436b0734a7e844382a9b73b9607","26",10,"19-25","Male","Graduate Degree","Yes","Prolific","ee322d63db5869407801b2c6cd54c452","1","t-H_n-E","H","E","log",1,"1,6,14,16",1,"Certain","Different range, Different shape, Different slope"
"d0138436b0734a7e844382a9b73b9607","22",10,"19-25","Male","Graduate Degree","Yes","Prolific","17c70f64092db27a58faa6c255efd8ba","1","t-M_n-H","M","H","log",1,"1,10,11,20",1,"Uncertain","Clustering, Different slope"
"d0138436b0734a7e844382a9b73b9607","6",10,"19-25","Male","Graduate Degree","Yes","Prolific","9f2d96ab9212ba1d26f176b00e6eeec0","1","t-E_n-M","E","M","log",12,"1,10,12,18",1,"Certain","Different range, Different shape"
"d0138436b0734a7e844382a9b73b9607","5",10,"19-25","Male","Graduate Degree","Yes","Prolific","9f2d96ab9212ba1d26f176b00e6eeec0","1","t-E_n-M","E","M","linear",12,"1,6,12,18",1,"Neutral","Different slope"
"d0138436b0734a7e844382a9b73b9607","16",10,"19-25","Male","Graduate Degree","Yes","Prolific","07f1a227ee4ee73124d6589fada210dc","2","t-M_n-E","M","E","log",10,"1,10,13,16",1,"Certain","Different range, Different slope"
"d0138436b0734a7e844382a9b73b9607","10",10,"19-25","Male","Graduate Degree","Yes","Prolific","8105c77bcc5d38d9b4e742f1b76de5fc","1","t-E_n-H","E","H","log",15,"4,7,15,20",1,"Very Certain","Clustering, Different range, Different slope"
"d0138436b0734a7e844382a9b73b9607","21",10,"19-25","Male","Graduate Degree","Yes","Prolific","17c70f64092db27a58faa6c255efd8ba","1","t-M_n-H","M","H","linear",1,"3,9,12,19",0,"Neutral","Different slope"
"d0138436b0734a7e844382a9b73b9607","6",10,"19-25","Male","Graduate Degree","Yes","Prolific","9f2d96ab9212ba1d26f176b00e6eeec0","1","t-E_n-M","E","M","log",12,"2,9,12,20",1,"Certain","Different shape, Different slope"
"0b78adf49eb3bd4f2db82cd7ea30bc2b","23",11,"31-35","Male","Some Graduate Courses","Yes","Prolific","70eebf16937fb9e77a3b806afe9aa528","2","t-M_n-H","M","H","linear",13,"5,13",1,"Certain","Different range, Different slope"
"0b78adf49eb3bd4f2db82cd7ea30bc2b","30",11,"31-35","Male","Some Graduate Courses","Yes","Prolific","1b39b36e7a6189897f2015f191953b9d","1","t-H_n-M","H","M","log",12,"14",0,"Certain","Clustering"
"0b78adf49eb3bd4f2db82cd7ea30bc2b","26",11,"31-35","Male","Some Graduate Courses","Yes","Prolific","ee322d63db5869407801b2c6cd54c452","1","t-H_n-E","H","E","log",1,"1",1,"Very Certain","Different shape"
"0b78adf49eb3bd4f2db82cd7ea30bc2b","22",11,"31-35","Male","Some Graduate Courses","Yes","Prolific","17c70f64092db27a58faa6c255efd8ba","1","t-M_n-H","M","H","log",1,"1",1,"Very Certain","Clustering, Different shape"
"0b78adf49eb3bd4f2db82cd7ea30bc2b","6",11,"31-35","Male","Some Graduate Courses","Yes","Prolific","9f2d96ab9212ba1d26f176b00e6eeec0","1","t-E_n-M","E","M","log",12,"12",1,"Certain","Different shape"
"0b78adf49eb3bd4f2db82cd7ea30bc2b","5",11,"31-35","Male","Some Graduate Courses","Yes","Prolific","9f2d96ab9212ba1d26f176b00e6eeec0","1","t-E_n-M","E","M","linear",12,"19",0,"Certain","Different slope"
"0b78adf49eb3bd4f2db82cd7ea30bc2b","32",11,"31-35","Male","Some Graduate Courses","Yes","Prolific","914e02881a7432dc34831c5dff0477e0","2","t-H_n-M","H","M","log",12,"3",0,"Certain","Clustering, Different range, Outlier(s)"
"0b78adf49eb3bd4f2db82cd7ea30bc2b","16",11,"31-35","Male","Some Graduate Courses","Yes","Prolific","07f1a227ee4ee73124d6589fada210dc","2","t-M_n-E","M","E","log",10,"13",0,"Certain","Clustering"
"0b78adf49eb3bd4f2db82cd7ea30bc2b","27",11,"31-35","Male","Some Graduate Courses","Yes","Prolific","b8efad9285426a191f979b32a5094198","2","t-H_n-E","H","E","linear",9,"9",1,"Certain","Different shape"
"0b78adf49eb3bd4f2db82cd7ea30bc2b","32",11,"31-35","Male","Some Graduate Courses","Yes","Prolific","914e02881a7432dc34831c5dff0477e0","2","t-H_n-M","H","M","log",12,"12",1,"Certain","Different shape"
"0b78adf49eb3bd4f2db82cd7ea30bc2b","6",11,"31-35","Male","Some Graduate Courses","Yes","Prolific","9f2d96ab9212ba1d26f176b00e6eeec0","1","t-E_n-M","E","M","log",12,"12",1,"Very Certain","Clustering, Different shape"
"cbfaf6e80447007f3ba2ab3a2ff0095e","23",12,"19-25","Female","High School or Less","No","Prolific","70eebf16937fb9e77a3b806afe9aa528","2","t-M_n-H","M","H","linear",13,"13",1,"Certain","Clustering"
"cbfaf6e80447007f3ba2ab3a2ff0095e","30",12,"19-25","Female","High School or Less","No","Prolific","1b39b36e7a6189897f2015f191953b9d","1","t-H_n-M","H","M","log",12,"18,16",0,"Neutral","Clustering"
"cbfaf6e80447007f3ba2ab3a2ff0095e","12",12,"19-25","Female","High School or Less","No","Prolific","909f6bb4a0bbb8708bcc2d96c0b7052f","2","t-E_n-H","E","H","log",17,"17",1,"Certain","Different slope"
"cbfaf6e80447007f3ba2ab3a2ff0095e","16",12,"19-25","Female","High School or Less","No","Prolific","07f1a227ee4ee73124d6589fada210dc","2","t-M_n-E","M","E","log",10,"13",0,"Neutral","Clustering"
"cbfaf6e80447007f3ba2ab3a2ff0095e","24",12,"19-25","Female","High School or Less","No","Prolific","70eebf16937fb9e77a3b806afe9aa528","2","t-M_n-H","M","H","log",13,"13",1,"Uncertain","Clustering"
"cbfaf6e80447007f3ba2ab3a2ff0095e","11",12,"19-25","Female","High School or Less","No","Prolific","909f6bb4a0bbb8708bcc2d96c0b7052f","2","t-E_n-H","E","H","linear",17,"18",0,"Neutral","Different range"
"cbfaf6e80447007f3ba2ab3a2ff0095e","15",12,"19-25","Female","High School or Less","No","Prolific","07f1a227ee4ee73124d6589fada210dc","2","t-M_n-E","M","E","linear",10,"15",0,"Uncertain","Outlier(s)"
"cbfaf6e80447007f3ba2ab3a2ff0095e","32",12,"19-25","Female","High School or Less","No","Prolific","914e02881a7432dc34831c5dff0477e0","2","t-H_n-M","H","M","log",12,"12",1,"Neutral","Different slope"
"cbfaf6e80447007f3ba2ab3a2ff0095e","10",12,"19-25","Female","High School or Less","No","Prolific","8105c77bcc5d38d9b4e742f1b76de5fc","1","t-E_n-H","E","H","log",15,"15",1,"Certain","Clustering, Different shape"
"cbfaf6e80447007f3ba2ab3a2ff0095e","21",12,"19-25","Female","High School or Less","No","Prolific","17c70f64092db27a58faa6c255efd8ba","1","t-M_n-H","M","H","linear",1,"6",0,"Uncertain","Clustering"
"cbfaf6e80447007f3ba2ab3a2ff0095e","25",12,"19-25","Female","High School or Less","No","Prolific","ee322d63db5869407801b2c6cd54c452","1","t-H_n-E","H","E","linear",1,"3",0,"Neutral","Clustering, Different range"
"cbfaf6e80447007f3ba2ab3a2ff0095e","5",12,"19-25","Female","High School or Less","No","Prolific","9f2d96ab9212ba1d26f176b00e6eeec0","1","t-E_n-M","E","M","linear",12,"17",0,"Very Uncertain","Outlier(s)"
"ae0fc107ee5d77e492965c9ec5916726","10",11,"19-25","Male","Undergraduate Degree","Yes","Prolific","8105c77bcc5d38d9b4e742f1b76de5fc","1","t-E_n-H","E","H","log",15,"1,2,6,10,8,19",0,"Neutral","Clustering, Different slope"
"ae0fc107ee5d77e492965c9ec5916726","15",11,"19-25","Male","Undergraduate Degree","Yes","Prolific","07f1a227ee4ee73124d6589fada210dc","2","t-M_n-E","M","E","linear",10,"2",0,"Certain","Clustering"
"ae0fc107ee5d77e492965c9ec5916726","11",11,"19-25","Male","Undergraduate Degree","Yes","Prolific","909f6bb4a0bbb8708bcc2d96c0b7052f","2","t-E_n-H","E","H","linear",17,"1,2,9",0,"Certain","Clustering, Different slope"
"ae0fc107ee5d77e492965c9ec5916726","28",11,"19-25","Male","Undergraduate Degree","Yes","Prolific","b8efad9285426a191f979b32a5094198","2","t-H_n-E","H","E","log",9,"20,3,1",0,"Neutral","Clustering, Different shape, Different slope"
"ae0fc107ee5d77e492965c9ec5916726","6",11,"19-25","Male","Undergraduate Degree","Yes","Prolific","9f2d96ab9212ba1d26f176b00e6eeec0","1","t-E_n-M","E","M","log",12,"2,18,17,20",0,"Certain","Clustering, Outlier(s)"
"ae0fc107ee5d77e492965c9ec5916726","5",11,"19-25","Male","Undergraduate Degree","Yes","Prolific","9f2d96ab9212ba1d26f176b00e6eeec0","1","t-E_n-M","E","M","linear",12,"10,16,15",0,"Uncertain","Clustering, Different shape, Different slope"
"ae0fc107ee5d77e492965c9ec5916726","5",11,"19-25","Male","Undergraduate Degree","Yes","Prolific","9f2d96ab9212ba1d26f176b00e6eeec0","1","t-E_n-M","E","M","linear",12,"5,15",0,"Very Certain","Clustering"
"ae0fc107ee5d77e492965c9ec5916726","32",11,"19-25","Male","Undergraduate Degree","Yes","Prolific","914e02881a7432dc34831c5dff0477e0","2","t-H_n-M","H","M","log",12,"8,10,9",0,"Very Certain","Clustering"
"ae0fc107ee5d77e492965c9ec5916726","16",11,"19-25","Male","Undergraduate Degree","Yes","Prolific","07f1a227ee4ee73124d6589fada210dc","2","t-M_n-E","M","E","log",10,"5",0,"Certain","Clustering"
"ae0fc107ee5d77e492965c9ec5916726","21",11,"19-25","Male","Undergraduate Degree","Yes","Prolific","17c70f64092db27a58faa6c255efd8ba","1","t-M_n-H","M","H","linear",1,"6,7",0,"Certain","Clustering, Different shape"
"ae0fc107ee5d77e492965c9ec5916726","6",11,"19-25","Male","Undergraduate Degree","Yes","Prolific","9f2d96ab9212ba1d26f176b00e6eeec0","1","t-E_n-M","E","M","log",12,"18,2",0,"Very Uncertain","Clustering"
"6430c0749732809e73c1c571f939f796","8",12,"26-30","Male","Undergraduate Degree","Yes","Prolific","076f2d6385d635ea49402478f7e44cab","2","t-E_n-M","E","M","log",14,"14",1,"Certain","Different slope"
"6430c0749732809e73c1c571f939f796","30",12,"26-30","Male","Undergraduate Degree","Yes","Prolific","1b39b36e7a6189897f2015f191953b9d","1","t-H_n-M","H","M","log",12,"12",1,"Neutral","Different slope"
"6430c0749732809e73c1c571f939f796","11",12,"26-30","Male","Undergraduate Degree","Yes","Prolific","909f6bb4a0bbb8708bcc2d96c0b7052f","2","t-E_n-H","E","H","linear",17,"17",1,"Very Certain","Different range"
"6430c0749732809e73c1c571f939f796","28",12,"26-30","Male","Undergraduate Degree","Yes","Prolific","b8efad9285426a191f979b32a5094198","2","t-H_n-E","H","E","log",9,"9",1,"Very Certain","Different shape"
"6430c0749732809e73c1c571f939f796","6",12,"26-30","Male","Undergraduate Degree","Yes","Prolific","9f2d96ab9212ba1d26f176b00e6eeec0","1","t-E_n-M","E","M","log",12,"6",0,"Certain","Clustering"
"6430c0749732809e73c1c571f939f796","13",12,"26-30","Male","Undergraduate Degree","Yes","Prolific","85c5c5a6ab4fdb3aaf06947e0b9d4483","1","t-M_n-E","M","E","linear",10,"13,19,16",0,"Neutral","Different slope"
"6430c0749732809e73c1c571f939f796","22",12,"26-30","Male","Undergraduate Degree","Yes","Prolific","17c70f64092db27a58faa6c255efd8ba","1","t-M_n-H","M","H","log",1,"1",1,"Neutral","Different slope"
"6430c0749732809e73c1c571f939f796","22",12,"26-30","Male","Undergraduate Degree","Yes","Prolific","17c70f64092db27a58faa6c255efd8ba","1","t-M_n-H","M","H","log",1,"1",1,"Very Certain","Different slope"
"6430c0749732809e73c1c571f939f796","9",12,"26-30","Male","Undergraduate Degree","Yes","Prolific","8105c77bcc5d38d9b4e742f1b76de5fc","1","t-E_n-H","E","H","linear",15,"15",1,"Very Certain","Outlier(s)"
"6430c0749732809e73c1c571f939f796","27",12,"26-30","Male","Undergraduate Degree","Yes","Prolific","b8efad9285426a191f979b32a5094198","2","t-H_n-E","H","E","linear",9,"10",0,"Certain","Different shape"
"6430c0749732809e73c1c571f939f796","6",12,"26-30","Male","Undergraduate Degree","Yes","Prolific","9f2d96ab9212ba1d26f176b00e6eeec0","1","t-E_n-M","E","M","log",12,"12",1,"Neutral","Different slope"
"6430c0749732809e73c1c571f939f796","32",12,"26-30","Male","Undergraduate Degree","Yes","Prolific","914e02881a7432dc34831c5dff0477e0","2","t-H_n-M","H","M","log",12,"12",1,"Neutral","Different slope"
"2a1833670afc9600f4a0e936ab7051d3","8",10,"19-25","Variant/Nonconforming","Some Graduate Courses","Yes","Prolific","076f2d6385d635ea49402478f7e44cab","2","t-E_n-M","E","M","log",14,"14",1,"Very Certain","Different slope"
"2a1833670afc9600f4a0e936ab7051d3","30",10,"19-25","Variant/Nonconforming","Some Graduate Courses","Yes","Prolific","1b39b36e7a6189897f2015f191953b9d","1","t-H_n-M","H","M","log",12,"10",0,"Neutral","Clustering"
"2a1833670afc9600f4a0e936ab7051d3","26",10,"19-25","Variant/Nonconforming","Some Graduate Courses","Yes","Prolific","ee322d63db5869407801b2c6cd54c452","1","t-H_n-E","H","E","log",1,"1",1,"Very Certain","Different slope"
"2a1833670afc9600f4a0e936ab7051d3","22",10,"19-25","Variant/Nonconforming","Some Graduate Courses","Yes","Prolific","17c70f64092db27a58faa6c255efd8ba","1","t-M_n-H","M","H","log",1,"1",1,"Certain","Different slope"
"2a1833670afc9600f4a0e936ab7051d3","31",10,"19-25","Variant/Nonconforming","Some Graduate Courses","Yes","Prolific","914e02881a7432dc34831c5dff0477e0","2","t-H_n-M","H","M","linear",12,"3",0,"Certain","Clustering"
"2a1833670afc9600f4a0e936ab7051d3","5",10,"19-25","Variant/Nonconforming","Some Graduate Courses","Yes","Prolific","9f2d96ab9212ba1d26f176b00e6eeec0","1","t-E_n-M","E","M","linear",12,"1",0,"Uncertain","Different range"
"2a1833670afc9600f4a0e936ab7051d3","16",10,"19-25","Variant/Nonconforming","Some Graduate Courses","Yes","Prolific","07f1a227ee4ee73124d6589fada210dc","2","t-M_n-E","M","E","log",10,"10",1,"Certain","Different slope"
"2a1833670afc9600f4a0e936ab7051d3","10",10,"19-25","Variant/Nonconforming","Some Graduate Courses","Yes","Prolific","8105c77bcc5d38d9b4e742f1b76de5fc","1","t-E_n-H","E","H","log",15,"15",1,"Very Certain","Clustering, Different slope"
"2a1833670afc9600f4a0e936ab7051d3","21",10,"19-25","Variant/Nonconforming","Some Graduate Courses","Yes","Prolific","17c70f64092db27a58faa6c255efd8ba","1","t-M_n-H","M","H","linear",1,"1",1,"Certain","Different range, Different shape"
"2a1833670afc9600f4a0e936ab7051d3","6",10,"19-25","Variant/Nonconforming","Some Graduate Courses","Yes","Prolific","9f2d96ab9212ba1d26f176b00e6eeec0","1","t-E_n-M","E","M","log",12,"12",1,"Very Certain","Different slope"
"c6f68bff8bfa8d64a597bf53786e413a","8",12,"19-25","Female","Some Graduate Courses","No","Prolific","076f2d6385d635ea49402478f7e44cab","2","t-E_n-M","E","M","log",14,"14",1,"Neutral","Different slope"
"c6f68bff8bfa8d64a597bf53786e413a","15",12,"19-25","Female","Some Graduate Courses","No","Prolific","07f1a227ee4ee73124d6589fada210dc","2","t-M_n-E","M","E","linear",10,"17",0,"Neutral","Clustering"
"c6f68bff8bfa8d64a597bf53786e413a","11",12,"19-25","Female","Some Graduate Courses","No","Prolific","909f6bb4a0bbb8708bcc2d96c0b7052f","2","t-E_n-H","E","H","linear",17,"17",1,"Very Certain","Different shape"
"c6f68bff8bfa8d64a597bf53786e413a","28",12,"19-25","Female","Some Graduate Courses","No","Prolific","b8efad9285426a191f979b32a5094198","2","t-H_n-E","H","E","log",9,"9",1,"Neutral","Different shape"
"c6f68bff8bfa8d64a597bf53786e413a","14",12,"19-25","Female","Some Graduate Courses","No","Prolific","85c5c5a6ab4fdb3aaf06947e0b9d4483","1","t-M_n-E","M","E","log",10,"13",0,"Neutral","Different range"
"c6f68bff8bfa8d64a597bf53786e413a","5",12,"19-25","Female","Some Graduate Courses","No","Prolific","9f2d96ab9212ba1d26f176b00e6eeec0","1","t-E_n-M","E","M","linear",12,"19",0,"Neutral","Different range"
"c6f68bff8bfa8d64a597bf53786e413a","15",12,"19-25","Female","Some Graduate Courses","No","Prolific","07f1a227ee4ee73124d6589fada210dc","2","t-M_n-E","M","E","linear",10,"14",0,"Neutral","Clustering"
"c6f68bff8bfa8d64a597bf53786e413a","22",12,"19-25","Female","Some Graduate Courses","No","Prolific","17c70f64092db27a58faa6c255efd8ba","1","t-M_n-H","M","H","log",1,"1",1,"Neutral","Different slope"
"c6f68bff8bfa8d64a597bf53786e413a","5",12,"19-25","Female","Some Graduate Courses","No","Prolific","9f2d96ab9212ba1d26f176b00e6eeec0","1","t-E_n-M","E","M","linear",12,"19",0,"Neutral","Different range, Different slope"
"c6f68bff8bfa8d64a597bf53786e413a","13",12,"19-25","Female","Some Graduate Courses","No","Prolific","85c5c5a6ab4fdb3aaf06947e0b9d4483","1","t-M_n-E","M","E","linear",10,"4",0,"Neutral","Different slope"
"c6f68bff8bfa8d64a597bf53786e413a","10",12,"19-25","Female","Some Graduate Courses","No","Prolific","8105c77bcc5d38d9b4e742f1b76de5fc","1","t-E_n-H","E","H","log",15,"15",1,"Neutral","Different shape, Different slope"
"c6f68bff8bfa8d64a597bf53786e413a","15",12,"19-25","Female","Some Graduate Courses","No","Prolific","07f1a227ee4ee73124d6589fada210dc","2","t-M_n-E","M","E","linear",10,"14",0,"Neutral","Different range"
"0059d7a04078750df2902f9de91ab226","6",13,"19-25","Male","High School or Less","Yes","Prolific","9f2d96ab9212ba1d26f176b00e6eeec0","1","t-E_n-M","E","M","log",12,"12",1,"Very Certain","Different slope"
"0059d7a04078750df2902f9de91ab226","15",13,"19-25","Male","High School or Less","Yes","Prolific","07f1a227ee4ee73124d6589fada210dc","2","t-M_n-E","M","E","linear",10,"20,15",0,"Neutral","Outlier(s)"
"0059d7a04078750df2902f9de91ab226","21",13,"19-25","Male","High School or Less","Yes","Prolific","17c70f64092db27a58faa6c255efd8ba","1","t-M_n-H","M","H","linear",1,"1",1,"Certain","Outlier(s)"
"0059d7a04078750df2902f9de91ab226","11",13,"19-25","Male","High School or Less","Yes","Prolific","909f6bb4a0bbb8708bcc2d96c0b7052f","2","t-E_n-H","E","H","linear",17,"17",1,"Very Certain","Outlier(s)"
"0059d7a04078750df2902f9de91ab226","28",13,"19-25","Male","High School or Less","Yes","Prolific","b8efad9285426a191f979b32a5094198","2","t-H_n-E","H","E","log",9,"9",1,"Very Certain","Different shape, Different slope"
"0059d7a04078750df2902f9de91ab226","14",13,"19-25","Male","High School or Less","Yes","Prolific","85c5c5a6ab4fdb3aaf06947e0b9d4483","1","t-M_n-E","M","E","log",10,"19",0,"Uncertain","Different range"
"0059d7a04078750df2902f9de91ab226","13",13,"19-25","Male","High School or Less","Yes","Prolific","85c5c5a6ab4fdb3aaf06947e0b9d4483","1","t-M_n-E","M","E","linear",10,"11",0,"Certain","Outlier(s)"
"0059d7a04078750df2902f9de91ab226","22",13,"19-25","Male","High School or Less","Yes","Prolific","17c70f64092db27a58faa6c255efd8ba","1","t-M_n-H","M","H","log",1,"6",0,"Uncertain","Clustering"
"0059d7a04078750df2902f9de91ab226","22",13,"19-25","Male","High School or Less","Yes","Prolific","17c70f64092db27a58faa6c255efd8ba","1","t-M_n-H","M","H","log",1,"6",0,"Uncertain","Clustering"
"0059d7a04078750df2902f9de91ab226","9",13,"19-25","Male","High School or Less","Yes","Prolific","8105c77bcc5d38d9b4e742f1b76de5fc","1","t-E_n-H","E","H","linear",15,"15",1,"Certain","Outlier(s)"
"0059d7a04078750df2902f9de91ab226","27",13,"19-25","Male","High School or Less","Yes","Prolific","b8efad9285426a191f979b32a5094198","2","t-H_n-E","H","E","linear",9,"5",0,"Very Certain","Outlier(s)"
"0059d7a04078750df2902f9de91ab226","32",13,"19-25","Male","High School or Less","Yes","Prolific","914e02881a7432dc34831c5dff0477e0","2","t-H_n-M","H","M","log",12,"19",0,"Certain","Clustering"
"0059d7a04078750df2902f9de91ab226","6",13,"19-25","Male","High School or Less","Yes","Prolific","9f2d96ab9212ba1d26f176b00e6eeec0","1","t-E_n-M","E","M","log",12,"12",1,"Certain","Different shape"
"be28cde93616fe46ae21f3fe6c347580","15",12,"19-25","Female","High School or Less","Yes","Prolific","07f1a227ee4ee73124d6589fada210dc","2","t-M_n-E","M","E","linear",10,"9",0,"Neutral","Clustering"
"be28cde93616fe46ae21f3fe6c347580","30",12,"19-25","Female","High School or Less","Yes","Prolific","1b39b36e7a6189897f2015f191953b9d","1","t-H_n-M","H","M","log",12,"14",0,"Neutral","Different shape"
"be28cde93616fe46ae21f3fe6c347580","31",12,"19-25","Female","High School or Less","Yes","Prolific","914e02881a7432dc34831c5dff0477e0","2","t-H_n-M","H","M","linear",12,"8",0,"Certain","Different range"
"be28cde93616fe46ae21f3fe6c347580","6",12,"19-25","Female","High School or Less","Yes","Prolific","9f2d96ab9212ba1d26f176b00e6eeec0","1","t-E_n-M","E","M","log",12,"11",0,"Uncertain","Different shape"
"be28cde93616fe46ae21f3fe6c347580","21",12,"19-25","Female","High School or Less","Yes","Prolific","17c70f64092db27a58faa6c255efd8ba","1","t-M_n-H","M","H","linear",1,"1",1,"Neutral","Different range"
"be28cde93616fe46ae21f3fe6c347580","31",12,"19-25","Female","High School or Less","Yes","Prolific","914e02881a7432dc34831c5dff0477e0","2","t-H_n-M","H","M","linear",12,"4",0,"Neutral","Clustering, Different shape"
"be28cde93616fe46ae21f3fe6c347580","15",12,"19-25","Female","High School or Less","Yes","Prolific","07f1a227ee4ee73124d6589fada210dc","2","t-M_n-E","M","E","linear",10,"18",0,"Neutral","Clustering"
"be28cde93616fe46ae21f3fe6c347580","14",12,"19-25","Female","High School or Less","Yes","Prolific","85c5c5a6ab4fdb3aaf06947e0b9d4483","1","t-M_n-E","M","E","log",10,"10",1,"Certain","Different shape"
"be28cde93616fe46ae21f3fe6c347580","23",12,"19-25","Female","High School or Less","Yes","Prolific","70eebf16937fb9e77a3b806afe9aa528","2","t-M_n-H","M","H","linear",13,"13",1,"Neutral","Different shape"
"be28cde93616fe46ae21f3fe6c347580","5",12,"19-25","Female","High School or Less","Yes","Prolific","9f2d96ab9212ba1d26f176b00e6eeec0","1","t-E_n-M","E","M","linear",12,"19",0,"Uncertain","Different shape"
"be28cde93616fe46ae21f3fe6c347580","10",12,"19-25","Female","High School or Less","Yes","Prolific","8105c77bcc5d38d9b4e742f1b76de5fc","1","t-E_n-H","E","H","log",15,"15",1,"Certain","Different shape"
"be28cde93616fe46ae21f3fe6c347580","15",12,"19-25","Female","High School or Less","Yes","Prolific","07f1a227ee4ee73124d6589fada210dc","2","t-M_n-E","M","E","linear",10,"2",0,"Neutral","Clustering, Outlier(s)"
"5ca042157e0fc527c730f113a6569ca8","31",12,"19-25","Male","Some Graduate Courses","Yes","Prolific","914e02881a7432dc34831c5dff0477e0","2","t-H_n-M","H","M","linear",12,"12",1,"Certain","Different shape"
"5ca042157e0fc527c730f113a6569ca8","5",12,"19-25","Male","Some Graduate Courses","Yes","Prolific","9f2d96ab9212ba1d26f176b00e6eeec0","1","t-E_n-M","E","M","linear",12,"12",1,"Uncertain","Clustering"
"5ca042157e0fc527c730f113a6569ca8","28",12,"19-25","Male","Some Graduate Courses","Yes","Prolific","b8efad9285426a191f979b32a5094198","2","t-H_n-E","H","E","log",9,"9",1,"Very Certain","Different slope"
"5ca042157e0fc527c730f113a6569ca8","10",12,"19-25","Male","Some Graduate Courses","Yes","Prolific","8105c77bcc5d38d9b4e742f1b76de5fc","1","t-E_n-H","E","H","log",15,"15",1,"Very Certain","Different slope"
"5ca042157e0fc527c730f113a6569ca8","15",12,"19-25","Male","Some Graduate Courses","Yes","Prolific","07f1a227ee4ee73124d6589fada210dc","2","t-M_n-E","M","E","linear",10,"14",0,"Neutral","Outlier(s)"
"5ca042157e0fc527c730f113a6569ca8","13",12,"19-25","Male","Some Graduate Courses","Yes","Prolific","85c5c5a6ab4fdb3aaf06947e0b9d4483","1","t-M_n-E","M","E","linear",10,"19",0,"Certain","Different range"
"5ca042157e0fc527c730f113a6569ca8","29",12,"19-25","Male","Some Graduate Courses","Yes","Prolific","1b39b36e7a6189897f2015f191953b9d","1","t-H_n-M","H","M","linear",12,"8",0,"Certain","Clustering"
"5ca042157e0fc527c730f113a6569ca8","25",12,"19-25","Male","Some Graduate Courses","Yes","Prolific","ee322d63db5869407801b2c6cd54c452","1","t-H_n-E","H","E","linear",1,"1",1,"Very Certain","Different shape"
"5ca042157e0fc527c730f113a6569ca8","11",12,"19-25","Male","Some Graduate Courses","Yes","Prolific","909f6bb4a0bbb8708bcc2d96c0b7052f","2","t-E_n-H","E","H","linear",17,"17",1,"Very Certain","Different shape"
"5ca042157e0fc527c730f113a6569ca8","12",12,"19-25","Male","Some Graduate Courses","Yes","Prolific","909f6bb4a0bbb8708bcc2d96c0b7052f","2","t-E_n-H","E","H","log",17,"17",1,"Very Certain","Different shape"
"5ca042157e0fc527c730f113a6569ca8","30",12,"19-25","Male","Some Graduate Courses","Yes","Prolific","1b39b36e7a6189897f2015f191953b9d","1","t-H_n-M","H","M","log",12,"12",1,"Very Uncertain","Clustering, Different range"
"5ca042157e0fc527c730f113a6569ca8","30",12,"19-25","Male","Some Graduate Courses","Yes","Prolific","1b39b36e7a6189897f2015f191953b9d","1","t-H_n-M","H","M","log",12,"2",0,"Certain","Outlier(s)"
"fc82bf9e2aca0cf9148d03b0354fc9e2","31",11,"26-30","Male","Graduate Degree","Yes","Prolific","914e02881a7432dc34831c5dff0477e0","2","t-H_n-M","H","M","linear",12,"3,6",0,"Very Uncertain","Outlier(s)"
"fc82bf9e2aca0cf9148d03b0354fc9e2","27",11,"26-30","Male","Graduate Degree","Yes","Prolific","b8efad9285426a191f979b32a5094198","2","t-H_n-E","H","E","linear",9,"9",1,"Certain","Different shape"
"fc82bf9e2aca0cf9148d03b0354fc9e2","12",11,"26-30","Male","Graduate Degree","Yes","Prolific","909f6bb4a0bbb8708bcc2d96c0b7052f","2","t-E_n-H","E","H","log",17,"17",1,"Very Certain","Different shape"
"fc82bf9e2aca0cf9148d03b0354fc9e2","10",11,"26-30","Male","Graduate Degree","Yes","Prolific","8105c77bcc5d38d9b4e742f1b76de5fc","1","t-E_n-H","E","H","log",15,"15",1,"Very Certain","Clustering, Different shape"
"fc82bf9e2aca0cf9148d03b0354fc9e2","15",11,"26-30","Male","Graduate Degree","Yes","Prolific","07f1a227ee4ee73124d6589fada210dc","2","t-M_n-E","M","E","linear",10,"1",0,"Neutral","Outlier(s)"
"fc82bf9e2aca0cf9148d03b0354fc9e2","6",11,"26-30","Male","Graduate Degree","Yes","Prolific","9f2d96ab9212ba1d26f176b00e6eeec0","1","t-E_n-M","E","M","log",12,"12",1,"Certain","Different shape"
"fc82bf9e2aca0cf9148d03b0354fc9e2","21",11,"26-30","Male","Graduate Degree","Yes","Prolific","17c70f64092db27a58faa6c255efd8ba","1","t-M_n-H","M","H","linear",1,"11",0,"Certain","Different shape"
"fc82bf9e2aca0cf9148d03b0354fc9e2","29",11,"26-30","Male","Graduate Degree","Yes","Prolific","1b39b36e7a6189897f2015f191953b9d","1","t-H_n-M","H","M","linear",12,"8",0,"Certain","Outlier(s)"
"fc82bf9e2aca0cf9148d03b0354fc9e2","27",11,"26-30","Male","Graduate Degree","Yes","Prolific","b8efad9285426a191f979b32a5094198","2","t-H_n-E","H","E","linear",9,"5",0,"Certain","Outlier(s)"
"fc82bf9e2aca0cf9148d03b0354fc9e2","30",11,"26-30","Male","Graduate Degree","Yes","Prolific","1b39b36e7a6189897f2015f191953b9d","1","t-H_n-M","H","M","log",12,"5",0,"Certain","Outlier(s)"
"fc82bf9e2aca0cf9148d03b0354fc9e2","26",11,"26-30","Male","Graduate Degree","Yes","Prolific","ee322d63db5869407801b2c6cd54c452","1","t-H_n-E","H","E","log",1,"5",0,"Certain","Outlier(s)"
"96fbe96fb2724930744b4128f1ca85fa","22",13,"26-30","Female","Some Undergraduate Courses","No","Prolific","17c70f64092db27a58faa6c255efd8ba","1","t-M_n-H","M","H","log",1,"1",1,"Certain","Different shape, Different slope"
"96fbe96fb2724930744b4128f1ca85fa","5",13,"26-30","Female","Some Undergraduate Courses","No","Prolific","9f2d96ab9212ba1d26f176b00e6eeec0","1","t-E_n-M","E","M","linear",12,"12,19",1,"Certain","Clustering, Different shape, Different slope"
"96fbe96fb2724930744b4128f1ca85fa","28",13,"26-30","Female","Some Undergraduate Courses","No","Prolific","b8efad9285426a191f979b32a5094198","2","t-H_n-E","H","E","log",9,"9",1,"Certain","Different shape, Different slope"
"96fbe96fb2724930744b4128f1ca85fa","10",13,"26-30","Female","Some Undergraduate Courses","No","Prolific","8105c77bcc5d38d9b4e742f1b76de5fc","1","t-E_n-H","E","H","log",15,"15",1,"Certain","Clustering, Different shape, Different slope"
"96fbe96fb2724930744b4128f1ca85fa","15",13,"26-30","Female","Some Undergraduate Courses","No","Prolific","07f1a227ee4ee73124d6589fada210dc","2","t-M_n-E","M","E","linear",10,"11",0,"Certain","Clustering, Different slope"
"96fbe96fb2724930744b4128f1ca85fa","6",13,"26-30","Female","Some Undergraduate Courses","No","Prolific","9f2d96ab9212ba1d26f176b00e6eeec0","1","t-E_n-M","E","M","log",12,"12",1,"Certain","Clustering, Different shape, Different slope"
"96fbe96fb2724930744b4128f1ca85fa","29",13,"26-30","Female","Some Undergraduate Courses","No","Prolific","1b39b36e7a6189897f2015f191953b9d","1","t-H_n-M","H","M","linear",12,"12",1,"Neutral","Clustering, Different slope"
"96fbe96fb2724930744b4128f1ca85fa","25",13,"26-30","Female","Some Undergraduate Courses","No","Prolific","ee322d63db5869407801b2c6cd54c452","1","t-H_n-E","H","E","linear",1,"1",1,"Certain","Different shape, Different slope"
"96fbe96fb2724930744b4128f1ca85fa","11",13,"26-30","Female","Some Undergraduate Courses","No","Prolific","909f6bb4a0bbb8708bcc2d96c0b7052f","2","t-E_n-H","E","H","linear",17,"17",1,"Certain","Clustering, Different shape, Different slope"
"96fbe96fb2724930744b4128f1ca85fa","12",13,"26-30","Female","Some Undergraduate Courses","No","Prolific","909f6bb4a0bbb8708bcc2d96c0b7052f","2","t-E_n-H","E","H","log",17,"17",1,"Certain","Clustering, Different shape, Different slope"
"96fbe96fb2724930744b4128f1ca85fa","29",13,"26-30","Female","Some Undergraduate Courses","No","Prolific","1b39b36e7a6189897f2015f191953b9d","1","t-H_n-M","H","M","linear",12,"17",0,"Certain","Clustering, Different shape, Different slope"
"96fbe96fb2724930744b4128f1ca85fa","27",13,"26-30","Female","Some Undergraduate Courses","No","Prolific","b8efad9285426a191f979b32a5094198","2","t-H_n-E","H","E","linear",9,"9,10",1,"Certain","Clustering, Different shape, Different slope, Outlier(s)"
"96fbe96fb2724930744b4128f1ca85fa","30",13,"26-30","Female","Some Undergraduate Courses","No","Prolific","1b39b36e7a6189897f2015f191953b9d","1","t-H_n-M","H","M","log",12,"10",0,"Neutral","Different shape, Different slope"
"9cccecbe7a1805c457e729a09fe0e0e6","16",13,"19-25","Female","Some Undergraduate Courses","No","Prolific","07f1a227ee4ee73124d6589fada210dc","2","t-M_n-E","M","E","log",10,"13",0,"Uncertain","Different shape"
"9cccecbe7a1805c457e729a09fe0e0e6","5",13,"19-25","Female","Some Undergraduate Courses","No","Prolific","9f2d96ab9212ba1d26f176b00e6eeec0","1","t-E_n-M","E","M","linear",12,"12",1,"Neutral","Clustering, Different shape"
"9cccecbe7a1805c457e729a09fe0e0e6","28",13,"19-25","Female","Some Undergraduate Courses","No","Prolific","b8efad9285426a191f979b32a5094198","2","t-H_n-E","H","E","log",9,"8",0,"Certain","Clustering, Different shape"
"9cccecbe7a1805c457e729a09fe0e0e6","10",13,"19-25","Female","Some Undergraduate Courses","No","Prolific","8105c77bcc5d38d9b4e742f1b76de5fc","1","t-E_n-H","E","H","log",15,"15",1,"Certain","Different shape, Outlier(s)"
"9cccecbe7a1805c457e729a09fe0e0e6","7",13,"19-25","Female","Some Undergraduate Courses","No","Prolific","076f2d6385d635ea49402478f7e44cab","2","t-E_n-M","E","M","linear",14,"14",1,"Certain","Different shape, Outlier(s)"
"9cccecbe7a1805c457e729a09fe0e0e6","13",13,"19-25","Female","Some Undergraduate Courses","No","Prolific","85c5c5a6ab4fdb3aaf06947e0b9d4483","1","t-M_n-E","M","E","linear",10,"13,19,20",0,"Neutral","Different shape, Different slope"
"9cccecbe7a1805c457e729a09fe0e0e6","29",13,"19-25","Female","Some Undergraduate Courses","No","Prolific","1b39b36e7a6189897f2015f191953b9d","1","t-H_n-M","H","M","linear",12,"4,18",0,"Uncertain","Clustering"
"9cccecbe7a1805c457e729a09fe0e0e6","25",13,"19-25","Female","Some Undergraduate Courses","No","Prolific","ee322d63db5869407801b2c6cd54c452","1","t-H_n-E","H","E","linear",1,"3,11,19",0,"Uncertain","Clustering, Different shape, Outlier(s)"
"9cccecbe7a1805c457e729a09fe0e0e6","11",13,"19-25","Female","Some Undergraduate Courses","No","Prolific","909f6bb4a0bbb8708bcc2d96c0b7052f","2","t-E_n-H","E","H","linear",17,"17,15",1,"Neutral","Clustering, Different shape"
"9cccecbe7a1805c457e729a09fe0e0e6","16",13,"19-25","Female","Some Undergraduate Courses","No","Prolific","07f1a227ee4ee73124d6589fada210dc","2","t-M_n-E","M","E","log",10,"4,13,10,18",1,"Uncertain","Clustering, Different range, Different slope"
"9cccecbe7a1805c457e729a09fe0e0e6","29",13,"19-25","Female","Some Undergraduate Courses","No","Prolific","1b39b36e7a6189897f2015f191953b9d","1","t-H_n-M","H","M","linear",12,"3,8,10",0,"Neutral","Different shape, Outlier(s)"
"9cccecbe7a1805c457e729a09fe0e0e6","27",13,"19-25","Female","Some Undergraduate Courses","No","Prolific","b8efad9285426a191f979b32a5094198","2","t-H_n-E","H","E","linear",9,"10,9,19,4",1,"Certain","Clustering, Different shape"
"9cccecbe7a1805c457e729a09fe0e0e6","10",13,"19-25","Female","Some Undergraduate Courses","No","Prolific","8105c77bcc5d38d9b4e742f1b76de5fc","1","t-E_n-H","E","H","log",15,"15",1,"Very Certain","Different shape"
"2542e2f52375dc2613a59af370505962","16",12,"19-25","Female","Graduate Degree","No","Prolific","07f1a227ee4ee73124d6589fada210dc","2","t-M_n-E","M","E","log",10,"4",0,"Neutral","Different shape, Different slope"
"2542e2f52375dc2613a59af370505962","5",12,"19-25","Female","Graduate Degree","No","Prolific","9f2d96ab9212ba1d26f176b00e6eeec0","1","t-E_n-M","E","M","linear",12,"1",0,"Certain","Different shape, Different slope, Outlier(s)"
"2542e2f52375dc2613a59af370505962","28",12,"19-25","Female","Graduate Degree","No","Prolific","b8efad9285426a191f979b32a5094198","2","t-H_n-E","H","E","log",9,"9",1,"Certain","Different slope"
"2542e2f52375dc2613a59af370505962","14",12,"19-25","Female","Graduate Degree","No","Prolific","85c5c5a6ab4fdb3aaf06947e0b9d4483","1","t-M_n-E","M","E","log",10,"1",0,"Uncertain","Clustering"
"2542e2f52375dc2613a59af370505962","7",12,"19-25","Female","Graduate Degree","No","Prolific","076f2d6385d635ea49402478f7e44cab","2","t-E_n-M","E","M","linear",14,"14",1,"Certain","Clustering, Outlier(s)"
"2542e2f52375dc2613a59af370505962","13",12,"19-25","Female","Graduate Degree","No","Prolific","85c5c5a6ab4fdb3aaf06947e0b9d4483","1","t-M_n-E","M","E","linear",10,"11",0,"Very Uncertain","Different shape, Outlier(s)"
"2542e2f52375dc2613a59af370505962","29",12,"19-25","Female","Graduate Degree","No","Prolific","1b39b36e7a6189897f2015f191953b9d","1","t-H_n-M","H","M","linear",12,"5",0,"Uncertain","Clustering"
"2542e2f52375dc2613a59af370505962","25",12,"19-25","Female","Graduate Degree","No","Prolific","ee322d63db5869407801b2c6cd54c452","1","t-H_n-E","H","E","linear",1,"1",1,"Neutral","Different shape"
"2542e2f52375dc2613a59af370505962","11",12,"19-25","Female","Graduate Degree","No","Prolific","909f6bb4a0bbb8708bcc2d96c0b7052f","2","t-E_n-H","E","H","linear",17,"17",1,"Very Certain","Different shape, Different slope, Outlier(s)"
"2542e2f52375dc2613a59af370505962","12",12,"19-25","Female","Graduate Degree","No","Prolific","909f6bb4a0bbb8708bcc2d96c0b7052f","2","t-E_n-H","E","H","log",17,"17",1,"Very Certain","Different shape"
"2542e2f52375dc2613a59af370505962","27",12,"19-25","Female","Graduate Degree","No","Prolific","b8efad9285426a191f979b32a5094198","2","t-H_n-E","H","E","linear",9,"20",0,"Uncertain","Different shape, Different slope"
"2542e2f52375dc2613a59af370505962","30",12,"19-25","Female","Graduate Degree","No","Prolific","1b39b36e7a6189897f2015f191953b9d","1","t-H_n-M","H","M","log",12,"14",0,"Very Uncertain","Different slope"
"3c31458f1aeafb3549187894ebcd967a","16",12,"19-25","Male","Some Graduate Courses","Yes","Prolific","07f1a227ee4ee73124d6589fada210dc","2","t-M_n-E","M","E","log",10,"15",0,"Neutral","Clustering"
"3c31458f1aeafb3549187894ebcd967a","5",12,"19-25","Male","Some Graduate Courses","Yes","Prolific","9f2d96ab9212ba1d26f176b00e6eeec0","1","t-E_n-M","E","M","linear",12,"12",1,"Neutral","Different range"
"3c31458f1aeafb3549187894ebcd967a","28",12,"19-25","Male","Some Graduate Courses","Yes","Prolific","b8efad9285426a191f979b32a5094198","2","t-H_n-E","H","E","log",9,"6",0,"Certain","Clustering"
"3c31458f1aeafb3549187894ebcd967a","10",12,"19-25","Male","Some Graduate Courses","Yes","Prolific","8105c77bcc5d38d9b4e742f1b76de5fc","1","t-E_n-H","E","H","log",15,"15",1,"Certain","Clustering"
"3c31458f1aeafb3549187894ebcd967a","7",12,"19-25","Male","Some Graduate Courses","Yes","Prolific","076f2d6385d635ea49402478f7e44cab","2","t-E_n-M","E","M","linear",14,"18",0,"Neutral","Clustering"
"3c31458f1aeafb3549187894ebcd967a","13",12,"19-25","Male","Some Graduate Courses","Yes","Prolific","85c5c5a6ab4fdb3aaf06947e0b9d4483","1","t-M_n-E","M","E","linear",10,"11",0,"Certain","Different range"
"3c31458f1aeafb3549187894ebcd967a","29",12,"19-25","Male","Some Graduate Courses","Yes","Prolific","1b39b36e7a6189897f2015f191953b9d","1","t-H_n-M","H","M","linear",12,"4",0,"Neutral","Clustering"
"3c31458f1aeafb3549187894ebcd967a","25",12,"19-25","Male","Some Graduate Courses","Yes","Prolific","ee322d63db5869407801b2c6cd54c452","1","t-H_n-E","H","E","linear",1,"17",0,"Certain","Clustering"
"3c31458f1aeafb3549187894ebcd967a","11",12,"19-25","Male","Some Graduate Courses","Yes","Prolific","909f6bb4a0bbb8708bcc2d96c0b7052f","2","t-E_n-H","E","H","linear",17,"17",1,"Uncertain","Different range"
"3c31458f1aeafb3549187894ebcd967a","12",12,"19-25","Male","Some Graduate Courses","Yes","Prolific","909f6bb4a0bbb8708bcc2d96c0b7052f","2","t-E_n-H","E","H","log",17,"17",1,"Neutral","Different shape"
"3c31458f1aeafb3549187894ebcd967a","30",12,"19-25","Male","Some Graduate Courses","Yes","Prolific","1b39b36e7a6189897f2015f191953b9d","1","t-H_n-M","H","M","log",12,"16",0,"Uncertain","Clustering"
"3c31458f1aeafb3549187894ebcd967a","30",12,"19-25","Male","Some Graduate Courses","Yes","Prolific","1b39b36e7a6189897f2015f191953b9d","1","t-H_n-M","H","M","log",12,"14",0,"Very Uncertain","Different shape"
"2165067493f1245f89841dbdd6e98227","10",12,"19-25","Female","Undergraduate Degree","Yes","Prolific","8105c77bcc5d38d9b4e742f1b76de5fc","1","t-E_n-H","E","H","log",15,"5",0,"Certain","Clustering"
"2165067493f1245f89841dbdd6e98227","15",12,"19-25","Female","Undergraduate Degree","Yes","Prolific","07f1a227ee4ee73124d6589fada210dc","2","t-M_n-E","M","E","linear",10,"15",0,"Neutral","Clustering"
"2165067493f1245f89841dbdd6e98227","16",12,"19-25","Female","Undergraduate Degree","Yes","Prolific","07f1a227ee4ee73124d6589fada210dc","2","t-M_n-E","M","E","log",10,"10",1,"Very Certain","Different slope"
"2165067493f1245f89841dbdd6e98227","7",12,"19-25","Female","Undergraduate Degree","Yes","Prolific","076f2d6385d635ea49402478f7e44cab","2","t-E_n-M","E","M","linear",14,"5",0,"Certain","Different shape"
"2165067493f1245f89841dbdd6e98227","10",12,"19-25","Female","Undergraduate Degree","Yes","Prolific","8105c77bcc5d38d9b4e742f1b76de5fc","1","t-E_n-H","E","H","log",15,"5",0,"Neutral","Different shape"
"2165067493f1245f89841dbdd6e98227","8",12,"19-25","Female","Undergraduate Degree","Yes","Prolific","076f2d6385d635ea49402478f7e44cab","2","t-E_n-M","E","M","log",14,"14",1,"Certain","Different shape"
"2165067493f1245f89841dbdd6e98227","30",12,"19-25","Female","Undergraduate Degree","Yes","Prolific","1b39b36e7a6189897f2015f191953b9d","1","t-H_n-M","H","M","log",12,"10",0,"Neutral","Different range"
"2165067493f1245f89841dbdd6e98227","13",12,"19-25","Female","Undergraduate Degree","Yes","Prolific","85c5c5a6ab4fdb3aaf06947e0b9d4483","1","t-M_n-E","M","E","linear",10,"15",0,"Certain","Different shape"
"2165067493f1245f89841dbdd6e98227","11",12,"19-25","Female","Undergraduate Degree","Yes","Prolific","909f6bb4a0bbb8708bcc2d96c0b7052f","2","t-E_n-H","E","H","linear",17,"15",0,"Neutral","Different shape"
"2165067493f1245f89841dbdd6e98227","8",12,"19-25","Female","Undergraduate Degree","Yes","Prolific","076f2d6385d635ea49402478f7e44cab","2","t-E_n-M","E","M","log",14,"14",1,"Neutral","Different shape"
"2165067493f1245f89841dbdd6e98227","16",12,"19-25","Female","Undergraduate Degree","Yes","Prolific","07f1a227ee4ee73124d6589fada210dc","2","t-M_n-E","M","E","log",10,"10",1,"Very Certain","Different slope"
"2165067493f1245f89841dbdd6e98227","32",12,"19-25","Female","Undergraduate Degree","Yes","Prolific","914e02881a7432dc34831c5dff0477e0","2","t-H_n-M","H","M","log",12,"19",0,"Very Certain","Different shape, Different slope"
"c3a3b724a5e078ba43a982818a8b9db0","23",11,"19-25","Female","Graduate Degree","Yes","Prolific","70eebf16937fb9e77a3b806afe9aa528","2","t-M_n-H","M","H","linear",13,"13",1,"Certain","Different shape"
"c3a3b724a5e078ba43a982818a8b9db0","14",11,"19-25","Female","Graduate Degree","Yes","Prolific","85c5c5a6ab4fdb3aaf06947e0b9d4483","1","t-M_n-E","M","E","log",10,"10",1,"Neutral","Different slope"
"c3a3b724a5e078ba43a982818a8b9db0","8",11,"19-25","Female","Graduate Degree","Yes","Prolific","076f2d6385d635ea49402478f7e44cab","2","t-E_n-M","E","M","log",14,"14",1,"Neutral","Different shape, Different slope"
"c3a3b724a5e078ba43a982818a8b9db0","28",11,"19-25","Female","Graduate Degree","Yes","Prolific","b8efad9285426a191f979b32a5094198","2","t-H_n-E","H","E","log",9,"10",0,"Neutral","Clustering"
"c3a3b724a5e078ba43a982818a8b9db0","31",11,"19-25","Female","Graduate Degree","Yes","Prolific","914e02881a7432dc34831c5dff0477e0","2","t-H_n-M","H","M","linear",12,"3",0,"Neutral","Outlier(s)"
"c3a3b724a5e078ba43a982818a8b9db0","15",11,"19-25","Female","Graduate Degree","Yes","Prolific","07f1a227ee4ee73124d6589fada210dc","2","t-M_n-E","M","E","linear",10,"11,16",0,"Neutral","Clustering"
"c3a3b724a5e078ba43a982818a8b9db0","27",11,"19-25","Female","Graduate Degree","Yes","Prolific","b8efad9285426a191f979b32a5094198","2","t-H_n-E","H","E","linear",9,"19,14",0,"Neutral","Clustering, Different shape"
"c3a3b724a5e078ba43a982818a8b9db0","26",11,"19-25","Female","Graduate Degree","Yes","Prolific","ee322d63db5869407801b2c6cd54c452","1","t-H_n-E","H","E","log",1,"1",1,"Certain","Different slope"
"c3a3b724a5e078ba43a982818a8b9db0","12",11,"19-25","Female","Graduate Degree","Yes","Prolific","909f6bb4a0bbb8708bcc2d96c0b7052f","2","t-E_n-H","E","H","log",17,"17",1,"Certain","Different slope"
"c3a3b724a5e078ba43a982818a8b9db0","31",11,"19-25","Female","Graduate Degree","Yes","Prolific","914e02881a7432dc34831c5dff0477e0","2","t-H_n-M","H","M","linear",12,"3",0,"Neutral","Outlier(s)"
"c3a3b724a5e078ba43a982818a8b9db0","11",11,"19-25","Female","Graduate Degree","Yes","Prolific","909f6bb4a0bbb8708bcc2d96c0b7052f","2","t-E_n-H","E","H","linear",17,"17",1,"Certain","Different shape, Different slope"
"0d8d494e5d7c46d17a2bd041948806eb","22",11,"26-30","Male","Undergraduate Degree","Yes","Prolific","17c70f64092db27a58faa6c255efd8ba","1","t-M_n-H","M","H","log",1,"5,20",0,"Neutral","Different shape"
"0d8d494e5d7c46d17a2bd041948806eb","11",11,"26-30","Male","Undergraduate Degree","Yes","Prolific","909f6bb4a0bbb8708bcc2d96c0b7052f","2","t-E_n-H","E","H","linear",17,"17",1,"Certain","Different shape, Different slope"
"0d8d494e5d7c46d17a2bd041948806eb","22",11,"26-30","Male","Undergraduate Degree","Yes","Prolific","17c70f64092db27a58faa6c255efd8ba","1","t-M_n-H","M","H","log",1,"3,20",0,"Neutral","Different range, Different shape"
"0d8d494e5d7c46d17a2bd041948806eb","7",11,"26-30","Male","Undergraduate Degree","Yes","Prolific","076f2d6385d635ea49402478f7e44cab","2","t-E_n-M","E","M","linear",14,"14",1,"Neutral","Different shape"
"0d8d494e5d7c46d17a2bd041948806eb","8",11,"26-30","Male","Undergraduate Degree","Yes","Prolific","076f2d6385d635ea49402478f7e44cab","2","t-E_n-M","E","M","log",14,"14",1,"Certain","Different shape, Different slope"
"0d8d494e5d7c46d17a2bd041948806eb","13",11,"26-30","Male","Undergraduate Degree","Yes","Prolific","85c5c5a6ab4fdb3aaf06947e0b9d4483","1","t-M_n-E","M","E","linear",10,"18,5",0,"Neutral","Different shape"
"0d8d494e5d7c46d17a2bd041948806eb","13",11,"26-30","Male","Undergraduate Degree","Yes","Prolific","85c5c5a6ab4fdb3aaf06947e0b9d4483","1","t-M_n-E","M","E","linear",10,"15,20",0,"Neutral","Clustering, Different slope"
"0d8d494e5d7c46d17a2bd041948806eb","8",11,"26-30","Male","Undergraduate Degree","Yes","Prolific","076f2d6385d635ea49402478f7e44cab","2","t-E_n-M","E","M","log",14,"14,11",1,"Neutral","Clustering, Different shape"
"0d8d494e5d7c46d17a2bd041948806eb","14",11,"26-30","Male","Undergraduate Degree","Yes","Prolific","85c5c5a6ab4fdb3aaf06947e0b9d4483","1","t-M_n-E","M","E","log",10,"20",0,"Neutral","Clustering"
"0d8d494e5d7c46d17a2bd041948806eb","27",11,"26-30","Male","Undergraduate Degree","Yes","Prolific","b8efad9285426a191f979b32a5094198","2","t-H_n-E","H","E","linear",9,"5",0,"Neutral","Different range, Different slope"
"0d8d494e5d7c46d17a2bd041948806eb","32",11,"26-30","Male","Undergraduate Degree","Yes","Prolific","914e02881a7432dc34831c5dff0477e0","2","t-H_n-M","H","M","log",12,"12",1,"Neutral","Different slope"
"cdb5a1bb146b1dcfabc640212dcb3ad3","8",11,"19-25","Male","Some Graduate Courses","Yes","Prolific","076f2d6385d635ea49402478f7e44cab","2","t-E_n-M","E","M","log",14,"14",1,"Very Certain","Different slope"
"cdb5a1bb146b1dcfabc640212dcb3ad3","30",11,"19-25","Male","Some Graduate Courses","Yes","Prolific","1b39b36e7a6189897f2015f191953b9d","1","t-H_n-M","H","M","log",12,"12",1,"Certain","Different slope"
"cdb5a1bb146b1dcfabc640212dcb3ad3","22",11,"19-25","Male","Some Graduate Courses","Yes","Prolific","17c70f64092db27a58faa6c255efd8ba","1","t-M_n-H","M","H","log",1,"3",0,"Neutral","Different range"
"cdb5a1bb146b1dcfabc640212dcb3ad3","7",11,"19-25","Male","Some Graduate Courses","Yes","Prolific","076f2d6385d635ea49402478f7e44cab","2","t-E_n-M","E","M","linear",14,"14",1,"Certain","Different slope"
"cdb5a1bb146b1dcfabc640212dcb3ad3","8",11,"19-25","Male","Some Graduate Courses","Yes","Prolific","076f2d6385d635ea49402478f7e44cab","2","t-E_n-M","E","M","log",14,"14",1,"Certain","Different slope"
"cdb5a1bb146b1dcfabc640212dcb3ad3","13",11,"19-25","Male","Some Graduate Courses","Yes","Prolific","85c5c5a6ab4fdb3aaf06947e0b9d4483","1","t-M_n-E","M","E","linear",10,"19",0,"Neutral","Different range"
"cdb5a1bb146b1dcfabc640212dcb3ad3","13",11,"19-25","Male","Some Graduate Courses","Yes","Prolific","85c5c5a6ab4fdb3aaf06947e0b9d4483","1","t-M_n-E","M","E","linear",10,"11",0,"Certain","Different range"
"cdb5a1bb146b1dcfabc640212dcb3ad3","8",11,"19-25","Male","Some Graduate Courses","Yes","Prolific","076f2d6385d635ea49402478f7e44cab","2","t-E_n-M","E","M","log",14,"14",1,"Very Certain","Different shape, Different slope"
"cdb5a1bb146b1dcfabc640212dcb3ad3","14",11,"19-25","Male","Some Graduate Courses","Yes","Prolific","85c5c5a6ab4fdb3aaf06947e0b9d4483","1","t-M_n-E","M","E","log",10,"10",1,"Certain","Different slope"
"cdb5a1bb146b1dcfabc640212dcb3ad3","27",11,"19-25","Male","Some Graduate Courses","Yes","Prolific","b8efad9285426a191f979b32a5094198","2","t-H_n-E","H","E","linear",9,"9,5",1,"Certain","Clustering, Different slope"
"cdb5a1bb146b1dcfabc640212dcb3ad3","32",11,"19-25","Male","Some Graduate Courses","Yes","Prolific","914e02881a7432dc34831c5dff0477e0","2","t-H_n-M","H","M","log",12,"12",1,"Certain","Different slope"
"f1091d7f85986c8b72a1540f00792618","21",11,"19-25","Male","Undergraduate Degree","Yes","Prolific","17c70f64092db27a58faa6c255efd8ba","1","t-M_n-H","M","H","linear",1,"11",0,"Certain","Clustering"
"f1091d7f85986c8b72a1540f00792618","11",11,"19-25","Male","Undergraduate Degree","Yes","Prolific","909f6bb4a0bbb8708bcc2d96c0b7052f","2","t-E_n-H","E","H","linear",17,"20",0,"Very Certain","Different range"
"f1091d7f85986c8b72a1540f00792618","21",11,"19-25","Male","Undergraduate Degree","Yes","Prolific","17c70f64092db27a58faa6c255efd8ba","1","t-M_n-H","M","H","linear",1,"2,1",1,"Certain","Different slope"
"f1091d7f85986c8b72a1540f00792618","7",11,"19-25","Male","Undergraduate Degree","Yes","Prolific","076f2d6385d635ea49402478f7e44cab","2","t-E_n-M","E","M","linear",14,"13,5,3",0,"Certain","Different slope"
"f1091d7f85986c8b72a1540f00792618","7",11,"19-25","Male","Undergraduate Degree","Yes","Prolific","076f2d6385d635ea49402478f7e44cab","2","t-E_n-M","E","M","linear",14,"13,1,3,17",0,"Certain","Different range"
"f1091d7f85986c8b72a1540f00792618","22",11,"19-25","Male","Undergraduate Degree","Yes","Prolific","17c70f64092db27a58faa6c255efd8ba","1","t-M_n-H","M","H","log",1,"11,10",0,"Certain","Different shape"
"f1091d7f85986c8b72a1540f00792618","13",11,"19-25","Male","Undergraduate Degree","Yes","Prolific","85c5c5a6ab4fdb3aaf06947e0b9d4483","1","t-M_n-E","M","E","linear",10,"5,14,7,11",0,"Neutral","Different slope"
"f1091d7f85986c8b72a1540f00792618","8",11,"19-25","Male","Undergraduate Degree","Yes","Prolific","076f2d6385d635ea49402478f7e44cab","2","t-E_n-M","E","M","log",14,"14",1,"Neutral","Different shape"
"f1091d7f85986c8b72a1540f00792618","14",11,"19-25","Male","Undergraduate Degree","Yes","Prolific","85c5c5a6ab4fdb3aaf06947e0b9d4483","1","t-M_n-E","M","E","log",10,"4,1,2,18",0,"Uncertain","Outlier(s)"
"f1091d7f85986c8b72a1540f00792618","27",11,"19-25","Male","Undergraduate Degree","Yes","Prolific","b8efad9285426a191f979b32a5094198","2","t-H_n-E","H","E","linear",9,"9,10,3",1,"Certain","Different range"
"f1091d7f85986c8b72a1540f00792618","32",11,"19-25","Male","Undergraduate Degree","Yes","Prolific","914e02881a7432dc34831c5dff0477e0","2","t-H_n-M","H","M","log",12,"19",0,"Uncertain","Outlier(s)"
"af351a4cff12ef3a39d4d9b90c1b5ea8","14",12,"Over 60","Male","High School or Less","No","Prolific","85c5c5a6ab4fdb3aaf06947e0b9d4483","1","t-M_n-E","M","E","log",10,"2,10",1,"Neutral","Different slope"
"af351a4cff12ef3a39d4d9b90c1b5ea8","11",12,"Over 60","Male","High School or Less","No","Prolific","909f6bb4a0bbb8708bcc2d96c0b7052f","2","t-E_n-H","E","H","linear",17,"17",1,"Very Uncertain","Different shape, Different slope"
"af351a4cff12ef3a39d4d9b90c1b5ea8","31",12,"Over 60","Male","High School or Less","No","Prolific","914e02881a7432dc34831c5dff0477e0","2","t-H_n-M","H","M","linear",12,"3",0,"Neutral","Other, Gap"
"af351a4cff12ef3a39d4d9b90c1b5ea8","28",12,"Over 60","Male","High School or Less","No","Prolific","b8efad9285426a191f979b32a5094198","2","t-H_n-E","H","E","log",9,"9",1,"Certain","Different shape, Different slope"
"af351a4cff12ef3a39d4d9b90c1b5ea8","12",12,"Over 60","Male","High School or Less","No","Prolific","909f6bb4a0bbb8708bcc2d96c0b7052f","2","t-E_n-H","E","H","log",17,"17",1,"Certain","Different shape, Different slope"
"af351a4cff12ef3a39d4d9b90c1b5ea8","7",12,"Over 60","Male","High School or Less","No","Prolific","076f2d6385d635ea49402478f7e44cab","2","t-E_n-M","E","M","linear",14,"5,14",1,"Neutral","Different shape"
"af351a4cff12ef3a39d4d9b90c1b5ea8","27",12,"Over 60","Male","High School or Less","No","Prolific","b8efad9285426a191f979b32a5094198","2","t-H_n-E","H","E","linear",9,"9",1,"Certain","Different slope"
"af351a4cff12ef3a39d4d9b90c1b5ea8","25",12,"Over 60","Male","High School or Less","No","Prolific","ee322d63db5869407801b2c6cd54c452","1","t-H_n-E","H","E","linear",1,"1",1,"Uncertain","Different slope"
"af351a4cff12ef3a39d4d9b90c1b5ea8","5",12,"Over 60","Male","High School or Less","No","Prolific","9f2d96ab9212ba1d26f176b00e6eeec0","1","t-E_n-M","E","M","linear",12,"12",1,"Uncertain","Clustering"
"af351a4cff12ef3a39d4d9b90c1b5ea8","7",12,"Over 60","Male","High School or Less","No","Prolific","076f2d6385d635ea49402478f7e44cab","2","t-E_n-M","E","M","linear",14,"5",0,"Neutral","Different shape"
"af351a4cff12ef3a39d4d9b90c1b5ea8","11",12,"Over 60","Male","High School or Less","No","Prolific","909f6bb4a0bbb8708bcc2d96c0b7052f","2","t-E_n-H","E","H","linear",17,"17",1,"Very Certain","Different shape, Different slope"
"af351a4cff12ef3a39d4d9b90c1b5ea8","16",12,"Over 60","Male","High School or Less","No","Prolific","07f1a227ee4ee73124d6589fada210dc","2","t-M_n-E","M","E","log",10,"10",1,"Certain","Different shape"
"5d8703904fc528cf3ca7ec3f89fa806c","21",11,"19-25","Female","Some Undergraduate Courses","Yes","Prolific","17c70f64092db27a58faa6c255efd8ba","1","t-M_n-H","M","H","linear",1,"1",1,"Neutral","Different slope"
"5d8703904fc528cf3ca7ec3f89fa806c","11",11,"19-25","Female","Some Undergraduate Courses","Yes","Prolific","909f6bb4a0bbb8708bcc2d96c0b7052f","2","t-E_n-H","E","H","linear",17,"17",1,"Certain","Different slope"
"5d8703904fc528cf3ca7ec3f89fa806c","21",11,"19-25","Female","Some Undergraduate Courses","Yes","Prolific","17c70f64092db27a58faa6c255efd8ba","1","t-M_n-H","M","H","linear",1,"1",1,"Certain","Different shape, Outlier(s)"
"5d8703904fc528cf3ca7ec3f89fa806c","12",11,"19-25","Female","Some Undergraduate Courses","Yes","Prolific","909f6bb4a0bbb8708bcc2d96c0b7052f","2","t-E_n-H","E","H","log",17,"17",1,"Very Certain","Different shape"
"5d8703904fc528cf3ca7ec3f89fa806c","7",11,"19-25","Female","Some Undergraduate Courses","Yes","Prolific","076f2d6385d635ea49402478f7e44cab","2","t-E_n-M","E","M","linear",14,"14",1,"Certain","Clustering, Outlier(s)"
"5d8703904fc528cf3ca7ec3f89fa806c","22",11,"19-25","Female","Some Undergraduate Courses","Yes","Prolific","17c70f64092db27a58faa6c255efd8ba","1","t-M_n-H","M","H","log",1,"1",1,"Certain","Clustering, Different shape"
"5d8703904fc528cf3ca7ec3f89fa806c","13",11,"19-25","Female","Some Undergraduate Courses","Yes","Prolific","85c5c5a6ab4fdb3aaf06947e0b9d4483","1","t-M_n-E","M","E","linear",10,"16",0,"Uncertain","Clustering, Outlier(s)"
"5d8703904fc528cf3ca7ec3f89fa806c","8",11,"19-25","Female","Some Undergraduate Courses","Yes","Prolific","076f2d6385d635ea49402478f7e44cab","2","t-E_n-M","E","M","log",14,"14",1,"Certain","Clustering, Outlier(s)"
"5d8703904fc528cf3ca7ec3f89fa806c","14",11,"19-25","Female","Some Undergraduate Courses","Yes","Prolific","85c5c5a6ab4fdb3aaf06947e0b9d4483","1","t-M_n-E","M","E","log",10,"1",0,"Uncertain","Outlier(s)"
"5d8703904fc528cf3ca7ec3f89fa806c","27",11,"19-25","Female","Some Undergraduate Courses","Yes","Prolific","b8efad9285426a191f979b32a5094198","2","t-H_n-E","H","E","linear",9,"9",1,"Neutral","Clustering, Different slope"
"5d8703904fc528cf3ca7ec3f89fa806c","32",11,"19-25","Female","Some Undergraduate Courses","Yes","Prolific","914e02881a7432dc34831c5dff0477e0","2","t-H_n-M","H","M","log",12,"12",1,"Certain","Different shape"
"7f475c2ea0940f6ab372994b16b1d335","21",12,"36-40","Male","Prefer not to answer","Yes","Prolific","17c70f64092db27a58faa6c255efd8ba","1","t-M_n-H","M","H","linear",1,"1",1,"Certain","Different range, Different shape, Different slope, Outlier(s)"
"7f475c2ea0940f6ab372994b16b1d335","11",12,"36-40","Male","Prefer not to answer","Yes","Prolific","909f6bb4a0bbb8708bcc2d96c0b7052f","2","t-E_n-H","E","H","linear",17,"17",1,"Certain","Different range, Different slope, Outlier(s)"
"7f475c2ea0940f6ab372994b16b1d335","16",12,"36-40","Male","Prefer not to answer","Yes","Prolific","07f1a227ee4ee73124d6589fada210dc","2","t-M_n-E","M","E","log",10,"10",1,"Certain","Clustering, Different shape"
"7f475c2ea0940f6ab372994b16b1d335","21",12,"36-40","Male","Prefer not to answer","Yes","Prolific","17c70f64092db27a58faa6c255efd8ba","1","t-M_n-H","M","H","linear",1,"1",1,"Certain","Clustering, Different range, Different shape"
"7f475c2ea0940f6ab372994b16b1d335","7",12,"36-40","Male","Prefer not to answer","Yes","Prolific","076f2d6385d635ea49402478f7e44cab","2","t-E_n-M","E","M","linear",14,"5",0,"Uncertain","Clustering, Different range, Outlier(s)"
"7f475c2ea0940f6ab372994b16b1d335","8",12,"36-40","Male","Prefer not to answer","Yes","Prolific","076f2d6385d635ea49402478f7e44cab","2","t-E_n-M","E","M","log",14,"14",1,"Certain","Different range, Different shape, Different slope"
"7f475c2ea0940f6ab372994b16b1d335","13",12,"36-40","Male","Prefer not to answer","Yes","Prolific","85c5c5a6ab4fdb3aaf06947e0b9d4483","1","t-M_n-E","M","E","linear",10,"13",0,"Uncertain","Clustering, Different range"
"7f475c2ea0940f6ab372994b16b1d335","32",12,"36-40","Male","Prefer not to answer","Yes","Prolific","914e02881a7432dc34831c5dff0477e0","2","t-H_n-M","H","M","log",12,"13",0,"Neutral","Clustering, Different range, Different shape"
"7f475c2ea0940f6ab372994b16b1d335","8",12,"36-40","Male","Prefer not to answer","Yes","Prolific","076f2d6385d635ea49402478f7e44cab","2","t-E_n-M","E","M","log",14,"14",1,"Certain","Clustering, Different shape, Different slope"
"7f475c2ea0940f6ab372994b16b1d335","14",12,"36-40","Male","Prefer not to answer","Yes","Prolific","85c5c5a6ab4fdb3aaf06947e0b9d4483","1","t-M_n-E","M","E","log",10,"10",1,"Very Certain","Different shape, Different slope"
"7f475c2ea0940f6ab372994b16b1d335","27",12,"36-40","Male","Prefer not to answer","Yes","Prolific","b8efad9285426a191f979b32a5094198","2","t-H_n-E","H","E","linear",9,"5,9",1,"Neutral","Different range, Different shape, Different slope"
"7f475c2ea0940f6ab372994b16b1d335","32",12,"36-40","Male","Prefer not to answer","Yes","Prolific","914e02881a7432dc34831c5dff0477e0","2","t-H_n-M","H","M","log",12,"3",0,"Uncertain","Clustering"
"e9ea9875fe4c8941bc93c81cf59979c0","21",12,"19-25","Female","Some Graduate Courses","Yes","Prolific","17c70f64092db27a58faa6c255efd8ba","1","t-M_n-H","M","H","linear",1,"10",0,"Certain","Different range"
"e9ea9875fe4c8941bc93c81cf59979c0","11",12,"19-25","Female","Some Graduate Courses","Yes","Prolific","909f6bb4a0bbb8708bcc2d96c0b7052f","2","t-E_n-H","E","H","linear",17,"10",0,"Uncertain","Different range"
"e9ea9875fe4c8941bc93c81cf59979c0","31",12,"19-25","Female","Some Graduate Courses","Yes","Prolific","914e02881a7432dc34831c5dff0477e0","2","t-H_n-M","H","M","linear",12,"12",1,"Certain","Different slope"
"e9ea9875fe4c8941bc93c81cf59979c0","28",12,"19-25","Female","Some Graduate Courses","Yes","Prolific","b8efad9285426a191f979b32a5094198","2","t-H_n-E","H","E","log",9,"1,9",1,"Very Certain","Different shape, Different slope"
"e9ea9875fe4c8941bc93c81cf59979c0","12",12,"19-25","Female","Some Graduate Courses","Yes","Prolific","909f6bb4a0bbb8708bcc2d96c0b7052f","2","t-E_n-H","E","H","log",17,"17",1,"Very Certain","Different slope"
"e9ea9875fe4c8941bc93c81cf59979c0","7",12,"19-25","Female","Some Graduate Courses","Yes","Prolific","076f2d6385d635ea49402478f7e44cab","2","t-E_n-M","E","M","linear",14,"14",1,"Certain","Different shape"
"e9ea9875fe4c8941bc93c81cf59979c0","22",12,"19-25","Female","Some Graduate Courses","Yes","Prolific","17c70f64092db27a58faa6c255efd8ba","1","t-M_n-H","M","H","log",1,"1",1,"Certain","Different shape, Different slope"
"e9ea9875fe4c8941bc93c81cf59979c0","13",12,"19-25","Female","Some Graduate Courses","Yes","Prolific","85c5c5a6ab4fdb3aaf06947e0b9d4483","1","t-M_n-E","M","E","linear",10,"13",0,"Uncertain","Different range"
"e9ea9875fe4c8941bc93c81cf59979c0","8",12,"19-25","Female","Some Graduate Courses","Yes","Prolific","076f2d6385d635ea49402478f7e44cab","2","t-E_n-M","E","M","log",14,"14",1,"Very Certain","Different shape, Different slope"
"e9ea9875fe4c8941bc93c81cf59979c0","14",12,"19-25","Female","Some Graduate Courses","Yes","Prolific","85c5c5a6ab4fdb3aaf06947e0b9d4483","1","t-M_n-E","M","E","log",10,"10",1,"Very Certain","Different shape, Different slope"
"e9ea9875fe4c8941bc93c81cf59979c0","27",12,"19-25","Female","Some Graduate Courses","Yes","Prolific","b8efad9285426a191f979b32a5094198","2","t-H_n-E","H","E","linear",9,"10",0,"Very Certain","Different shape"
"e9ea9875fe4c8941bc93c81cf59979c0","32",12,"19-25","Female","Some Graduate Courses","Yes","Prolific","914e02881a7432dc34831c5dff0477e0","2","t-H_n-M","H","M","log",12,"4",0,"Neutral","Different range"
"b197cd5ee399484d36023056b3e23b5d","21",12,"36-40","Female","Undergraduate Degree","Yes","Prolific","17c70f64092db27a58faa6c255efd8ba","1","t-M_n-H","M","H","linear",1,"10",0,"Certain","Different slope"
"b197cd5ee399484d36023056b3e23b5d","30",12,"36-40","Female","Undergraduate Degree","Yes","Prolific","1b39b36e7a6189897f2015f191953b9d","1","t-H_n-M","H","M","log",12,"5",0,"Neutral","Different range"
"b197cd5ee399484d36023056b3e23b5d","31",12,"36-40","Female","Undergraduate Degree","Yes","Prolific","914e02881a7432dc34831c5dff0477e0","2","t-H_n-M","H","M","linear",12,"3",0,"Certain","Different shape"
"b197cd5ee399484d36023056b3e23b5d","28",12,"36-40","Female","Undergraduate Degree","Yes","Prolific","b8efad9285426a191f979b32a5094198","2","t-H_n-E","H","E","log",9,"15",0,"Certain","Different shape"
"b197cd5ee399484d36023056b3e23b5d","30",12,"36-40","Female","Undergraduate Degree","Yes","Prolific","1b39b36e7a6189897f2015f191953b9d","1","t-H_n-M","H","M","log",12,"16",0,"Certain","Clustering"
"b197cd5ee399484d36023056b3e23b5d","28",12,"36-40","Female","Undergraduate Degree","Yes","Prolific","b8efad9285426a191f979b32a5094198","2","t-H_n-E","H","E","log",9,"10",0,"Neutral","Different slope"
"b197cd5ee399484d36023056b3e23b5d","31",12,"36-40","Female","Undergraduate Degree","Yes","Prolific","914e02881a7432dc34831c5dff0477e0","2","t-H_n-M","H","M","linear",12,"13",0,"Certain","Clustering"
"b197cd5ee399484d36023056b3e23b5d","15",12,"36-40","Female","Undergraduate Degree","Yes","Prolific","07f1a227ee4ee73124d6589fada210dc","2","t-M_n-E","M","E","linear",10,"7",0,"Neutral","Different slope"
"b197cd5ee399484d36023056b3e23b5d","9",12,"36-40","Female","Undergraduate Degree","Yes","Prolific","8105c77bcc5d38d9b4e742f1b76de5fc","1","t-E_n-H","E","H","linear",15,"15",1,"Certain","Clustering"
"b197cd5ee399484d36023056b3e23b5d","15",12,"36-40","Female","Undergraduate Degree","Yes","Prolific","07f1a227ee4ee73124d6589fada210dc","2","t-M_n-E","M","E","linear",10,"14",0,"Neutral","Clustering, Different slope"
"b197cd5ee399484d36023056b3e23b5d","15",12,"36-40","Female","Undergraduate Degree","Yes","Prolific","07f1a227ee4ee73124d6589fada210dc","2","t-M_n-E","M","E","linear",10,"18",0,"Neutral","Clustering, Different shape"
"b197cd5ee399484d36023056b3e23b5d","26",12,"36-40","Female","Undergraduate Degree","Yes","Prolific","ee322d63db5869407801b2c6cd54c452","1","t-H_n-E","H","E","log",1,"1",1,"Certain","Different range"
"b66d28881ee9e1dc5bc743b5f5237c21","26",12,"36-40","Male","Graduate Degree","Yes","Prolific","ee322d63db5869407801b2c6cd54c452","1","t-H_n-E","H","E","log",1,"1",1,"Very Certain","Different shape, Different slope"
"b66d28881ee9e1dc5bc743b5f5237c21","11",12,"36-40","Male","Graduate Degree","Yes","Prolific","909f6bb4a0bbb8708bcc2d96c0b7052f","2","t-E_n-H","E","H","linear",17,"17",1,"Certain","Different slope"
"b66d28881ee9e1dc5bc743b5f5237c21","31",12,"36-40","Male","Graduate Degree","Yes","Prolific","914e02881a7432dc34831c5dff0477e0","2","t-H_n-M","H","M","linear",12,"4",0,"Uncertain","Different range, Outlier(s)"
"b66d28881ee9e1dc5bc743b5f5237c21","28",12,"36-40","Male","Graduate Degree","Yes","Prolific","b8efad9285426a191f979b32a5094198","2","t-H_n-E","H","E","log",9,"9",1,"Neutral","Different shape, Different slope"
"b66d28881ee9e1dc5bc743b5f5237c21","30",12,"36-40","Male","Graduate Degree","Yes","Prolific","1b39b36e7a6189897f2015f191953b9d","1","t-H_n-M","H","M","log",12,"12",1,"Very Uncertain","Different slope"
"b66d28881ee9e1dc5bc743b5f5237c21","28",12,"36-40","Male","Graduate Degree","Yes","Prolific","b8efad9285426a191f979b32a5094198","2","t-H_n-E","H","E","log",9,"9",1,"Certain","Different shape"
"b66d28881ee9e1dc5bc743b5f5237c21","31",12,"36-40","Male","Graduate Degree","Yes","Prolific","914e02881a7432dc34831c5dff0477e0","2","t-H_n-M","H","M","linear",12,"8",0,"Neutral","Clustering, Different shape"
"b66d28881ee9e1dc5bc743b5f5237c21","15",12,"36-40","Male","Graduate Degree","Yes","Prolific","07f1a227ee4ee73124d6589fada210dc","2","t-M_n-E","M","E","linear",10,"9",0,"Uncertain","Clustering, Different range"
"b66d28881ee9e1dc5bc743b5f5237c21","9",12,"36-40","Male","Graduate Degree","Yes","Prolific","8105c77bcc5d38d9b4e742f1b76de5fc","1","t-E_n-H","E","H","linear",15,"15",1,"Neutral","Clustering"
"b66d28881ee9e1dc5bc743b5f5237c21","15",12,"36-40","Male","Graduate Degree","Yes","Prolific","07f1a227ee4ee73124d6589fada210dc","2","t-M_n-E","M","E","linear",10,"14",0,"Uncertain","Clustering, Different range"
"b66d28881ee9e1dc5bc743b5f5237c21","5",12,"36-40","Male","Graduate Degree","Yes","Prolific","9f2d96ab9212ba1d26f176b00e6eeec0","1","t-E_n-M","E","M","linear",12,"12",1,"Neutral","Clustering"
"b66d28881ee9e1dc5bc743b5f5237c21","22",12,"36-40","Male","Graduate Degree","Yes","Prolific","17c70f64092db27a58faa6c255efd8ba","1","t-M_n-H","M","H","log",1,"1",1,"Certain","Different range, Different shape"
"8e1e6f44df4fdfc02ea3011f410571bc","6",13,"31-35","Male","Some Graduate Courses","Yes","Prolific","9f2d96ab9212ba1d26f176b00e6eeec0","1","t-E_n-M","E","M","log",12,"11",0,"Uncertain","Different slope"
"8e1e6f44df4fdfc02ea3011f410571bc","6",13,"31-35","Male","Some Graduate Courses","Yes","Prolific","9f2d96ab9212ba1d26f176b00e6eeec0","1","t-E_n-M","E","M","log",12,"11",0,"Uncertain","Clustering"
"8e1e6f44df4fdfc02ea3011f410571bc","8",13,"31-35","Male","Some Graduate Courses","Yes","Prolific","076f2d6385d635ea49402478f7e44cab","2","t-E_n-M","E","M","log",14,"14",1,"Very Certain","Different shape"
"8e1e6f44df4fdfc02ea3011f410571bc","12",13,"31-35","Male","Some Graduate Courses","Yes","Prolific","909f6bb4a0bbb8708bcc2d96c0b7052f","2","t-E_n-H","E","H","log",17,"17",1,"Very Certain","Different shape"
"8e1e6f44df4fdfc02ea3011f410571bc","24",13,"31-35","Male","Some Graduate Courses","Yes","Prolific","70eebf16937fb9e77a3b806afe9aa528","2","t-M_n-H","M","H","log",13,"9",0,"Very Uncertain","Clustering"
"8e1e6f44df4fdfc02ea3011f410571bc","5",13,"31-35","Male","Some Graduate Courses","Yes","Prolific","9f2d96ab9212ba1d26f176b00e6eeec0","1","t-E_n-M","E","M","linear",12,"9",0,"Very Uncertain","Different slope"
"8e1e6f44df4fdfc02ea3011f410571bc","22",13,"31-35","Male","Some Graduate Courses","Yes","Prolific","17c70f64092db27a58faa6c255efd8ba","1","t-M_n-H","M","H","log",1,"1",1,"Certain","Different shape"
"8e1e6f44df4fdfc02ea3011f410571bc","25",13,"31-35","Male","Some Graduate Courses","Yes","Prolific","ee322d63db5869407801b2c6cd54c452","1","t-H_n-E","H","E","linear",1,"1",1,"Certain","Different range, Different shape"
"8e1e6f44df4fdfc02ea3011f410571bc","16",13,"31-35","Male","Some Graduate Courses","Yes","Prolific","07f1a227ee4ee73124d6589fada210dc","2","t-M_n-E","M","E","log",10,"10",1,"Neutral","Different shape"
"8e1e6f44df4fdfc02ea3011f410571bc","12",13,"31-35","Male","Some Graduate Courses","Yes","Prolific","909f6bb4a0bbb8708bcc2d96c0b7052f","2","t-E_n-H","E","H","log",17,"17",1,"Very Certain","Different shape"
"8e1e6f44df4fdfc02ea3011f410571bc","23",13,"31-35","Male","Some Graduate Courses","Yes","Prolific","70eebf16937fb9e77a3b806afe9aa528","2","t-M_n-H","M","H","linear",13,"13",1,"Uncertain","Clustering"
"8e1e6f44df4fdfc02ea3011f410571bc","11",13,"31-35","Male","Some Graduate Courses","Yes","Prolific","909f6bb4a0bbb8708bcc2d96c0b7052f","2","t-E_n-H","E","H","linear",17,"17",1,"Certain","Clustering"
"8e1e6f44df4fdfc02ea3011f410571bc","31",13,"31-35","Male","Some Graduate Courses","Yes","Prolific","914e02881a7432dc34831c5dff0477e0","2","t-H_n-M","H","M","linear",12,"8",0,"Very Uncertain","Different range"
"f7a489bae837387534a97d867fd310b9","12",11,"26-30","Male","Graduate Degree","Yes","Prolific","909f6bb4a0bbb8708bcc2d96c0b7052f","2","t-E_n-H","E","H","log",17,"17",1,"Certain","Different shape"
"f7a489bae837387534a97d867fd310b9","21",11,"26-30","Male","Graduate Degree","Yes","Prolific","17c70f64092db27a58faa6c255efd8ba","1","t-M_n-H","M","H","linear",1,"1",1,"Certain","Clustering, Outlier(s)"
"f7a489bae837387534a97d867fd310b9","31",11,"26-30","Male","Graduate Degree","Yes","Prolific","914e02881a7432dc34831c5dff0477e0","2","t-H_n-M","H","M","linear",12,"8",0,"Neutral","Clustering, Different slope"
"f7a489bae837387534a97d867fd310b9","25",11,"26-30","Male","Graduate Degree","Yes","Prolific","ee322d63db5869407801b2c6cd54c452","1","t-H_n-E","H","E","linear",1,"1",1,"Certain","Clustering, Different range, Different shape"
"f7a489bae837387534a97d867fd310b9","15",11,"26-30","Male","Graduate Degree","Yes","Prolific","07f1a227ee4ee73124d6589fada210dc","2","t-M_n-E","M","E","linear",10,"14",0,"Very Certain","Clustering, Outlier(s)"
"f7a489bae837387534a97d867fd310b9","25",11,"26-30","Male","Graduate Degree","Yes","Prolific","ee322d63db5869407801b2c6cd54c452","1","t-H_n-E","H","E","linear",1,"1",1,"Very Certain","Clustering, Different range, Different shape, Outlier(s)"
"f7a489bae837387534a97d867fd310b9","16",11,"26-30","Male","Graduate Degree","Yes","Prolific","07f1a227ee4ee73124d6589fada210dc","2","t-M_n-E","M","E","log",10,"10",1,"Certain","Different shape"
"f7a489bae837387534a97d867fd310b9","28",11,"26-30","Male","Graduate Degree","Yes","Prolific","b8efad9285426a191f979b32a5094198","2","t-H_n-E","H","E","log",9,"9",1,"Very Certain","Different shape"
"f7a489bae837387534a97d867fd310b9","22",11,"26-30","Male","Graduate Degree","Yes","Prolific","17c70f64092db27a58faa6c255efd8ba","1","t-M_n-H","M","H","log",1,"1",1,"Certain","Clustering, Different shape"
"f7a489bae837387534a97d867fd310b9","32",11,"26-30","Male","Graduate Degree","Yes","Prolific","914e02881a7432dc34831c5dff0477e0","2","t-H_n-M","H","M","log",12,"12",1,"Neutral","Different shape, Different slope"
"f7a489bae837387534a97d867fd310b9","28",11,"26-30","Male","Graduate Degree","Yes","Prolific","b8efad9285426a191f979b32a5094198","2","t-H_n-E","H","E","log",9,"9",1,"Very Certain","Clustering, Different shape, Different slope"
"1ccc6fd00f3e82797a1fa9871c057fd3","12",11,"19-25","Male","Graduate Degree","Yes","Prolific","909f6bb4a0bbb8708bcc2d96c0b7052f","2","t-E_n-H","E","H","log",17,"17",1,"Very Certain","Different range"
"1ccc6fd00f3e82797a1fa9871c057fd3","21",11,"19-25","Male","Graduate Degree","Yes","Prolific","17c70f64092db27a58faa6c255efd8ba","1","t-M_n-H","M","H","linear",1,"1",1,"Very Certain","Outlier(s)"
"1ccc6fd00f3e82797a1fa9871c057fd3","8",11,"19-25","Male","Graduate Degree","Yes","Prolific","076f2d6385d635ea49402478f7e44cab","2","t-E_n-M","E","M","log",14,"14",1,"Certain","Different shape, Different slope"
"1ccc6fd00f3e82797a1fa9871c057fd3","16",11,"19-25","Male","Graduate Degree","Yes","Prolific","07f1a227ee4ee73124d6589fada210dc","2","t-M_n-E","M","E","log",10,"13",0,"Certain","Outlier(s)"
"1ccc6fd00f3e82797a1fa9871c057fd3","24",11,"19-25","Male","Graduate Degree","Yes","Prolific","70eebf16937fb9e77a3b806afe9aa528","2","t-M_n-H","M","H","log",13,"13",1,"Certain","Different shape"
"1ccc6fd00f3e82797a1fa9871c057fd3","28",11,"19-25","Male","Graduate Degree","Yes","Prolific","b8efad9285426a191f979b32a5094198","2","t-H_n-E","H","E","log",9,"9",1,"Certain","Different shape"
"1ccc6fd00f3e82797a1fa9871c057fd3","15",11,"19-25","Male","Graduate Degree","Yes","Prolific","07f1a227ee4ee73124d6589fada210dc","2","t-M_n-E","M","E","linear",10,"14",0,"Certain","Outlier(s)"
"1ccc6fd00f3e82797a1fa9871c057fd3","9",11,"19-25","Male","Graduate Degree","Yes","Prolific","8105c77bcc5d38d9b4e742f1b76de5fc","1","t-E_n-H","E","H","linear",15,"15",1,"Very Certain","Different range"
"1ccc6fd00f3e82797a1fa9871c057fd3","15",11,"19-25","Male","Graduate Degree","Yes","Prolific","07f1a227ee4ee73124d6589fada210dc","2","t-M_n-E","M","E","linear",10,"1",0,"Certain","Outlier(s)"
"1ccc6fd00f3e82797a1fa9871c057fd3","27",11,"19-25","Male","Graduate Degree","Yes","Prolific","b8efad9285426a191f979b32a5094198","2","t-H_n-E","H","E","linear",9,"9",1,"Neutral","Different shape"
"1ccc6fd00f3e82797a1fa9871c057fd3","22",11,"19-25","Male","Graduate Degree","Yes","Prolific","17c70f64092db27a58faa6c255efd8ba","1","t-M_n-H","M","H","log",1,"1",1,"Certain","Different shape"
"8cdebd08938729bc254851e7eff23294","26",11,"36-40","Male","Graduate Degree","Yes","Prolific","ee322d63db5869407801b2c6cd54c452","1","t-H_n-E","H","E","log",1,"1",1,"Very Certain","Different slope"
"8cdebd08938729bc254851e7eff23294","27",11,"36-40","Male","Graduate Degree","Yes","Prolific","b8efad9285426a191f979b32a5094198","2","t-H_n-E","H","E","linear",9,"10",0,"Neutral","Different slope"
"8cdebd08938729bc254851e7eff23294","6",11,"36-40","Male","Graduate Degree","Yes","Prolific","9f2d96ab9212ba1d26f176b00e6eeec0","1","t-E_n-M","E","M","log",12,"12",1,"Very Certain","Outlier(s)"
"8cdebd08938729bc254851e7eff23294","14",11,"36-40","Male","Graduate Degree","Yes","Prolific","85c5c5a6ab4fdb3aaf06947e0b9d4483","1","t-M_n-E","M","E","log",10,"10",1,"Certain","Different shape"
"8cdebd08938729bc254851e7eff23294","15",11,"36-40","Male","Graduate Degree","Yes","Prolific","07f1a227ee4ee73124d6589fada210dc","2","t-M_n-E","M","E","linear",10,"10",1,"Uncertain","Outlier(s)"
"8cdebd08938729bc254851e7eff23294","25",11,"36-40","Male","Graduate Degree","Yes","Prolific","ee322d63db5869407801b2c6cd54c452","1","t-H_n-E","H","E","linear",1,"1",1,"Very Certain","Outlier(s)"
"8cdebd08938729bc254851e7eff23294","16",11,"36-40","Male","Graduate Degree","Yes","Prolific","07f1a227ee4ee73124d6589fada210dc","2","t-M_n-E","M","E","log",10,"10",1,"Certain","Clustering"
"8cdebd08938729bc254851e7eff23294","28",11,"36-40","Male","Graduate Degree","Yes","Prolific","b8efad9285426a191f979b32a5094198","2","t-H_n-E","H","E","log",9,"9",1,"Very Certain","Different shape"
"8cdebd08938729bc254851e7eff23294","22",11,"36-40","Male","Graduate Degree","Yes","Prolific","17c70f64092db27a58faa6c255efd8ba","1","t-M_n-H","M","H","log",1,"1",1,"Very Certain","Different shape"
"8cdebd08938729bc254851e7eff23294","29",11,"36-40","Male","Graduate Degree","Yes","Prolific","1b39b36e7a6189897f2015f191953b9d","1","t-H_n-M","H","M","linear",12,"14",0,"Uncertain","Different range"
"8cdebd08938729bc254851e7eff23294","31",11,"36-40","Male","Graduate Degree","Yes","Prolific","914e02881a7432dc34831c5dff0477e0","2","t-H_n-M","H","M","linear",12,"12",1,"Very Certain","Different shape"
"8f8316acd725cd828958c9520b0497bd","15",12,"26-30","Male","Graduate Degree","Yes","Prolific","07f1a227ee4ee73124d6589fada210dc","2","t-M_n-E","M","E","linear",10,"9",0,"Neutral","Different shape"
"8f8316acd725cd828958c9520b0497bd","24",12,"26-30","Male","Graduate Degree","Yes","Prolific","70eebf16937fb9e77a3b806afe9aa528","2","t-M_n-H","M","H","log",13,"9",0,"Certain","Clustering"
"8f8316acd725cd828958c9520b0497bd","28",12,"26-30","Male","Graduate Degree","Yes","Prolific","b8efad9285426a191f979b32a5094198","2","t-H_n-E","H","E","log",9,"9",1,"Certain","Different slope"
"8f8316acd725cd828958c9520b0497bd","21",12,"26-30","Male","Graduate Degree","Yes","Prolific","17c70f64092db27a58faa6c255efd8ba","1","t-M_n-H","M","H","linear",1,"1",1,"Neutral","Different slope"
"8f8316acd725cd828958c9520b0497bd","6",12,"26-30","Male","Graduate Degree","Yes","Prolific","9f2d96ab9212ba1d26f176b00e6eeec0","1","t-E_n-M","E","M","log",12,"12",1,"Certain","Different shape, Different slope"
"8f8316acd725cd828958c9520b0497bd","30",12,"26-30","Male","Graduate Degree","Yes","Prolific","1b39b36e7a6189897f2015f191953b9d","1","t-H_n-M","H","M","log",12,"11",0,"Uncertain","Different shape"
"8f8316acd725cd828958c9520b0497bd","25",12,"26-30","Male","Graduate Degree","Yes","Prolific","ee322d63db5869407801b2c6cd54c452","1","t-H_n-E","H","E","linear",1,"19",0,"Uncertain","Different range"
"8f8316acd725cd828958c9520b0497bd","26",12,"26-30","Male","Graduate Degree","Yes","Prolific","ee322d63db5869407801b2c6cd54c452","1","t-H_n-E","H","E","log",1,"1",1,"Certain","Different slope"
"8f8316acd725cd828958c9520b0497bd","12",12,"26-30","Male","Graduate Degree","Yes","Prolific","909f6bb4a0bbb8708bcc2d96c0b7052f","2","t-E_n-H","E","H","log",17,"17",1,"Very Certain","Different slope"
"8f8316acd725cd828958c9520b0497bd","23",12,"26-30","Male","Graduate Degree","Yes","Prolific","70eebf16937fb9e77a3b806afe9aa528","2","t-M_n-H","M","H","linear",13,"13",1,"Certain","Different slope"
"8f8316acd725cd828958c9520b0497bd","11",12,"26-30","Male","Graduate Degree","Yes","Prolific","909f6bb4a0bbb8708bcc2d96c0b7052f","2","t-E_n-H","E","H","linear",17,"17",1,"Certain","Different slope, Outlier(s)"
"8f8316acd725cd828958c9520b0497bd","31",12,"26-30","Male","Graduate Degree","Yes","Prolific","914e02881a7432dc34831c5dff0477e0","2","t-H_n-M","H","M","linear",12,"3",0,"Neutral","Clustering"
"5a0631344d29a898744786ec47354614","8",11,"19-25","Female","Undergraduate Degree","Yes","Prolific","076f2d6385d635ea49402478f7e44cab","2","t-E_n-M","E","M","log",14,"16",0,"Neutral","Different shape"
"5a0631344d29a898744786ec47354614","21",11,"19-25","Female","Undergraduate Degree","Yes","Prolific","17c70f64092db27a58faa6c255efd8ba","1","t-M_n-H","M","H","linear",1,"17",0,"Very Uncertain","Different range"
"5a0631344d29a898744786ec47354614","14",11,"19-25","Female","Undergraduate Degree","Yes","Prolific","85c5c5a6ab4fdb3aaf06947e0b9d4483","1","t-M_n-E","M","E","log",10,"3",0,"Certain","Outlier(s)"
"5a0631344d29a898744786ec47354614","6",11,"19-25","Female","Undergraduate Degree","Yes","Prolific","9f2d96ab9212ba1d26f176b00e6eeec0","1","t-E_n-M","E","M","log",12,"6",0,"Uncertain","Clustering"
"5a0631344d29a898744786ec47354614","30",11,"19-25","Female","Undergraduate Degree","Yes","Prolific","1b39b36e7a6189897f2015f191953b9d","1","t-H_n-M","H","M","log",12,"18",0,"Certain","Different slope"
"5a0631344d29a898744786ec47354614","25",11,"19-25","Female","Undergraduate Degree","Yes","Prolific","ee322d63db5869407801b2c6cd54c452","1","t-H_n-E","H","E","linear",1,"8",0,"Neutral","Different range"
"5a0631344d29a898744786ec47354614","26",11,"19-25","Female","Undergraduate Degree","Yes","Prolific","ee322d63db5869407801b2c6cd54c452","1","t-H_n-E","H","E","log",1,"6",0,"Neutral","Different slope"
"5a0631344d29a898744786ec47354614","12",11,"19-25","Female","Undergraduate Degree","Yes","Prolific","909f6bb4a0bbb8708bcc2d96c0b7052f","2","t-E_n-H","E","H","log",17,"19",0,"Uncertain","Different shape"
"5a0631344d29a898744786ec47354614","23",11,"19-25","Female","Undergraduate Degree","Yes","Prolific","70eebf16937fb9e77a3b806afe9aa528","2","t-M_n-H","M","H","linear",13,"2",0,"Certain","Outlier(s)"
"5a0631344d29a898744786ec47354614","11",11,"19-25","Female","Undergraduate Degree","Yes","Prolific","909f6bb4a0bbb8708bcc2d96c0b7052f","2","t-E_n-H","E","H","linear",17,"13",0,"Neutral","Different slope"
"5a0631344d29a898744786ec47354614","31",11,"19-25","Female","Undergraduate Degree","Yes","Prolific","914e02881a7432dc34831c5dff0477e0","2","t-H_n-M","H","M","linear",12,"5",0,"Neutral","Different shape"
"b5e4e099b1b8428e241f5142b6c7db5b","12",12,"26-30","Male","Some Undergraduate Courses","Yes","Prolific","909f6bb4a0bbb8708bcc2d96c0b7052f","2","t-E_n-H","E","H","log",17,"17",1,"Very Certain","Different slope"
"b5e4e099b1b8428e241f5142b6c7db5b","14",12,"26-30","Male","Some Undergraduate Courses","Yes","Prolific","85c5c5a6ab4fdb3aaf06947e0b9d4483","1","t-M_n-E","M","E","log",10,"10",1,"Very Certain","Different shape"
"b5e4e099b1b8428e241f5142b6c7db5b","32",12,"26-30","Male","Some Undergraduate Courses","Yes","Prolific","914e02881a7432dc34831c5dff0477e0","2","t-H_n-M","H","M","log",12,"20,3,19",0,"Neutral","Clustering"
"b5e4e099b1b8428e241f5142b6c7db5b","21",12,"26-30","Male","Some Undergraduate Courses","Yes","Prolific","17c70f64092db27a58faa6c255efd8ba","1","t-M_n-H","M","H","linear",1,"1",1,"Very Certain","Clustering, Different slope"
"b5e4e099b1b8428e241f5142b6c7db5b","26",12,"26-30","Male","Some Undergraduate Courses","Yes","Prolific","ee322d63db5869407801b2c6cd54c452","1","t-H_n-E","H","E","log",1,"1",1,"Very Certain","Different slope"
"b5e4e099b1b8428e241f5142b6c7db5b","12",12,"26-30","Male","Some Undergraduate Courses","Yes","Prolific","909f6bb4a0bbb8708bcc2d96c0b7052f","2","t-E_n-H","E","H","log",17,"17",1,"Very Certain","Different slope"
"b5e4e099b1b8428e241f5142b6c7db5b","6",12,"26-30","Male","Some Undergraduate Courses","Yes","Prolific","9f2d96ab9212ba1d26f176b00e6eeec0","1","t-E_n-M","E","M","log",12,"11",0,"Neutral","Clustering"
"b5e4e099b1b8428e241f5142b6c7db5b","24",12,"26-30","Male","Some Undergraduate Courses","Yes","Prolific","70eebf16937fb9e77a3b806afe9aa528","2","t-M_n-H","M","H","log",13,"2",0,"Very Certain","Different range"
"b5e4e099b1b8428e241f5142b6c7db5b","14",12,"26-30","Male","Some Undergraduate Courses","Yes","Prolific","85c5c5a6ab4fdb3aaf06947e0b9d4483","1","t-M_n-E","M","E","log",10,"10",1,"Very Certain","Different slope"
"b5e4e099b1b8428e241f5142b6c7db5b","21",12,"26-30","Male","Some Undergraduate Courses","Yes","Prolific","17c70f64092db27a58faa6c255efd8ba","1","t-M_n-H","M","H","linear",1,"1",1,"Very Certain","Different range, Different slope"
"b5e4e099b1b8428e241f5142b6c7db5b","14",12,"26-30","Male","Some Undergraduate Courses","Yes","Prolific","85c5c5a6ab4fdb3aaf06947e0b9d4483","1","t-M_n-E","M","E","log",10,"19,13,4,10",1,"Neutral","Clustering, Different range, Different slope"
"b5e4e099b1b8428e241f5142b6c7db5b","25",12,"26-30","Male","Some Undergraduate Courses","Yes","Prolific","ee322d63db5869407801b2c6cd54c452","1","t-H_n-E","H","E","linear",1,"1",1,"Very Certain","Different slope"
"7e253ee2e500eb504dd9dc29e91018f0","32",12,"41-45","Male","High School or Less","Yes","Prolific","914e02881a7432dc34831c5dff0477e0","2","t-H_n-M","H","M","log",12,"3,19,20",0,"Neutral","Clustering"
"7e253ee2e500eb504dd9dc29e91018f0","8",12,"41-45","Male","High School or Less","Yes","Prolific","076f2d6385d635ea49402478f7e44cab","2","t-E_n-M","E","M","log",14,"14",1,"Certain","Different slope"
"7e253ee2e500eb504dd9dc29e91018f0","7",12,"41-45","Male","High School or Less","Yes","Prolific","076f2d6385d635ea49402478f7e44cab","2","t-E_n-M","E","M","linear",14,"14",1,"Neutral","Outlier(s)"
"7e253ee2e500eb504dd9dc29e91018f0","27",12,"41-45","Male","High School or Less","Yes","Prolific","b8efad9285426a191f979b32a5094198","2","t-H_n-E","H","E","linear",9,"10",0,"Uncertain","Different range"
"7e253ee2e500eb504dd9dc29e91018f0","28",12,"41-45","Male","High School or Less","Yes","Prolific","b8efad9285426a191f979b32a5094198","2","t-H_n-E","H","E","log",9,"9",1,"Certain","Different slope"
"7e253ee2e500eb504dd9dc29e91018f0","12",12,"41-45","Male","High School or Less","Yes","Prolific","909f6bb4a0bbb8708bcc2d96c0b7052f","2","t-E_n-H","E","H","log",17,"17",1,"Certain","Different slope"
"7e253ee2e500eb504dd9dc29e91018f0","15",12,"41-45","Male","High School or Less","Yes","Prolific","07f1a227ee4ee73124d6589fada210dc","2","t-M_n-E","M","E","linear",10,"20,15",0,"Uncertain","Different shape"
"7e253ee2e500eb504dd9dc29e91018f0","30",12,"41-45","Male","High School or Less","Yes","Prolific","1b39b36e7a6189897f2015f191953b9d","1","t-H_n-M","H","M","log",12,"12",1,"Neutral","Different slope"
"7e253ee2e500eb504dd9dc29e91018f0","7",12,"41-45","Male","High School or Less","Yes","Prolific","076f2d6385d635ea49402478f7e44cab","2","t-E_n-M","E","M","linear",14,"14",1,"Neutral","Different range"
"7e253ee2e500eb504dd9dc29e91018f0","25",12,"41-45","Male","High School or Less","Yes","Prolific","ee322d63db5869407801b2c6cd54c452","1","t-H_n-E","H","E","linear",1,"1",1,"Certain","Different slope"
"7e253ee2e500eb504dd9dc29e91018f0","8",12,"41-45","Male","High School or Less","Yes","Prolific","076f2d6385d635ea49402478f7e44cab","2","t-E_n-M","E","M","log",14,"14",1,"Certain","Different slope"
"7e253ee2e500eb504dd9dc29e91018f0","28",12,"41-45","Male","High School or Less","Yes","Prolific","b8efad9285426a191f979b32a5094198","2","t-H_n-E","H","E","log",9,"9",1,"Certain","Different slope"
"7193582ca5140512ab7876cac8b52d1e","32",12,"26-30","Male","Graduate Degree","Yes","Prolific","914e02881a7432dc34831c5dff0477e0","2","t-H_n-M","H","M","log",12,"12",1,"Certain","Different shape, Different slope"
"7193582ca5140512ab7876cac8b52d1e","8",12,"26-30","Male","Graduate Degree","Yes","Prolific","076f2d6385d635ea49402478f7e44cab","2","t-E_n-M","E","M","log",14,"14",1,"Certain","Different shape, Different slope"
"7193582ca5140512ab7876cac8b52d1e","7",12,"26-30","Male","Graduate Degree","Yes","Prolific","076f2d6385d635ea49402478f7e44cab","2","t-E_n-M","E","M","linear",14,"14",1,"Certain","Clustering, Different shape"
"7193582ca5140512ab7876cac8b52d1e","27",12,"26-30","Male","Graduate Degree","Yes","Prolific","b8efad9285426a191f979b32a5094198","2","t-H_n-E","H","E","linear",9,"9",1,"Certain","Clustering, Different slope"
"7193582ca5140512ab7876cac8b52d1e","28",12,"26-30","Male","Graduate Degree","Yes","Prolific","b8efad9285426a191f979b32a5094198","2","t-H_n-E","H","E","log",9,"9",1,"Certain","Different shape, Different slope"
"7193582ca5140512ab7876cac8b52d1e","12",12,"26-30","Male","Graduate Degree","Yes","Prolific","909f6bb4a0bbb8708bcc2d96c0b7052f","2","t-E_n-H","E","H","log",17,"17",1,"Certain","Different shape, Different slope"
"7193582ca5140512ab7876cac8b52d1e","15",12,"26-30","Male","Graduate Degree","Yes","Prolific","07f1a227ee4ee73124d6589fada210dc","2","t-M_n-E","M","E","linear",10,"10",1,"Neutral","Different shape, Different slope"
"7193582ca5140512ab7876cac8b52d1e","7",12,"26-30","Male","Graduate Degree","Yes","Prolific","076f2d6385d635ea49402478f7e44cab","2","t-E_n-M","E","M","linear",14,"14",1,"Neutral","Clustering, Different shape, Different slope"
"7193582ca5140512ab7876cac8b52d1e","30",12,"26-30","Male","Graduate Degree","Yes","Prolific","1b39b36e7a6189897f2015f191953b9d","1","t-H_n-M","H","M","log",12,"12",1,"Neutral","Different shape, Different slope"
"7193582ca5140512ab7876cac8b52d1e","25",12,"26-30","Male","Graduate Degree","Yes","Prolific","ee322d63db5869407801b2c6cd54c452","1","t-H_n-E","H","E","linear",1,"1",1,"Certain","Different shape, Different slope"
"7193582ca5140512ab7876cac8b52d1e","8",12,"26-30","Male","Graduate Degree","Yes","Prolific","076f2d6385d635ea49402478f7e44cab","2","t-E_n-M","E","M","log",14,"14",1,"Certain","Different shape, Different slope"
"7193582ca5140512ab7876cac8b52d1e","14",12,"26-30","Male","Graduate Degree","Yes","Prolific","85c5c5a6ab4fdb3aaf06947e0b9d4483","1","t-M_n-E","M","E","log",10,"10",1,"Certain","Different shape, Different slope"
"683742666b31fa514b2aa971f3cadbc8","32",13,"19-25","Female","Undergraduate Degree","Yes","Prolific","914e02881a7432dc34831c5dff0477e0","2","t-H_n-M","H","M","log",12,"11",0,"Uncertain","Clustering"
"683742666b31fa514b2aa971f3cadbc8","15",13,"19-25","Female","Undergraduate Degree","Yes","Prolific","07f1a227ee4ee73124d6589fada210dc","2","t-M_n-E","M","E","linear",10,"7",0,"Neutral","Outlier(s)"
"683742666b31fa514b2aa971f3cadbc8","12",13,"19-25","Female","Undergraduate Degree","Yes","Prolific","909f6bb4a0bbb8708bcc2d96c0b7052f","2","t-E_n-H","E","H","log",17,"17",1,"Certain","Different shape"
"683742666b31fa514b2aa971f3cadbc8","14",13,"19-25","Female","Undergraduate Degree","Yes","Prolific","85c5c5a6ab4fdb3aaf06947e0b9d4483","1","t-M_n-E","M","E","log",10,"10",1,"Uncertain","Different shape"
"683742666b31fa514b2aa971f3cadbc8","14",13,"19-25","Female","Undergraduate Degree","Yes","Prolific","85c5c5a6ab4fdb3aaf06947e0b9d4483","1","t-M_n-E","M","E","log",10,"10",1,"Certain","Different shape"
"683742666b31fa514b2aa971f3cadbc8","9",13,"19-25","Female","Undergraduate Degree","Yes","Prolific","8105c77bcc5d38d9b4e742f1b76de5fc","1","t-E_n-H","E","H","linear",15,"15",1,"Certain","Outlier(s)"
"683742666b31fa514b2aa971f3cadbc8","10",13,"19-25","Female","Undergraduate Degree","Yes","Prolific","8105c77bcc5d38d9b4e742f1b76de5fc","1","t-E_n-H","E","H","log",15,"15",1,"Certain","Different shape"
"683742666b31fa514b2aa971f3cadbc8","21",13,"19-25","Female","Undergraduate Degree","Yes","Prolific","17c70f64092db27a58faa6c255efd8ba","1","t-M_n-H","M","H","linear",1,"1",1,"Uncertain","Outlier(s)"
"683742666b31fa514b2aa971f3cadbc8","14",13,"19-25","Female","Undergraduate Degree","Yes","Prolific","85c5c5a6ab4fdb3aaf06947e0b9d4483","1","t-M_n-E","M","E","log",10,"10",1,"Neutral","Different shape"
"683742666b31fa514b2aa971f3cadbc8","26",13,"19-25","Female","Undergraduate Degree","Yes","Prolific","ee322d63db5869407801b2c6cd54c452","1","t-H_n-E","H","E","log",1,"1",1,"Certain","Different shape"
"683742666b31fa514b2aa971f3cadbc8","9",13,"19-25","Female","Undergraduate Degree","Yes","Prolific","8105c77bcc5d38d9b4e742f1b76de5fc","1","t-E_n-H","E","H","linear",15,"15",1,"Certain","Outlier(s)"
"683742666b31fa514b2aa971f3cadbc8","7",13,"19-25","Female","Undergraduate Degree","Yes","Prolific","076f2d6385d635ea49402478f7e44cab","2","t-E_n-M","E","M","linear",14,"14",1,"Neutral","Different shape, Outlier(s)"
"683742666b31fa514b2aa971f3cadbc8","16",13,"19-25","Female","Undergraduate Degree","Yes","Prolific","07f1a227ee4ee73124d6589fada210dc","2","t-M_n-E","M","E","log",10,"8",0,"Neutral","Different shape, Different slope"
"bc5ac61d495e88c25659ed39262dfa53","32",13,"19-25","Male","Some Undergraduate Courses","Yes","Prolific","914e02881a7432dc34831c5dff0477e0","2","t-H_n-M","H","M","log",12,"12",1,"Uncertain","Different shape"
"bc5ac61d495e88c25659ed39262dfa53","15",13,"19-25","Male","Some Undergraduate Courses","Yes","Prolific","07f1a227ee4ee73124d6589fada210dc","2","t-M_n-E","M","E","linear",10,"9",0,"Neutral","Outlier(s)"
"bc5ac61d495e88c25659ed39262dfa53","7",13,"19-25","Male","Some Undergraduate Courses","Yes","Prolific","076f2d6385d635ea49402478f7e44cab","2","t-E_n-M","E","M","linear",14,"14",1,"Neutral","Different slope"
"bc5ac61d495e88c25659ed39262dfa53","10",13,"19-25","Male","Some Undergraduate Courses","Yes","Prolific","8105c77bcc5d38d9b4e742f1b76de5fc","1","t-E_n-H","E","H","log",15,"15",1,"Certain","Different slope"
"bc5ac61d495e88c25659ed39262dfa53","21",13,"19-25","Male","Some Undergraduate Courses","Yes","Prolific","17c70f64092db27a58faa6c255efd8ba","1","t-M_n-H","M","H","linear",1,"1",1,"Neutral","Different shape, Different slope"
"bc5ac61d495e88c25659ed39262dfa53","30",13,"19-25","Male","Some Undergraduate Courses","Yes","Prolific","1b39b36e7a6189897f2015f191953b9d","1","t-H_n-M","H","M","log",12,"12",1,"Uncertain","Different shape"
"bc5ac61d495e88c25659ed39262dfa53","10",13,"19-25","Male","Some Undergraduate Courses","Yes","Prolific","8105c77bcc5d38d9b4e742f1b76de5fc","1","t-E_n-H","E","H","log",15,"15",1,"Certain","Different shape"
"bc5ac61d495e88c25659ed39262dfa53","21",13,"19-25","Male","Some Undergraduate Courses","Yes","Prolific","17c70f64092db27a58faa6c255efd8ba","1","t-M_n-H","M","H","linear",1,"1",1,"Uncertain","Different slope"
"bc5ac61d495e88c25659ed39262dfa53","14",13,"19-25","Male","Some Undergraduate Courses","Yes","Prolific","85c5c5a6ab4fdb3aaf06947e0b9d4483","1","t-M_n-E","M","E","log",10,"10",1,"Very Certain","Different shape, Different slope"
"bc5ac61d495e88c25659ed39262dfa53","30",13,"19-25","Male","Some Undergraduate Courses","Yes","Prolific","1b39b36e7a6189897f2015f191953b9d","1","t-H_n-M","H","M","log",12,"12",1,"Certain","Different shape"
"bc5ac61d495e88c25659ed39262dfa53","9",13,"19-25","Male","Some Undergraduate Courses","Yes","Prolific","8105c77bcc5d38d9b4e742f1b76de5fc","1","t-E_n-H","E","H","linear",15,"15",1,"Very Certain","Different shape"
"bc5ac61d495e88c25659ed39262dfa53","7",13,"19-25","Male","Some Undergraduate Courses","Yes","Prolific","076f2d6385d635ea49402478f7e44cab","2","t-E_n-M","E","M","linear",14,"5",0,"Very Uncertain","Different slope"
"bc5ac61d495e88c25659ed39262dfa53","16",13,"19-25","Male","Some Undergraduate Courses","Yes","Prolific","07f1a227ee4ee73124d6589fada210dc","2","t-M_n-E","M","E","log",10,"10",1,"Certain","Different shape, Different slope"
"0260b1bbcc46d039108d7a7a120bfd93","11",13,"26-30","Female","Some Graduate Courses","Yes","Prolific","909f6bb4a0bbb8708bcc2d96c0b7052f","2","t-E_n-H","E","H","linear",17,"17",1,"Very Certain","Outlier(s)"
"0260b1bbcc46d039108d7a7a120bfd93","8",13,"26-30","Female","Some Graduate Courses","Yes","Prolific","076f2d6385d635ea49402478f7e44cab","2","t-E_n-M","E","M","log",14,"14",1,"Certain","Different range"
"0260b1bbcc46d039108d7a7a120bfd93","7",13,"26-30","Female","Some Graduate Courses","Yes","Prolific","076f2d6385d635ea49402478f7e44cab","2","t-E_n-M","E","M","linear",14,"3",0,"Neutral","Clustering"
"0260b1bbcc46d039108d7a7a120bfd93","25",13,"26-30","Female","Some Graduate Courses","Yes","Prolific","ee322d63db5869407801b2c6cd54c452","1","t-H_n-E","H","E","linear",1,"1",1,"Very Certain","Clustering, Different range, Different shape"
"0260b1bbcc46d039108d7a7a120bfd93","21",13,"26-30","Female","Some Graduate Courses","Yes","Prolific","17c70f64092db27a58faa6c255efd8ba","1","t-M_n-H","M","H","linear",1,"1",1,"Certain","Outlier(s)"
"0260b1bbcc46d039108d7a7a120bfd93","29",13,"26-30","Female","Some Graduate Courses","Yes","Prolific","1b39b36e7a6189897f2015f191953b9d","1","t-H_n-M","H","M","linear",12,"5",0,"Neutral","Different shape"
"0260b1bbcc46d039108d7a7a120bfd93","25",13,"26-30","Female","Some Graduate Courses","Yes","Prolific","ee322d63db5869407801b2c6cd54c452","1","t-H_n-E","H","E","linear",1,"6",0,"Neutral","Clustering"
"0260b1bbcc46d039108d7a7a120bfd93","22",13,"26-30","Female","Some Graduate Courses","Yes","Prolific","17c70f64092db27a58faa6c255efd8ba","1","t-M_n-H","M","H","log",1,"1",1,"Certain","Different shape, Different slope"
"0260b1bbcc46d039108d7a7a120bfd93","13",13,"26-30","Female","Some Graduate Courses","Yes","Prolific","85c5c5a6ab4fdb3aaf06947e0b9d4483","1","t-M_n-E","M","E","linear",10,"19",0,"Certain","Different range, Different shape, Different slope"
"0260b1bbcc46d039108d7a7a120bfd93","7",13,"26-30","Female","Some Graduate Courses","Yes","Prolific","076f2d6385d635ea49402478f7e44cab","2","t-E_n-M","E","M","linear",14,"14",1,"Very Certain","Outlier(s)"
"0260b1bbcc46d039108d7a7a120bfd93","27",13,"26-30","Female","Some Graduate Courses","Yes","Prolific","b8efad9285426a191f979b32a5094198","2","t-H_n-E","H","E","linear",9,"20",0,"Neutral","Clustering, Outlier(s)"
"0260b1bbcc46d039108d7a7a120bfd93","28",13,"26-30","Female","Some Graduate Courses","Yes","Prolific","b8efad9285426a191f979b32a5094198","2","t-H_n-E","H","E","log",9,"14,8",0,"Certain","Different slope"
"0260b1bbcc46d039108d7a7a120bfd93","28",13,"26-30","Female","Some Graduate Courses","Yes","Prolific","b8efad9285426a191f979b32a5094198","2","t-H_n-E","H","E","log",9,"9",1,"Certain","Different slope"
"b66d28881ee9e1dc5bc743b5f5237c21","16",12,"36-40","Male","Graduate Degree","Yes","Prolific","07f1a227ee4ee73124d6589fada210dc","2","t-M_n-E","M","E","log",10,"10",1,"Certain","Different range, Different shape"
"b66d28881ee9e1dc5bc743b5f5237c21","15",12,"36-40","Male","Graduate Degree","Yes","Prolific","07f1a227ee4ee73124d6589fada210dc","2","t-M_n-E","M","E","linear",10,"9",0,"Uncertain","Clustering, Different slope"
"b66d28881ee9e1dc5bc743b5f5237c21","29",12,"36-40","Male","Graduate Degree","Yes","Prolific","1b39b36e7a6189897f2015f191953b9d","1","t-H_n-M","H","M","linear",12,"9",0,"Neutral","Clustering, Different slope"
"b66d28881ee9e1dc5bc743b5f5237c21","14",12,"36-40","Male","Graduate Degree","Yes","Prolific","85c5c5a6ab4fdb3aaf06947e0b9d4483","1","t-M_n-E","M","E","log",10,"10",1,"Certain","Different shape, Different slope"
"b66d28881ee9e1dc5bc743b5f5237c21","9",12,"36-40","Male","Graduate Degree","Yes","Prolific","8105c77bcc5d38d9b4e742f1b76de5fc","1","t-E_n-H","E","H","linear",15,"15",1,"Certain","Different shape, Different slope"
"b66d28881ee9e1dc5bc743b5f5237c21","10",12,"36-40","Male","Graduate Degree","Yes","Prolific","8105c77bcc5d38d9b4e742f1b76de5fc","1","t-E_n-H","E","H","log",15,"15",1,"Very Certain","Different shape"
"b66d28881ee9e1dc5bc743b5f5237c21","13",12,"36-40","Male","Graduate Degree","Yes","Prolific","85c5c5a6ab4fdb3aaf06947e0b9d4483","1","t-M_n-E","M","E","linear",10,"19",0,"Certain","Clustering, Different slope"
"b66d28881ee9e1dc5bc743b5f5237c21","14",12,"36-40","Male","Graduate Degree","Yes","Prolific","85c5c5a6ab4fdb3aaf06947e0b9d4483","1","t-M_n-E","M","E","log",10,"10",1,"Certain","Different shape, Different slope"
"b66d28881ee9e1dc5bc743b5f5237c21","30",12,"36-40","Male","Graduate Degree","Yes","Prolific","1b39b36e7a6189897f2015f191953b9d","1","t-H_n-M","H","M","log",12,"12",1,"Uncertain","Clustering, Different shape"
"b66d28881ee9e1dc5bc743b5f5237c21","22",12,"36-40","Male","Graduate Degree","Yes","Prolific","17c70f64092db27a58faa6c255efd8ba","1","t-M_n-H","M","H","log",1,"1",1,"Certain","Different shape"
"b66d28881ee9e1dc5bc743b5f5237c21","29",12,"36-40","Male","Graduate Degree","Yes","Prolific","1b39b36e7a6189897f2015f191953b9d","1","t-H_n-M","H","M","linear",12,"12",1,"Neutral","Different slope"
"b66d28881ee9e1dc5bc743b5f5237c21","28",12,"36-40","Male","Graduate Degree","Yes","Prolific","b8efad9285426a191f979b32a5094198","2","t-H_n-E","H","E","log",9,"9",1,"Very Certain","Different shape"
"b2130de6830595e135d99843c9313ba2","13",12,"19-25","Male","Graduate Degree","Yes","Prolific","85c5c5a6ab4fdb3aaf06947e0b9d4483","1","t-M_n-E","M","E","linear",10,"19",0,"Certain","Clustering"
"b2130de6830595e135d99843c9313ba2","5",12,"19-25","Male","Graduate Degree","Yes","Prolific","9f2d96ab9212ba1d26f176b00e6eeec0","1","t-E_n-M","E","M","linear",12,"1,6",0,"Neutral","Different slope"
"b2130de6830595e135d99843c9313ba2","32",12,"19-25","Male","Graduate Degree","Yes","Prolific","914e02881a7432dc34831c5dff0477e0","2","t-H_n-M","H","M","log",12,"12",1,"Very Certain","Different slope"
"b2130de6830595e135d99843c9313ba2","21",12,"19-25","Male","Graduate Degree","Yes","Prolific","17c70f64092db27a58faa6c255efd8ba","1","t-M_n-H","M","H","linear",1,"1",1,"Very Certain","Different slope"
"b2130de6830595e135d99843c9313ba2","26",12,"19-25","Male","Graduate Degree","Yes","Prolific","ee322d63db5869407801b2c6cd54c452","1","t-H_n-E","H","E","log",1,"1",1,"Certain","Different shape"
"b2130de6830595e135d99843c9313ba2","12",12,"19-25","Male","Graduate Degree","Yes","Prolific","909f6bb4a0bbb8708bcc2d96c0b7052f","2","t-E_n-H","E","H","log",17,"17",1,"Certain","Different range, Different slope"
"b2130de6830595e135d99843c9313ba2","6",12,"19-25","Male","Graduate Degree","Yes","Prolific","9f2d96ab9212ba1d26f176b00e6eeec0","1","t-E_n-M","E","M","log",12,"12",1,"Certain","Different shape, Different slope"
"b2130de6830595e135d99843c9313ba2","24",12,"19-25","Male","Graduate Degree","Yes","Prolific","70eebf16937fb9e77a3b806afe9aa528","2","t-M_n-H","M","H","log",13,"13",1,"Certain","Different slope"
"b2130de6830595e135d99843c9313ba2","14",12,"19-25","Male","Graduate Degree","Yes","Prolific","85c5c5a6ab4fdb3aaf06947e0b9d4483","1","t-M_n-E","M","E","log",10,"1,11",0,"Certain","Clustering"
"b2130de6830595e135d99843c9313ba2","5",12,"19-25","Male","Graduate Degree","Yes","Prolific","9f2d96ab9212ba1d26f176b00e6eeec0","1","t-E_n-M","E","M","linear",12,"1,4",0,"Uncertain","Different range"
"b2130de6830595e135d99843c9313ba2","30",12,"19-25","Male","Graduate Degree","Yes","Prolific","1b39b36e7a6189897f2015f191953b9d","1","t-H_n-M","H","M","log",12,"17",0,"Very Certain","Clustering"
"b2130de6830595e135d99843c9313ba2","8",12,"19-25","Male","Graduate Degree","Yes","Prolific","076f2d6385d635ea49402478f7e44cab","2","t-E_n-M","E","M","log",14,"6",0,"Certain","Clustering"
"938f00755e35ac068da96a12901a246b","12",12,"19-25","Male","High School or Less","Yes","Prolific","909f6bb4a0bbb8708bcc2d96c0b7052f","2","t-E_n-H","E","H","log",17,"14",0,"Neutral","Different range"
"938f00755e35ac068da96a12901a246b","14",12,"19-25","Male","High School or Less","Yes","Prolific","85c5c5a6ab4fdb3aaf06947e0b9d4483","1","t-M_n-E","M","E","log",10,"10",1,"Certain","Different shape"
"938f00755e35ac068da96a12901a246b","21",12,"19-25","Male","High School or Less","Yes","Prolific","17c70f64092db27a58faa6c255efd8ba","1","t-M_n-H","M","H","linear",1,"1",1,"Neutral","Outlier(s)"
"938f00755e35ac068da96a12901a246b","30",12,"19-25","Male","High School or Less","Yes","Prolific","1b39b36e7a6189897f2015f191953b9d","1","t-H_n-M","H","M","log",12,"2",0,"Neutral","Different range"
"938f00755e35ac068da96a12901a246b","26",12,"19-25","Male","High School or Less","Yes","Prolific","ee322d63db5869407801b2c6cd54c452","1","t-H_n-E","H","E","log",1,"1",1,"Certain","Different shape"
"938f00755e35ac068da96a12901a246b","6",12,"19-25","Male","High School or Less","Yes","Prolific","9f2d96ab9212ba1d26f176b00e6eeec0","1","t-E_n-M","E","M","log",12,"12",1,"Certain","Different slope"
"938f00755e35ac068da96a12901a246b","22",12,"19-25","Male","High School or Less","Yes","Prolific","17c70f64092db27a58faa6c255efd8ba","1","t-M_n-H","M","H","log",1,"20",0,"Neutral","Outlier(s)"
"938f00755e35ac068da96a12901a246b","11",12,"19-25","Male","High School or Less","Yes","Prolific","909f6bb4a0bbb8708bcc2d96c0b7052f","2","t-E_n-H","E","H","linear",17,"17",1,"Very Certain","Different shape, Different slope, Outlier(s)"
"938f00755e35ac068da96a12901a246b","15",12,"19-25","Male","High School or Less","Yes","Prolific","07f1a227ee4ee73124d6589fada210dc","2","t-M_n-E","M","E","linear",10,"11",0,"Neutral","Outlier(s)"
"938f00755e35ac068da96a12901a246b","31",12,"19-25","Male","High School or Less","Yes","Prolific","914e02881a7432dc34831c5dff0477e0","2","t-H_n-M","H","M","linear",12,"20",0,"Neutral","Clustering"
"938f00755e35ac068da96a12901a246b","25",12,"19-25","Male","High School or Less","Yes","Prolific","ee322d63db5869407801b2c6cd54c452","1","t-H_n-E","H","E","linear",1,"19",0,"Certain","Outlier(s)"
"938f00755e35ac068da96a12901a246b","16",12,"19-25","Male","High School or Less","Yes","Prolific","07f1a227ee4ee73124d6589fada210dc","2","t-M_n-E","M","E","log",10,"12",0,"Neutral","Outlier(s)"
"721a945b4cf82d3fb260f5b999f2b283","13",11,"26-30","Female","Undergraduate Degree","No","Prolific","85c5c5a6ab4fdb3aaf06947e0b9d4483","1","t-M_n-E","M","E","linear",10,"11",0,"Neutral","Clustering, Different slope"
"721a945b4cf82d3fb260f5b999f2b283","5",11,"26-30","Female","Undergraduate Degree","No","Prolific","9f2d96ab9212ba1d26f176b00e6eeec0","1","t-E_n-M","E","M","linear",12,"19",0,"Uncertain","Different slope"
"721a945b4cf82d3fb260f5b999f2b283","32",11,"26-30","Female","Undergraduate Degree","No","Prolific","914e02881a7432dc34831c5dff0477e0","2","t-H_n-M","H","M","log",12,"12",1,"Neutral","Different slope"
"721a945b4cf82d3fb260f5b999f2b283","21",11,"26-30","Female","Undergraduate Degree","No","Prolific","17c70f64092db27a58faa6c255efd8ba","1","t-M_n-H","M","H","linear",1,"1",1,"Neutral","Clustering, Different slope"
"721a945b4cf82d3fb260f5b999f2b283","26",11,"26-30","Female","Undergraduate Degree","No","Prolific","ee322d63db5869407801b2c6cd54c452","1","t-H_n-E","H","E","log",1,"1",1,"Certain","Clustering, Different slope"
"721a945b4cf82d3fb260f5b999f2b283","6",11,"26-30","Female","Undergraduate Degree","No","Prolific","9f2d96ab9212ba1d26f176b00e6eeec0","1","t-E_n-M","E","M","log",12,"12",1,"Certain","Different slope"
"721a945b4cf82d3fb260f5b999f2b283","24",11,"26-30","Female","Undergraduate Degree","No","Prolific","70eebf16937fb9e77a3b806afe9aa528","2","t-M_n-H","M","H","log",13,"13",1,"Neutral","Different shape, Different slope"
"721a945b4cf82d3fb260f5b999f2b283","14",11,"26-30","Female","Undergraduate Degree","No","Prolific","85c5c5a6ab4fdb3aaf06947e0b9d4483","1","t-M_n-E","M","E","log",10,"19",0,"Certain","Clustering, Different shape, Different slope"
"721a945b4cf82d3fb260f5b999f2b283","10",11,"26-30","Female","Undergraduate Degree","No","Prolific","8105c77bcc5d38d9b4e742f1b76de5fc","1","t-E_n-H","E","H","log",15,"15",1,"Very Certain","Different shape, Different slope"
"721a945b4cf82d3fb260f5b999f2b283","27",11,"26-30","Female","Undergraduate Degree","No","Prolific","b8efad9285426a191f979b32a5094198","2","t-H_n-E","H","E","linear",9,"10",0,"Uncertain","Clustering"
"721a945b4cf82d3fb260f5b999f2b283","30",11,"26-30","Female","Undergraduate Degree","No","Prolific","1b39b36e7a6189897f2015f191953b9d","1","t-H_n-M","H","M","log",12,"12",1,"Certain","Different slope"
"4845f584678462a87e5b0d9a26b5e3ee","11",13,"46-50","Male","Undergraduate Degree","Yes","Prolific","909f6bb4a0bbb8708bcc2d96c0b7052f","2","t-E_n-H","E","H","linear",17,"17",1,"Very Certain","Clustering, Different shape, Outlier(s)"
"4845f584678462a87e5b0d9a26b5e3ee","13",13,"46-50","Male","Undergraduate Degree","Yes","Prolific","85c5c5a6ab4fdb3aaf06947e0b9d4483","1","t-M_n-E","M","E","linear",10,"11",0,"Certain","Different shape, Different slope, Outlier(s)"
"4845f584678462a87e5b0d9a26b5e3ee","29",13,"46-50","Male","Undergraduate Degree","Yes","Prolific","1b39b36e7a6189897f2015f191953b9d","1","t-H_n-M","H","M","linear",12,"8",0,"Certain","Outlier(s)"
"4845f584678462a87e5b0d9a26b5e3ee","30",13,"46-50","Male","Undergraduate Degree","Yes","Prolific","1b39b36e7a6189897f2015f191953b9d","1","t-H_n-M","H","M","log",12,"14",0,"Certain","Clustering"
"4845f584678462a87e5b0d9a26b5e3ee","24",13,"46-50","Male","Undergraduate Degree","Yes","Prolific","70eebf16937fb9e77a3b806afe9aa528","2","t-M_n-H","M","H","log",13,"2",0,"Very Certain","Clustering, Different slope, Outlier(s)"
"4845f584678462a87e5b0d9a26b5e3ee","29",13,"46-50","Male","Undergraduate Degree","Yes","Prolific","1b39b36e7a6189897f2015f191953b9d","1","t-H_n-M","H","M","linear",12,"5",0,"Certain","Clustering, Outlier(s)"
"4845f584678462a87e5b0d9a26b5e3ee","30",13,"46-50","Male","Undergraduate Degree","Yes","Prolific","1b39b36e7a6189897f2015f191953b9d","1","t-H_n-M","H","M","log",12,"2",0,"Certain","Clustering, Outlier(s)"
"4845f584678462a87e5b0d9a26b5e3ee","14",13,"46-50","Male","Undergraduate Degree","Yes","Prolific","85c5c5a6ab4fdb3aaf06947e0b9d4483","1","t-M_n-E","M","E","log",10,"13",0,"Certain","Different range, Outlier(s)"
"4845f584678462a87e5b0d9a26b5e3ee","22",13,"46-50","Male","Undergraduate Degree","Yes","Prolific","17c70f64092db27a58faa6c255efd8ba","1","t-M_n-H","M","H","log",1,"11",0,"Certain","Clustering"
"4845f584678462a87e5b0d9a26b5e3ee","14",13,"46-50","Male","Undergraduate Degree","Yes","Prolific","85c5c5a6ab4fdb3aaf06947e0b9d4483","1","t-M_n-E","M","E","log",10,"1",0,"Certain","Clustering, Outlier(s)"
"4845f584678462a87e5b0d9a26b5e3ee","22",13,"46-50","Male","Undergraduate Degree","Yes","Prolific","17c70f64092db27a58faa6c255efd8ba","1","t-M_n-H","M","H","log",1,"6",0,"Certain","Clustering, Different slope"
"4845f584678462a87e5b0d9a26b5e3ee","32",13,"46-50","Male","Undergraduate Degree","Yes","Prolific","914e02881a7432dc34831c5dff0477e0","2","t-H_n-M","H","M","log",12,"3",0,"Very Certain","Clustering, Outlier(s)"
"4845f584678462a87e5b0d9a26b5e3ee","12",13,"46-50","Male","Undergraduate Degree","Yes","Prolific","909f6bb4a0bbb8708bcc2d96c0b7052f","2","t-E_n-H","E","H","log",17,"17",1,"Very Certain","Clustering, Different shape, Different slope"
"7d72eb8f96c29d7f03987e0b951c5177","12",12,"19-25","Male","Some Graduate Courses","Yes","Prolific","909f6bb4a0bbb8708bcc2d96c0b7052f","2","t-E_n-H","E","H","log",17,"17",1,"Very Certain","Different shape"
"7d72eb8f96c29d7f03987e0b951c5177","5",12,"19-25","Male","Some Graduate Courses","Yes","Prolific","9f2d96ab9212ba1d26f176b00e6eeec0","1","t-E_n-M","E","M","linear",12,"12",1,"Certain","Outlier(s)"
"7d72eb8f96c29d7f03987e0b951c5177","32",12,"19-25","Male","Some Graduate Courses","Yes","Prolific","914e02881a7432dc34831c5dff0477e0","2","t-H_n-M","H","M","log",12,"12",1,"Very Certain","Different shape"
"7d72eb8f96c29d7f03987e0b951c5177","21",12,"19-25","Male","Some Graduate Courses","Yes","Prolific","17c70f64092db27a58faa6c255efd8ba","1","t-M_n-H","M","H","linear",1,"1",1,"Neutral","Different slope"
"7d72eb8f96c29d7f03987e0b951c5177","26",12,"19-25","Male","Some Graduate Courses","Yes","Prolific","ee322d63db5869407801b2c6cd54c452","1","t-H_n-E","H","E","log",1,"1",1,"Certain","Different shape"
"7d72eb8f96c29d7f03987e0b951c5177","6",12,"19-25","Male","Some Graduate Courses","Yes","Prolific","9f2d96ab9212ba1d26f176b00e6eeec0","1","t-E_n-M","E","M","log",12,"12",1,"Certain","Different shape"
"7d72eb8f96c29d7f03987e0b951c5177","22",12,"19-25","Male","Some Graduate Courses","Yes","Prolific","17c70f64092db27a58faa6c255efd8ba","1","t-M_n-H","M","H","log",1,"1",1,"Certain","Different shape"
"7d72eb8f96c29d7f03987e0b951c5177","11",12,"19-25","Male","Some Graduate Courses","Yes","Prolific","909f6bb4a0bbb8708bcc2d96c0b7052f","2","t-E_n-H","E","H","linear",17,"17",1,"Certain","Clustering"
"7d72eb8f96c29d7f03987e0b951c5177","15",12,"19-25","Male","Some Graduate Courses","Yes","Prolific","07f1a227ee4ee73124d6589fada210dc","2","t-M_n-E","M","E","linear",10,"14",0,"Certain","Different slope"
"7d72eb8f96c29d7f03987e0b951c5177","6",12,"19-25","Male","Some Graduate Courses","Yes","Prolific","9f2d96ab9212ba1d26f176b00e6eeec0","1","t-E_n-M","E","M","log",12,"12",1,"Certain","Different shape"
"7d72eb8f96c29d7f03987e0b951c5177","29",12,"19-25","Male","Some Graduate Courses","Yes","Prolific","1b39b36e7a6189897f2015f191953b9d","1","t-H_n-M","H","M","linear",12,"7",0,"Certain","Outlier(s)"
"7d72eb8f96c29d7f03987e0b951c5177","13",12,"19-25","Male","Some Graduate Courses","Yes","Prolific","85c5c5a6ab4fdb3aaf06947e0b9d4483","1","t-M_n-E","M","E","linear",10,"11",0,"Very Certain","Outlier(s)"
"4c9ac1dee5312d86420aae45a1b59f87","23",13,"26-30","Male","Some Graduate Courses","Yes","Prolific","70eebf16937fb9e77a3b806afe9aa528","2","t-M_n-H","M","H","linear",13,"9,13",1,"Certain","Clustering, Different range, Different shape, Different slope, Outlier(s)"
"4c9ac1dee5312d86420aae45a1b59f87","30",13,"26-30","Male","Some Graduate Courses","Yes","Prolific","1b39b36e7a6189897f2015f191953b9d","1","t-H_n-M","H","M","log",12,"15",0,"Uncertain","Clustering"
"4c9ac1dee5312d86420aae45a1b59f87","6",13,"26-30","Male","Some Graduate Courses","Yes","Prolific","9f2d96ab9212ba1d26f176b00e6eeec0","1","t-E_n-M","E","M","log",12,"12",1,"Certain","Different shape, Different slope"
"4c9ac1dee5312d86420aae45a1b59f87","22",13,"26-30","Male","Some Graduate Courses","Yes","Prolific","17c70f64092db27a58faa6c255efd8ba","1","t-M_n-H","M","H","log",1,"10",0,"Uncertain","Clustering, Outlier(s)"
"4c9ac1dee5312d86420aae45a1b59f87","13",13,"26-30","Male","Some Graduate Courses","Yes","Prolific","85c5c5a6ab4fdb3aaf06947e0b9d4483","1","t-M_n-E","M","E","linear",10,"13",0,"Uncertain","Different range"
"4c9ac1dee5312d86420aae45a1b59f87","29",13,"26-30","Male","Some Graduate Courses","Yes","Prolific","1b39b36e7a6189897f2015f191953b9d","1","t-H_n-M","H","M","linear",12,"9",0,"Uncertain","Different range, Different shape, Different slope"
"4c9ac1dee5312d86420aae45a1b59f87","9",13,"26-30","Male","Some Graduate Courses","Yes","Prolific","8105c77bcc5d38d9b4e742f1b76de5fc","1","t-E_n-H","E","H","linear",15,"15",1,"Neutral","Clustering, Different shape, Different slope, Outlier(s)"
"4c9ac1dee5312d86420aae45a1b59f87","6",13,"26-30","Male","Some Graduate Courses","Yes","Prolific","9f2d96ab9212ba1d26f176b00e6eeec0","1","t-E_n-M","E","M","log",12,"12",1,"Uncertain","Clustering, Different shape, Different slope"
"4c9ac1dee5312d86420aae45a1b59f87","14",13,"26-30","Male","Some Graduate Courses","Yes","Prolific","85c5c5a6ab4fdb3aaf06947e0b9d4483","1","t-M_n-E","M","E","log",10,"10",1,"Uncertain","Different slope"
"4c9ac1dee5312d86420aae45a1b59f87","16",13,"26-30","Male","Some Graduate Courses","Yes","Prolific","07f1a227ee4ee73124d6589fada210dc","2","t-M_n-E","M","E","log",10,"17",0,"Uncertain","Clustering"
"4c9ac1dee5312d86420aae45a1b59f87","29",13,"26-30","Male","Some Graduate Courses","Yes","Prolific","1b39b36e7a6189897f2015f191953b9d","1","t-H_n-M","H","M","linear",12,"9",0,"Uncertain","Different range"
"4c9ac1dee5312d86420aae45a1b59f87","12",13,"26-30","Male","Some Graduate Courses","Yes","Prolific","909f6bb4a0bbb8708bcc2d96c0b7052f","2","t-E_n-H","E","H","log",17,"17",1,"Neutral","Clustering, Different range, Different shape, Different slope"
"4c9ac1dee5312d86420aae45a1b59f87","24",13,"26-30","Male","Some Graduate Courses","Yes","Prolific","70eebf16937fb9e77a3b806afe9aa528","2","t-M_n-H","M","H","log",13,"13,8",1,"Neutral","Different range"
"cb52d3b330a7d4929d3d8f1556d655d0","32",12,"26-30","Male","Some Undergraduate Courses","No","Prolific","914e02881a7432dc34831c5dff0477e0","2","t-H_n-M","H","M","log",12,"12",1,"Uncertain","Clustering, Different range"
"cb52d3b330a7d4929d3d8f1556d655d0","13",12,"26-30","Male","Some Undergraduate Courses","No","Prolific","85c5c5a6ab4fdb3aaf06947e0b9d4483","1","t-M_n-E","M","E","linear",10,"3",0,"Certain","Different range"
"cb52d3b330a7d4929d3d8f1556d655d0","29",12,"26-30","Male","Some Undergraduate Courses","No","Prolific","1b39b36e7a6189897f2015f191953b9d","1","t-H_n-M","H","M","linear",12,"18",0,"Uncertain","Clustering"
"cb52d3b330a7d4929d3d8f1556d655d0","9",12,"26-30","Male","Some Undergraduate Courses","No","Prolific","8105c77bcc5d38d9b4e742f1b76de5fc","1","t-E_n-H","E","H","linear",15,"3",0,"Certain","Clustering"
"cb52d3b330a7d4929d3d8f1556d655d0","25",12,"26-30","Male","Some Undergraduate Courses","No","Prolific","ee322d63db5869407801b2c6cd54c452","1","t-H_n-E","H","E","linear",1,"3",0,"Certain","Different slope, Outlier(s)"
"cb52d3b330a7d4929d3d8f1556d655d0","24",12,"26-30","Male","Some Undergraduate Courses","No","Prolific","70eebf16937fb9e77a3b806afe9aa528","2","t-M_n-H","M","H","log",13,"11",0,"Certain","Different slope"
"cb52d3b330a7d4929d3d8f1556d655d0","9",12,"26-30","Male","Some Undergraduate Courses","No","Prolific","8105c77bcc5d38d9b4e742f1b76de5fc","1","t-E_n-H","E","H","linear",15,"15",1,"Certain","Different slope"
"cb52d3b330a7d4929d3d8f1556d655d0","6",12,"26-30","Male","Some Undergraduate Courses","No","Prolific","9f2d96ab9212ba1d26f176b00e6eeec0","1","t-E_n-M","E","M","log",12,"20",0,"Neutral","Clustering"
"cb52d3b330a7d4929d3d8f1556d655d0","14",12,"26-30","Male","Some Undergraduate Courses","No","Prolific","85c5c5a6ab4fdb3aaf06947e0b9d4483","1","t-M_n-E","M","E","log",10,"4",0,"Certain","Different range"
"cb52d3b330a7d4929d3d8f1556d655d0","10",12,"26-30","Male","Some Undergraduate Courses","No","Prolific","8105c77bcc5d38d9b4e742f1b76de5fc","1","t-E_n-H","E","H","log",15,"15",1,"Uncertain","Clustering"
"cb52d3b330a7d4929d3d8f1556d655d0","27",12,"26-30","Male","Some Undergraduate Courses","No","Prolific","b8efad9285426a191f979b32a5094198","2","t-H_n-E","H","E","linear",9,"15",0,"Certain","Different range"
"cb52d3b330a7d4929d3d8f1556d655d0","13",12,"26-30","Male","Some Undergraduate Courses","No","Prolific","85c5c5a6ab4fdb3aaf06947e0b9d4483","1","t-M_n-E","M","E","linear",10,"17",0,"Neutral","Outlier(s)"
"72b14ae66abc33f9c68b73c12b77a155","13",12,"26-30","Female","Some Undergraduate Courses","Yes","Prolific","85c5c5a6ab4fdb3aaf06947e0b9d4483","1","t-M_n-E","M","E","linear",10,"5",0,"Certain","Clustering, Different slope"
"72b14ae66abc33f9c68b73c12b77a155","16",12,"26-30","Female","Some Undergraduate Courses","Yes","Prolific","07f1a227ee4ee73124d6589fada210dc","2","t-M_n-E","M","E","log",10,"13",0,"Uncertain","Clustering, Outlier(s)"
"72b14ae66abc33f9c68b73c12b77a155","29",12,"26-30","Female","Some Undergraduate Courses","Yes","Prolific","1b39b36e7a6189897f2015f191953b9d","1","t-H_n-M","H","M","linear",12,"8",0,"Certain","Different range, Outlier(s)"
"72b14ae66abc33f9c68b73c12b77a155","7",12,"26-30","Female","Some Undergraduate Courses","Yes","Prolific","076f2d6385d635ea49402478f7e44cab","2","t-E_n-M","E","M","linear",14,"14",1,"Certain","Clustering, Outlier(s)"
"72b14ae66abc33f9c68b73c12b77a155","24",12,"26-30","Female","Some Undergraduate Courses","Yes","Prolific","70eebf16937fb9e77a3b806afe9aa528","2","t-M_n-H","M","H","log",13,"2",0,"Neutral","Different range"
"72b14ae66abc33f9c68b73c12b77a155","29",12,"26-30","Female","Some Undergraduate Courses","Yes","Prolific","1b39b36e7a6189897f2015f191953b9d","1","t-H_n-M","H","M","linear",12,"16",0,"Certain","Different range, Outlier(s)"
"72b14ae66abc33f9c68b73c12b77a155","9",12,"26-30","Female","Some Undergraduate Courses","Yes","Prolific","8105c77bcc5d38d9b4e742f1b76de5fc","1","t-E_n-H","E","H","linear",15,"15",1,"Very Certain","Clustering, Different shape, Outlier(s)"
"72b14ae66abc33f9c68b73c12b77a155","6",12,"26-30","Female","Some Undergraduate Courses","Yes","Prolific","9f2d96ab9212ba1d26f176b00e6eeec0","1","t-E_n-M","E","M","log",12,"1",0,"Certain","Different range, Different slope"
"72b14ae66abc33f9c68b73c12b77a155","14",12,"26-30","Female","Some Undergraduate Courses","Yes","Prolific","85c5c5a6ab4fdb3aaf06947e0b9d4483","1","t-M_n-E","M","E","log",10,"11",0,"Certain","Different shape, Outlier(s)"
"72b14ae66abc33f9c68b73c12b77a155","15",12,"26-30","Female","Some Undergraduate Courses","Yes","Prolific","07f1a227ee4ee73124d6589fada210dc","2","t-M_n-E","M","E","linear",10,"2",0,"Neutral","Different shape"
"72b14ae66abc33f9c68b73c12b77a155","5",12,"26-30","Female","Some Undergraduate Courses","Yes","Prolific","9f2d96ab9212ba1d26f176b00e6eeec0","1","t-E_n-M","E","M","linear",12,"17",0,"Uncertain","Outlier(s)"
"72b14ae66abc33f9c68b73c12b77a155","7",12,"26-30","Female","Some Undergraduate Courses","Yes","Prolific","076f2d6385d635ea49402478f7e44cab","2","t-E_n-M","E","M","linear",14,"14",1,"Certain","Different slope, Outlier(s)"
"457896bd8a82cb0d08895e1a8b76294c","26",12,"31-35","Female","Graduate Degree","Yes","Prolific","ee322d63db5869407801b2c6cd54c452","1","t-H_n-E","H","E","log",1,"17",0,"Neutral","Clustering, Outlier(s)"
"457896bd8a82cb0d08895e1a8b76294c","16",12,"31-35","Female","Graduate Degree","Yes","Prolific","07f1a227ee4ee73124d6589fada210dc","2","t-M_n-E","M","E","log",10,"18",0,"Neutral","Clustering, Outlier(s)"
"457896bd8a82cb0d08895e1a8b76294c","29",12,"31-35","Female","Graduate Degree","Yes","Prolific","1b39b36e7a6189897f2015f191953b9d","1","t-H_n-M","H","M","linear",12,"15",0,"Neutral","Clustering, Outlier(s)"
"457896bd8a82cb0d08895e1a8b76294c","9",12,"31-35","Female","Graduate Degree","Yes","Prolific","8105c77bcc5d38d9b4e742f1b76de5fc","1","t-E_n-H","E","H","linear",15,"15",1,"Certain","Outlier(s)"
"457896bd8a82cb0d08895e1a8b76294c","25",12,"31-35","Female","Graduate Degree","Yes","Prolific","ee322d63db5869407801b2c6cd54c452","1","t-H_n-E","H","E","linear",1,"19",0,"Certain","Clustering, Different slope, Outlier(s)"
"457896bd8a82cb0d08895e1a8b76294c","7",12,"31-35","Female","Graduate Degree","Yes","Prolific","076f2d6385d635ea49402478f7e44cab","2","t-E_n-M","E","M","linear",14,"14",1,"Neutral","Outlier(s)"
"457896bd8a82cb0d08895e1a8b76294c","13",12,"31-35","Female","Graduate Degree","Yes","Prolific","85c5c5a6ab4fdb3aaf06947e0b9d4483","1","t-M_n-E","M","E","linear",10,"15",0,"Neutral","Clustering, Outlier(s)"
"457896bd8a82cb0d08895e1a8b76294c","6",12,"31-35","Female","Graduate Degree","Yes","Prolific","9f2d96ab9212ba1d26f176b00e6eeec0","1","t-E_n-M","E","M","log",12,"12",1,"Uncertain","Outlier(s)"
"457896bd8a82cb0d08895e1a8b76294c","14",12,"31-35","Female","Graduate Degree","Yes","Prolific","85c5c5a6ab4fdb3aaf06947e0b9d4483","1","t-M_n-E","M","E","log",10,"2",0,"Neutral","Outlier(s)"
"457896bd8a82cb0d08895e1a8b76294c","10",12,"31-35","Female","Graduate Degree","Yes","Prolific","8105c77bcc5d38d9b4e742f1b76de5fc","1","t-E_n-H","E","H","log",15,"15",1,"Certain","Different shape, Outlier(s)"
"457896bd8a82cb0d08895e1a8b76294c","27",12,"31-35","Female","Graduate Degree","Yes","Prolific","b8efad9285426a191f979b32a5094198","2","t-H_n-E","H","E","linear",9,"10",0,"Neutral","Clustering, Different shape, Different slope"
"457896bd8a82cb0d08895e1a8b76294c","13",12,"31-35","Female","Graduate Degree","Yes","Prolific","85c5c5a6ab4fdb3aaf06947e0b9d4483","1","t-M_n-E","M","E","linear",10,"5",0,"Neutral","Different shape, Outlier(s)"
"57fb162526a84c2b1977b915c54044aa","29",11,"31-35","Male","Graduate Degree","Yes","Prolific","1b39b36e7a6189897f2015f191953b9d","1","t-H_n-M","H","M","linear",12,"12",1,"Certain","Different range"
"57fb162526a84c2b1977b915c54044aa","28",11,"31-35","Male","Graduate Degree","Yes","Prolific","b8efad9285426a191f979b32a5094198","2","t-H_n-E","H","E","log",9,"9",1,"Very Certain","Different range"
"57fb162526a84c2b1977b915c54044aa","23",11,"31-35","Male","Graduate Degree","Yes","Prolific","70eebf16937fb9e77a3b806afe9aa528","2","t-M_n-H","M","H","linear",13,"13",1,"Very Certain","Different range"
"57fb162526a84c2b1977b915c54044aa","12",11,"31-35","Male","Graduate Degree","Yes","Prolific","909f6bb4a0bbb8708bcc2d96c0b7052f","2","t-E_n-H","E","H","log",17,"17",1,"Very Certain","Different slope"
"57fb162526a84c2b1977b915c54044aa","25",11,"31-35","Male","Graduate Degree","Yes","Prolific","ee322d63db5869407801b2c6cd54c452","1","t-H_n-E","H","E","linear",1,"1",1,"Very Certain","Different slope"
"57fb162526a84c2b1977b915c54044aa","30",11,"31-35","Male","Graduate Degree","Yes","Prolific","1b39b36e7a6189897f2015f191953b9d","1","t-H_n-M","H","M","log",12,"12",1,"Neutral","Different slope"
"57fb162526a84c2b1977b915c54044aa","5",11,"31-35","Male","Graduate Degree","Yes","Prolific","9f2d96ab9212ba1d26f176b00e6eeec0","1","t-E_n-M","E","M","linear",12,"6",0,"Neutral","Clustering, Outlier(s)"
"57fb162526a84c2b1977b915c54044aa","22",11,"31-35","Male","Graduate Degree","Yes","Prolific","17c70f64092db27a58faa6c255efd8ba","1","t-M_n-H","M","H","log",1,"1",1,"Certain","Different slope"
"57fb162526a84c2b1977b915c54044aa","31",11,"31-35","Male","Graduate Degree","Yes","Prolific","914e02881a7432dc34831c5dff0477e0","2","t-H_n-M","H","M","linear",12,"12",1,"Certain","Different range"
"57fb162526a84c2b1977b915c54044aa","32",11,"31-35","Male","Graduate Degree","Yes","Prolific","914e02881a7432dc34831c5dff0477e0","2","t-H_n-M","H","M","log",12,"12",1,"Neutral","Different shape"
"57fb162526a84c2b1977b915c54044aa","15",11,"31-35","Male","Graduate Degree","Yes","Prolific","07f1a227ee4ee73124d6589fada210dc","2","t-M_n-E","M","E","linear",10,"8",0,"Neutral","Different range"
"990b754acff09dba2fd3909861323a30","30",12,"26-30","Male","Graduate Degree","Yes","Prolific","1b39b36e7a6189897f2015f191953b9d","1","t-H_n-M","H","M","log",12,"2",0,"Neutral","Clustering"
"990b754acff09dba2fd3909861323a30","30",12,"26-30","Male","Graduate Degree","Yes","Prolific","1b39b36e7a6189897f2015f191953b9d","1","t-H_n-M","H","M","log",12,"12",1,"Neutral","Different shape"
"990b754acff09dba2fd3909861323a30","23",12,"26-30","Male","Graduate Degree","Yes","Prolific","70eebf16937fb9e77a3b806afe9aa528","2","t-M_n-H","M","H","linear",13,"13",1,"Certain","Different slope"
"990b754acff09dba2fd3909861323a30","30",12,"26-30","Male","Graduate Degree","Yes","Prolific","1b39b36e7a6189897f2015f191953b9d","1","t-H_n-M","H","M","log",12,"17",0,"Neutral","Clustering"
"990b754acff09dba2fd3909861323a30","24",12,"26-30","Male","Graduate Degree","Yes","Prolific","70eebf16937fb9e77a3b806afe9aa528","2","t-M_n-H","M","H","log",13,"2",0,"Certain","Different slope"
"990b754acff09dba2fd3909861323a30","31",12,"26-30","Male","Graduate Degree","Yes","Prolific","914e02881a7432dc34831c5dff0477e0","2","t-H_n-M","H","M","linear",12,"3",0,"Neutral","Outlier(s)"
"990b754acff09dba2fd3909861323a30","32",12,"26-30","Male","Graduate Degree","Yes","Prolific","914e02881a7432dc34831c5dff0477e0","2","t-H_n-M","H","M","log",12,"19",0,"Certain","Outlier(s)"
"990b754acff09dba2fd3909861323a30","5",12,"26-30","Male","Graduate Degree","Yes","Prolific","9f2d96ab9212ba1d26f176b00e6eeec0","1","t-E_n-M","E","M","linear",12,"14",0,"Certain","Different slope"
"990b754acff09dba2fd3909861323a30","6",12,"26-30","Male","Graduate Degree","Yes","Prolific","9f2d96ab9212ba1d26f176b00e6eeec0","1","t-E_n-M","E","M","log",12,"6",0,"Neutral","Clustering"
"990b754acff09dba2fd3909861323a30","25",12,"26-30","Male","Graduate Degree","Yes","Prolific","ee322d63db5869407801b2c6cd54c452","1","t-H_n-E","H","E","linear",1,"3",0,"Neutral","Different shape"
"990b754acff09dba2fd3909861323a30","7",12,"26-30","Male","Graduate Degree","Yes","Prolific","076f2d6385d635ea49402478f7e44cab","2","t-E_n-M","E","M","linear",14,"13",0,"Certain","Different slope"
"990b754acff09dba2fd3909861323a30","15",12,"26-30","Male","Graduate Degree","Yes","Prolific","07f1a227ee4ee73124d6589fada210dc","2","t-M_n-E","M","E","linear",10,"2",0,"Certain","Clustering"
"f12e78ac87e307210c4f5086ef537741","30",13,"19-25","Male","Undergraduate Degree","Yes","Prolific","1b39b36e7a6189897f2015f191953b9d","1","t-H_n-M","H","M","log",12,"2",0,"Certain","Different shape"
"f12e78ac87e307210c4f5086ef537741","28",13,"19-25","Male","Undergraduate Degree","Yes","Prolific","b8efad9285426a191f979b32a5094198","2","t-H_n-E","H","E","log",9,"9,10",1,"Certain","Different shape, Different slope"
"f12e78ac87e307210c4f5086ef537741","23",13,"19-25","Male","Undergraduate Degree","Yes","Prolific","70eebf16937fb9e77a3b806afe9aa528","2","t-M_n-H","M","H","linear",13,"13,16",1,"Certain","Different shape, Different slope"
"f12e78ac87e307210c4f5086ef537741","30",13,"19-25","Male","Undergraduate Degree","Yes","Prolific","1b39b36e7a6189897f2015f191953b9d","1","t-H_n-M","H","M","log",12,"19",0,"Neutral","Different shape"
"f12e78ac87e307210c4f5086ef537741","24",13,"19-25","Male","Undergraduate Degree","Yes","Prolific","70eebf16937fb9e77a3b806afe9aa528","2","t-M_n-H","M","H","log",13,"16",0,"Neutral","Clustering"
"f12e78ac87e307210c4f5086ef537741","31",13,"19-25","Male","Undergraduate Degree","Yes","Prolific","914e02881a7432dc34831c5dff0477e0","2","t-H_n-M","H","M","linear",12,"3,12,19",1,"Certain","Clustering, Different shape, Different slope"
"f12e78ac87e307210c4f5086ef537741","30",13,"19-25","Male","Undergraduate Degree","Yes","Prolific","1b39b36e7a6189897f2015f191953b9d","1","t-H_n-M","H","M","log",12,"19",0,"Certain","Different shape"
"f12e78ac87e307210c4f5086ef537741","16",13,"19-25","Male","Undergraduate Degree","Yes","Prolific","07f1a227ee4ee73124d6589fada210dc","2","t-M_n-E","M","E","log",10,"8,11",0,"Neutral","Different range, Different shape"
"f12e78ac87e307210c4f5086ef537741","8",13,"19-25","Male","Undergraduate Degree","Yes","Prolific","076f2d6385d635ea49402478f7e44cab","2","t-E_n-M","E","M","log",14,"14",1,"Certain","Different shape"
"f12e78ac87e307210c4f5086ef537741","29",13,"19-25","Male","Undergraduate Degree","Yes","Prolific","1b39b36e7a6189897f2015f191953b9d","1","t-H_n-M","H","M","linear",12,"4",0,"Certain","Clustering"
"f12e78ac87e307210c4f5086ef537741","23",13,"19-25","Male","Undergraduate Degree","Yes","Prolific","70eebf16937fb9e77a3b806afe9aa528","2","t-M_n-H","M","H","linear",13,"13",1,"Very Certain","Clustering, Different shape"
"f12e78ac87e307210c4f5086ef537741","12",13,"19-25","Male","Undergraduate Degree","Yes","Prolific","909f6bb4a0bbb8708bcc2d96c0b7052f","2","t-E_n-H","E","H","log",17,"17",1,"Very Certain","Different shape, Different slope"
"f12e78ac87e307210c4f5086ef537741","24",13,"19-25","Male","Undergraduate Degree","Yes","Prolific","70eebf16937fb9e77a3b806afe9aa528","2","t-M_n-H","M","H","log",13,"12",0,"Neutral","Different range"
"cb4375ad5fd52d034c8a978a4ebc7c9c","30",13,"41-45","Female","Graduate Degree","No","Prolific","1b39b36e7a6189897f2015f191953b9d","1","t-H_n-M","H","M","log",12,"12",1,"Uncertain","Clustering"
"cb4375ad5fd52d034c8a978a4ebc7c9c","28",13,"41-45","Female","Graduate Degree","No","Prolific","b8efad9285426a191f979b32a5094198","2","t-H_n-E","H","E","log",9,"9",1,"Very Certain","Different slope"
"cb4375ad5fd52d034c8a978a4ebc7c9c","23",13,"41-45","Female","Graduate Degree","No","Prolific","70eebf16937fb9e77a3b806afe9aa528","2","t-M_n-H","M","H","linear",13,"13",1,"Certain","Different shape"
"cb4375ad5fd52d034c8a978a4ebc7c9c","30",13,"41-45","Female","Graduate Degree","No","Prolific","1b39b36e7a6189897f2015f191953b9d","1","t-H_n-M","H","M","log",12,"12",1,"Uncertain","Different slope"
"cb4375ad5fd52d034c8a978a4ebc7c9c","24",13,"41-45","Female","Graduate Degree","No","Prolific","70eebf16937fb9e77a3b806afe9aa528","2","t-M_n-H","M","H","log",13,"13",1,"Certain","Different slope"
"cb4375ad5fd52d034c8a978a4ebc7c9c","31",13,"41-45","Female","Graduate Degree","No","Prolific","914e02881a7432dc34831c5dff0477e0","2","t-H_n-M","H","M","linear",12,"3",0,"Neutral","Clustering"
"cb4375ad5fd52d034c8a978a4ebc7c9c","30",13,"41-45","Female","Graduate Degree","No","Prolific","1b39b36e7a6189897f2015f191953b9d","1","t-H_n-M","H","M","log",12,"14",0,"Very Uncertain","Clustering"
"cb4375ad5fd52d034c8a978a4ebc7c9c","14",13,"41-45","Female","Graduate Degree","No","Prolific","85c5c5a6ab4fdb3aaf06947e0b9d4483","1","t-M_n-E","M","E","log",10,"13",0,"Uncertain","Clustering"
"cb4375ad5fd52d034c8a978a4ebc7c9c","8",13,"41-45","Female","Graduate Degree","No","Prolific","076f2d6385d635ea49402478f7e44cab","2","t-E_n-M","E","M","log",14,"14",1,"Certain","Different slope"
"cb4375ad5fd52d034c8a978a4ebc7c9c","29",13,"41-45","Female","Graduate Degree","No","Prolific","1b39b36e7a6189897f2015f191953b9d","1","t-H_n-M","H","M","linear",12,"12",1,"Certain","Different slope"
"cb4375ad5fd52d034c8a978a4ebc7c9c","21",13,"41-45","Female","Graduate Degree","No","Prolific","17c70f64092db27a58faa6c255efd8ba","1","t-M_n-H","M","H","linear",1,"1",1,"Neutral","Different shape"
"cb4375ad5fd52d034c8a978a4ebc7c9c","14",13,"41-45","Female","Graduate Degree","No","Prolific","85c5c5a6ab4fdb3aaf06947e0b9d4483","1","t-M_n-E","M","E","log",10,"10",1,"Certain","Different slope"
"cb4375ad5fd52d034c8a978a4ebc7c9c","25",13,"41-45","Female","Graduate Degree","No","Prolific","ee322d63db5869407801b2c6cd54c452","1","t-H_n-E","H","E","linear",1,"4",0,"Very Certain","Clustering"
"220b50149195225323fcd39e10cd5179","5",12,"19-25","Male","Undergraduate Degree","Yes","Prolific","9f2d96ab9212ba1d26f176b00e6eeec0","1","t-E_n-M","E","M","linear",12,"10",0,"Neutral","Different shape"
"220b50149195225323fcd39e10cd5179","6",12,"19-25","Male","Undergraduate Degree","Yes","Prolific","9f2d96ab9212ba1d26f176b00e6eeec0","1","t-E_n-M","E","M","log",12,"14",0,"Certain","Different shape, Outlier(s)"
"220b50149195225323fcd39e10cd5179","8",12,"19-25","Male","Undergraduate Degree","Yes","Prolific","076f2d6385d635ea49402478f7e44cab","2","t-E_n-M","E","M","log",14,"14",1,"Neutral","Different range, Different shape"
"220b50149195225323fcd39e10cd5179","28",12,"19-25","Male","Undergraduate Degree","Yes","Prolific","b8efad9285426a191f979b32a5094198","2","t-H_n-E","H","E","log",9,"9",1,"Very Certain","Different slope"
"220b50149195225323fcd39e10cd5179","30",12,"19-25","Male","Undergraduate Degree","Yes","Prolific","1b39b36e7a6189897f2015f191953b9d","1","t-H_n-M","H","M","log",12,"12",1,"Certain","Different slope"
"220b50149195225323fcd39e10cd5179","30",12,"19-25","Male","Undergraduate Degree","Yes","Prolific","1b39b36e7a6189897f2015f191953b9d","1","t-H_n-M","H","M","log",12,"12",1,"Neutral","Different range"
"220b50149195225323fcd39e10cd5179","26",12,"19-25","Male","Undergraduate Degree","Yes","Prolific","ee322d63db5869407801b2c6cd54c452","1","t-H_n-E","H","E","log",1,"1",1,"Very Certain","Different slope"
"220b50149195225323fcd39e10cd5179","31",12,"19-25","Male","Undergraduate Degree","Yes","Prolific","914e02881a7432dc34831c5dff0477e0","2","t-H_n-M","H","M","linear",12,"19",0,"Neutral","Clustering, Outlier(s)"
"220b50149195225323fcd39e10cd5179","6",12,"19-25","Male","Undergraduate Degree","Yes","Prolific","9f2d96ab9212ba1d26f176b00e6eeec0","1","t-E_n-M","E","M","log",12,"12",1,"Certain","Different range"
"220b50149195225323fcd39e10cd5179","32",12,"19-25","Male","Undergraduate Degree","Yes","Prolific","914e02881a7432dc34831c5dff0477e0","2","t-H_n-M","H","M","log",12,"12",1,"Certain","Different slope"
"220b50149195225323fcd39e10cd5179","6",12,"19-25","Male","Undergraduate Degree","Yes","Prolific","9f2d96ab9212ba1d26f176b00e6eeec0","1","t-E_n-M","E","M","log",12,"11",0,"Uncertain","Clustering"
"220b50149195225323fcd39e10cd5179","15",12,"19-25","Male","Undergraduate Degree","Yes","Prolific","07f1a227ee4ee73124d6589fada210dc","2","t-M_n-E","M","E","linear",10,"15",0,"Certain","Clustering, Outlier(s)"
"71773a5357b8c5b1fde1464682849b2c","30",12,"31-35","Female","Graduate Degree","Yes","Prolific","1b39b36e7a6189897f2015f191953b9d","1","t-H_n-M","H","M","log",12,"9,12",1,"Certain","Different slope"
"71773a5357b8c5b1fde1464682849b2c","28",12,"31-35","Female","Graduate Degree","Yes","Prolific","b8efad9285426a191f979b32a5094198","2","t-H_n-E","H","E","log",9,"9",1,"Certain","Different slope"
"71773a5357b8c5b1fde1464682849b2c","23",12,"31-35","Female","Graduate Degree","Yes","Prolific","70eebf16937fb9e77a3b806afe9aa528","2","t-M_n-H","M","H","linear",13,"16",0,"Neutral","Clustering"
"71773a5357b8c5b1fde1464682849b2c","30",12,"31-35","Female","Graduate Degree","Yes","Prolific","1b39b36e7a6189897f2015f191953b9d","1","t-H_n-M","H","M","log",12,"12",1,"Certain","Different slope"
"71773a5357b8c5b1fde1464682849b2c","11",12,"31-35","Female","Graduate Degree","Yes","Prolific","909f6bb4a0bbb8708bcc2d96c0b7052f","2","t-E_n-H","E","H","linear",17,"17",1,"Certain","Clustering"
"71773a5357b8c5b1fde1464682849b2c","16",12,"31-35","Female","Graduate Degree","Yes","Prolific","07f1a227ee4ee73124d6589fada210dc","2","t-M_n-E","M","E","log",10,"10",1,"Neutral","Different shape"
"71773a5357b8c5b1fde1464682849b2c","29",12,"31-35","Female","Graduate Degree","Yes","Prolific","1b39b36e7a6189897f2015f191953b9d","1","t-H_n-M","H","M","linear",12,"8",0,"Neutral","Different shape"
"71773a5357b8c5b1fde1464682849b2c","10",12,"31-35","Female","Graduate Degree","Yes","Prolific","8105c77bcc5d38d9b4e742f1b76de5fc","1","t-E_n-H","E","H","log",15,"15",1,"Neutral","Clustering, Different shape"
"71773a5357b8c5b1fde1464682849b2c","26",12,"31-35","Female","Graduate Degree","Yes","Prolific","ee322d63db5869407801b2c6cd54c452","1","t-H_n-E","H","E","log",1,"1",1,"Certain","Different slope"
"71773a5357b8c5b1fde1464682849b2c","15",12,"31-35","Female","Graduate Degree","Yes","Prolific","07f1a227ee4ee73124d6589fada210dc","2","t-M_n-E","M","E","linear",10,"2",0,"Neutral","Clustering"
"71773a5357b8c5b1fde1464682849b2c","27",12,"31-35","Female","Graduate Degree","Yes","Prolific","b8efad9285426a191f979b32a5094198","2","t-H_n-E","H","E","linear",9,"5",0,"Neutral","Different range"
"71773a5357b8c5b1fde1464682849b2c","32",12,"31-35","Female","Graduate Degree","Yes","Prolific","914e02881a7432dc34831c5dff0477e0","2","t-H_n-M","H","M","log",12,"12",1,"Neutral","Different slope"
"c145adb5e714b1c1ca8b6516a3553ecd","26",13,"19-25","Female","Graduate Degree","Yes","Prolific","ee322d63db5869407801b2c6cd54c452","1","t-H_n-E","H","E","log",1,"1",1,"Certain","Different slope"
"c145adb5e714b1c1ca8b6516a3553ecd","28",13,"19-25","Female","Graduate Degree","Yes","Prolific","b8efad9285426a191f979b32a5094198","2","t-H_n-E","H","E","log",9,"9",1,"Very Certain","Different slope"
"c145adb5e714b1c1ca8b6516a3553ecd","23",13,"19-25","Female","Graduate Degree","Yes","Prolific","70eebf16937fb9e77a3b806afe9aa528","2","t-M_n-H","M","H","linear",13,"13",1,"Certain","Clustering"
"c145adb5e714b1c1ca8b6516a3553ecd","30",13,"19-25","Female","Graduate Degree","Yes","Prolific","1b39b36e7a6189897f2015f191953b9d","1","t-H_n-M","H","M","log",12,"18",0,"Neutral","Clustering"
"c145adb5e714b1c1ca8b6516a3553ecd","24",13,"19-25","Female","Graduate Degree","Yes","Prolific","70eebf16937fb9e77a3b806afe9aa528","2","t-M_n-H","M","H","log",13,"13",1,"Uncertain","Different shape"
"c145adb5e714b1c1ca8b6516a3553ecd","29",13,"19-25","Female","Graduate Degree","Yes","Prolific","1b39b36e7a6189897f2015f191953b9d","1","t-H_n-M","H","M","linear",12,"8",0,"Certain","Clustering"
"c145adb5e714b1c1ca8b6516a3553ecd","28",13,"19-25","Female","Graduate Degree","Yes","Prolific","b8efad9285426a191f979b32a5094198","2","t-H_n-E","H","E","log",9,"9",1,"Very Certain","Different shape"
"c145adb5e714b1c1ca8b6516a3553ecd","16",13,"19-25","Female","Graduate Degree","Yes","Prolific","07f1a227ee4ee73124d6589fada210dc","2","t-M_n-E","M","E","log",10,"10",1,"Very Certain","Different slope"
"c145adb5e714b1c1ca8b6516a3553ecd","27",13,"19-25","Female","Graduate Degree","Yes","Prolific","b8efad9285426a191f979b32a5094198","2","t-H_n-E","H","E","linear",9,"9",1,"Neutral","Different slope"
"c145adb5e714b1c1ca8b6516a3553ecd","29",13,"19-25","Female","Graduate Degree","Yes","Prolific","1b39b36e7a6189897f2015f191953b9d","1","t-H_n-M","H","M","linear",12,"12",1,"Certain","Different slope"
"c145adb5e714b1c1ca8b6516a3553ecd","23",13,"19-25","Female","Graduate Degree","Yes","Prolific","70eebf16937fb9e77a3b806afe9aa528","2","t-M_n-H","M","H","linear",13,"13",1,"Neutral","Clustering"
"c145adb5e714b1c1ca8b6516a3553ecd","12",13,"19-25","Female","Graduate Degree","Yes","Prolific","909f6bb4a0bbb8708bcc2d96c0b7052f","2","t-E_n-H","E","H","log",17,"17",1,"Very Certain","Different shape"
"c145adb5e714b1c1ca8b6516a3553ecd","24",13,"19-25","Female","Graduate Degree","Yes","Prolific","70eebf16937fb9e77a3b806afe9aa528","2","t-M_n-H","M","H","log",13,"13",1,"Certain","Different slope"
"f58933e5fab2455c8b08a7b935ba61f3","30",13,"26-30","Male","Graduate Degree","Yes","Prolific","1b39b36e7a6189897f2015f191953b9d","1","t-H_n-M","H","M","log",12,"2",0,"Neutral","Clustering"
"f58933e5fab2455c8b08a7b935ba61f3","28",13,"26-30","Male","Graduate Degree","Yes","Prolific","b8efad9285426a191f979b32a5094198","2","t-H_n-E","H","E","log",9,"5",0,"Certain","Different range"
"f58933e5fab2455c8b08a7b935ba61f3","23",13,"26-30","Male","Graduate Degree","Yes","Prolific","70eebf16937fb9e77a3b806afe9aa528","2","t-M_n-H","M","H","linear",13,"13",1,"Certain","Different shape, Different slope"
"f58933e5fab2455c8b08a7b935ba61f3","30",13,"26-30","Male","Graduate Degree","Yes","Prolific","1b39b36e7a6189897f2015f191953b9d","1","t-H_n-M","H","M","log",12,"10",0,"Certain","Clustering"
"f58933e5fab2455c8b08a7b935ba61f3","24",13,"26-30","Male","Graduate Degree","Yes","Prolific","70eebf16937fb9e77a3b806afe9aa528","2","t-M_n-H","M","H","log",13,"9",0,"Certain","Outlier(s)"
"f58933e5fab2455c8b08a7b935ba61f3","31",13,"26-30","Male","Graduate Degree","Yes","Prolific","914e02881a7432dc34831c5dff0477e0","2","t-H_n-M","H","M","linear",12,"8",0,"Certain","Different slope"
"f58933e5fab2455c8b08a7b935ba61f3","28",13,"26-30","Male","Graduate Degree","Yes","Prolific","b8efad9285426a191f979b32a5094198","2","t-H_n-E","H","E","log",9,"5",0,"Certain","Different slope, Outlier(s)"
"f58933e5fab2455c8b08a7b935ba61f3","16",13,"26-30","Male","Graduate Degree","Yes","Prolific","07f1a227ee4ee73124d6589fada210dc","2","t-M_n-E","M","E","log",10,"10",1,"Certain","Clustering"
"f58933e5fab2455c8b08a7b935ba61f3","24",13,"26-30","Male","Graduate Degree","Yes","Prolific","70eebf16937fb9e77a3b806afe9aa528","2","t-M_n-H","M","H","log",13,"17",0,"Uncertain","Outlier(s)"
"f58933e5fab2455c8b08a7b935ba61f3","29",13,"26-30","Male","Graduate Degree","Yes","Prolific","1b39b36e7a6189897f2015f191953b9d","1","t-H_n-M","H","M","linear",12,"1",0,"Certain","Clustering"
"f58933e5fab2455c8b08a7b935ba61f3","23",13,"26-30","Male","Graduate Degree","Yes","Prolific","70eebf16937fb9e77a3b806afe9aa528","2","t-M_n-H","M","H","linear",13,"13",1,"Certain","Different shape, Different slope"
"f58933e5fab2455c8b08a7b935ba61f3","12",13,"26-30","Male","Graduate Degree","Yes","Prolific","909f6bb4a0bbb8708bcc2d96c0b7052f","2","t-E_n-H","E","H","log",17,"17",1,"Very Certain","Different shape, Different slope"
"f58933e5fab2455c8b08a7b935ba61f3","24",13,"26-30","Male","Graduate Degree","Yes","Prolific","70eebf16937fb9e77a3b806afe9aa528","2","t-M_n-H","M","H","log",13,"9",0,"Certain","Outlier(s)"
"efb678ce60fc6cc354dcf286ad0c0d9f","30",13,"19-25","Male","Graduate Degree","Yes","Prolific","1b39b36e7a6189897f2015f191953b9d","1","t-H_n-M","H","M","log",12,"14",0,"Certain","Different shape"
"efb678ce60fc6cc354dcf286ad0c0d9f","30",13,"19-25","Male","Graduate Degree","Yes","Prolific","1b39b36e7a6189897f2015f191953b9d","1","t-H_n-M","H","M","log",12,"14",0,"Certain","Different shape"
"efb678ce60fc6cc354dcf286ad0c0d9f","23",13,"19-25","Male","Graduate Degree","Yes","Prolific","70eebf16937fb9e77a3b806afe9aa528","2","t-M_n-H","M","H","linear",13,"16",0,"Certain","Different range"
"efb678ce60fc6cc354dcf286ad0c0d9f","30",13,"19-25","Male","Graduate Degree","Yes","Prolific","1b39b36e7a6189897f2015f191953b9d","1","t-H_n-M","H","M","log",12,"14",0,"Neutral","Different slope"
"efb678ce60fc6cc354dcf286ad0c0d9f","24",13,"19-25","Male","Graduate Degree","Yes","Prolific","70eebf16937fb9e77a3b806afe9aa528","2","t-M_n-H","M","H","log",13,"16",0,"Certain","Different slope"
"efb678ce60fc6cc354dcf286ad0c0d9f","29",13,"19-25","Male","Graduate Degree","Yes","Prolific","1b39b36e7a6189897f2015f191953b9d","1","t-H_n-M","H","M","linear",12,"8",0,"Certain","Different range"
"efb678ce60fc6cc354dcf286ad0c0d9f","9",13,"19-25","Male","Graduate Degree","Yes","Prolific","8105c77bcc5d38d9b4e742f1b76de5fc","1","t-E_n-H","E","H","linear",15,"15",1,"Very Certain","Different shape"
"efb678ce60fc6cc354dcf286ad0c0d9f","22",13,"19-25","Male","Graduate Degree","Yes","Prolific","17c70f64092db27a58faa6c255efd8ba","1","t-M_n-H","M","H","log",1,"18",0,"Neutral","Different shape"
"efb678ce60fc6cc354dcf286ad0c0d9f","27",13,"19-25","Male","Graduate Degree","Yes","Prolific","b8efad9285426a191f979b32a5094198","2","t-H_n-E","H","E","linear",9,"7",0,"Certain","Clustering, Different shape"
"efb678ce60fc6cc354dcf286ad0c0d9f","29",13,"19-25","Male","Graduate Degree","Yes","Prolific","1b39b36e7a6189897f2015f191953b9d","1","t-H_n-M","H","M","linear",12,"8",0,"Neutral","Different range"
"efb678ce60fc6cc354dcf286ad0c0d9f","23",13,"19-25","Male","Graduate Degree","Yes","Prolific","70eebf16937fb9e77a3b806afe9aa528","2","t-M_n-H","M","H","linear",13,"13",1,"Certain","Different shape"
"efb678ce60fc6cc354dcf286ad0c0d9f","12",13,"19-25","Male","Graduate Degree","Yes","Prolific","909f6bb4a0bbb8708bcc2d96c0b7052f","2","t-E_n-H","E","H","log",17,"17",1,"Very Certain","Different shape"
"efb678ce60fc6cc354dcf286ad0c0d9f","24",13,"19-25","Male","Graduate Degree","Yes","Prolific","70eebf16937fb9e77a3b806afe9aa528","2","t-M_n-H","M","H","log",13,"7",0,"Neutral","Outlier(s)"
"a2a8b8498b401bfeee0fb58a7b88d807","28",12,"19-25","Female","Undergraduate Degree","Yes","Prolific","b8efad9285426a191f979b32a5094198","2","t-H_n-E","H","E","log",9,"10",0,"Very Certain","Different shape"
"a2a8b8498b401bfeee0fb58a7b88d807","23",12,"19-25","Female","Undergraduate Degree","Yes","Prolific","70eebf16937fb9e77a3b806afe9aa528","2","t-M_n-H","M","H","linear",13,"13",1,"Very Certain","Different range"
"a2a8b8498b401bfeee0fb58a7b88d807","30",12,"19-25","Female","Undergraduate Degree","Yes","Prolific","1b39b36e7a6189897f2015f191953b9d","1","t-H_n-M","H","M","log",12,"2",0,"Certain","Clustering"
"a2a8b8498b401bfeee0fb58a7b88d807","24",12,"19-25","Female","Undergraduate Degree","Yes","Prolific","70eebf16937fb9e77a3b806afe9aa528","2","t-M_n-H","M","H","log",13,"2",0,"Neutral","Different slope"
"a2a8b8498b401bfeee0fb58a7b88d807","29",12,"19-25","Female","Undergraduate Degree","Yes","Prolific","1b39b36e7a6189897f2015f191953b9d","1","t-H_n-M","H","M","linear",12,"8",0,"Certain","Different range"
"a2a8b8498b401bfeee0fb58a7b88d807","9",12,"19-25","Female","Undergraduate Degree","Yes","Prolific","8105c77bcc5d38d9b4e742f1b76de5fc","1","t-E_n-H","E","H","linear",15,"15",1,"Very Certain","Different slope"
"a2a8b8498b401bfeee0fb58a7b88d807","22",12,"19-25","Female","Undergraduate Degree","Yes","Prolific","17c70f64092db27a58faa6c255efd8ba","1","t-M_n-H","M","H","log",1,"11",0,"Certain","Clustering"
"a2a8b8498b401bfeee0fb58a7b88d807","24",12,"19-25","Female","Undergraduate Degree","Yes","Prolific","70eebf16937fb9e77a3b806afe9aa528","2","t-M_n-H","M","H","log",13,"15",0,"Neutral","Clustering"
"a2a8b8498b401bfeee0fb58a7b88d807","29",12,"19-25","Female","Undergraduate Degree","Yes","Prolific","1b39b36e7a6189897f2015f191953b9d","1","t-H_n-M","H","M","linear",12,"18",0,"Neutral","Different range"
"a2a8b8498b401bfeee0fb58a7b88d807","23",12,"19-25","Female","Undergraduate Degree","Yes","Prolific","70eebf16937fb9e77a3b806afe9aa528","2","t-M_n-H","M","H","linear",13,"13",1,"Very Certain","Different range"
"a2a8b8498b401bfeee0fb58a7b88d807","12",12,"19-25","Female","Undergraduate Degree","Yes","Prolific","909f6bb4a0bbb8708bcc2d96c0b7052f","2","t-E_n-H","E","H","log",17,"19",0,"Certain","Clustering"
"a2a8b8498b401bfeee0fb58a7b88d807","24",12,"19-25","Female","Undergraduate Degree","Yes","Prolific","70eebf16937fb9e77a3b806afe9aa528","2","t-M_n-H","M","H","log",13,"16",0,"Certain","Clustering"
"521d5dac8dbf7101d3a9a679f581bb97","28",12,"19-25","Female","Some Graduate Courses","Yes","Prolific","b8efad9285426a191f979b32a5094198","2","t-H_n-E","H","E","log",9,"8",0,"Certain","Different range"
"521d5dac8dbf7101d3a9a679f581bb97","23",12,"19-25","Female","Some Graduate Courses","Yes","Prolific","70eebf16937fb9e77a3b806afe9aa528","2","t-M_n-H","M","H","linear",13,"16",0,"Certain","Clustering"
"521d5dac8dbf7101d3a9a679f581bb97","30",12,"19-25","Female","Some Graduate Courses","Yes","Prolific","1b39b36e7a6189897f2015f191953b9d","1","t-H_n-M","H","M","log",12,"5",0,"Neutral","Different range"
"521d5dac8dbf7101d3a9a679f581bb97","24",12,"19-25","Female","Some Graduate Courses","Yes","Prolific","70eebf16937fb9e77a3b806afe9aa528","2","t-M_n-H","M","H","log",13,"15",0,"Neutral","Different range"
"521d5dac8dbf7101d3a9a679f581bb97","29",12,"19-25","Female","Some Graduate Courses","Yes","Prolific","1b39b36e7a6189897f2015f191953b9d","1","t-H_n-M","H","M","linear",12,"1",0,"Certain","Different shape"
"521d5dac8dbf7101d3a9a679f581bb97","9",12,"19-25","Female","Some Graduate Courses","Yes","Prolific","8105c77bcc5d38d9b4e742f1b76de5fc","1","t-E_n-H","E","H","linear",15,"15",1,"Very Certain","Different range"
"521d5dac8dbf7101d3a9a679f581bb97","22",12,"19-25","Female","Some Graduate Courses","Yes","Prolific","17c70f64092db27a58faa6c255efd8ba","1","t-M_n-H","M","H","log",1,"10",0,"Neutral","Clustering"
"521d5dac8dbf7101d3a9a679f581bb97","27",12,"19-25","Female","Some Graduate Courses","Yes","Prolific","b8efad9285426a191f979b32a5094198","2","t-H_n-E","H","E","linear",9,"6,10",0,"Certain","Different range"
"521d5dac8dbf7101d3a9a679f581bb97","15",12,"19-25","Female","Some Graduate Courses","Yes","Prolific","07f1a227ee4ee73124d6589fada210dc","2","t-M_n-E","M","E","linear",10,"18",0,"Neutral","Different range"
"521d5dac8dbf7101d3a9a679f581bb97","29",12,"19-25","Female","Some Graduate Courses","Yes","Prolific","1b39b36e7a6189897f2015f191953b9d","1","t-H_n-M","H","M","linear",12,"5",0,"Neutral","Clustering"
"521d5dac8dbf7101d3a9a679f581bb97","26",12,"19-25","Female","Some Graduate Courses","Yes","Prolific","ee322d63db5869407801b2c6cd54c452","1","t-H_n-E","H","E","log",1,"1",1,"Very Certain","Different shape"
"521d5dac8dbf7101d3a9a679f581bb97","24",12,"19-25","Female","Some Graduate Courses","Yes","Prolific","70eebf16937fb9e77a3b806afe9aa528","2","t-M_n-H","M","H","log",13,"13",1,"Very Certain","Different shape"
"61ed52427cc236c5182459f89b2cf8a6","29",13,"19-25","Male","Some Graduate Courses","Yes","Prolific","1b39b36e7a6189897f2015f191953b9d","1","t-H_n-M","H","M","linear",12,"3",0,"Neutral","Different slope"
"61ed52427cc236c5182459f89b2cf8a6","28",13,"19-25","Male","Some Graduate Courses","Yes","Prolific","b8efad9285426a191f979b32a5094198","2","t-H_n-E","H","E","log",9,"8,9,10,14",1,"Certain","Different shape"
"61ed52427cc236c5182459f89b2cf8a6","23",13,"19-25","Male","Some Graduate Courses","Yes","Prolific","70eebf16937fb9e77a3b806afe9aa528","2","t-M_n-H","M","H","linear",13,"13",1,"Very Certain","Different shape"
"61ed52427cc236c5182459f89b2cf8a6","30",13,"19-25","Male","Some Graduate Courses","Yes","Prolific","1b39b36e7a6189897f2015f191953b9d","1","t-H_n-M","H","M","log",12,"2",0,"Neutral","Clustering"
"61ed52427cc236c5182459f89b2cf8a6","24",13,"19-25","Male","Some Graduate Courses","Yes","Prolific","70eebf16937fb9e77a3b806afe9aa528","2","t-M_n-H","M","H","log",13,"2,7,8",0,"Certain","Different shape"
"61ed52427cc236c5182459f89b2cf8a6","29",13,"19-25","Male","Some Graduate Courses","Yes","Prolific","1b39b36e7a6189897f2015f191953b9d","1","t-H_n-M","H","M","linear",12,"9,14",0,"Certain","Outlier(s)"
"61ed52427cc236c5182459f89b2cf8a6","28",13,"19-25","Male","Some Graduate Courses","Yes","Prolific","b8efad9285426a191f979b32a5094198","2","t-H_n-E","H","E","log",9,"9,10",1,"Very Certain","Different shape"
"61ed52427cc236c5182459f89b2cf8a6","22",13,"19-25","Male","Some Graduate Courses","Yes","Prolific","17c70f64092db27a58faa6c255efd8ba","1","t-M_n-H","M","H","log",1,"1",1,"Very Certain","Different shape"
"61ed52427cc236c5182459f89b2cf8a6","27",13,"19-25","Male","Some Graduate Courses","Yes","Prolific","b8efad9285426a191f979b32a5094198","2","t-H_n-E","H","E","linear",9,"10",0,"Certain","Different slope"
"61ed52427cc236c5182459f89b2cf8a6","15",13,"19-25","Male","Some Graduate Courses","Yes","Prolific","07f1a227ee4ee73124d6589fada210dc","2","t-M_n-E","M","E","linear",10,"9",0,"Neutral","Clustering"
"61ed52427cc236c5182459f89b2cf8a6","23",13,"19-25","Male","Some Graduate Courses","Yes","Prolific","70eebf16937fb9e77a3b806afe9aa528","2","t-M_n-H","M","H","linear",13,"13",1,"Certain","Clustering"
"61ed52427cc236c5182459f89b2cf8a6","12",13,"19-25","Male","Some Graduate Courses","Yes","Prolific","909f6bb4a0bbb8708bcc2d96c0b7052f","2","t-E_n-H","E","H","log",17,"17",1,"Very Certain","Different shape"
"61ed52427cc236c5182459f89b2cf8a6","24",13,"19-25","Male","Some Graduate Courses","Yes","Prolific","70eebf16937fb9e77a3b806afe9aa528","2","t-M_n-H","M","H","log",13,"2",0,"Certain","Clustering"
"80a682ceac993d3804cc9c71ea3fff32","5",11,"41-45","Male","Undergraduate Degree","Yes","Prolific","9f2d96ab9212ba1d26f176b00e6eeec0","1","t-E_n-M","E","M","linear",12,"14",0,"Certain","Clustering"
"80a682ceac993d3804cc9c71ea3fff32","8",11,"41-45","Male","Undergraduate Degree","Yes","Prolific","076f2d6385d635ea49402478f7e44cab","2","t-E_n-M","E","M","log",14,"14",1,"Certain","Different shape"
"80a682ceac993d3804cc9c71ea3fff32","28",11,"41-45","Male","Undergraduate Degree","Yes","Prolific","b8efad9285426a191f979b32a5094198","2","t-H_n-E","H","E","log",9,"9",1,"Very Certain","Different shape"
"80a682ceac993d3804cc9c71ea3fff32","11",11,"41-45","Male","Undergraduate Degree","Yes","Prolific","909f6bb4a0bbb8708bcc2d96c0b7052f","2","t-E_n-H","E","H","linear",17,"17",1,"Certain","Different shape"
"80a682ceac993d3804cc9c71ea3fff32","32",11,"41-45","Male","Undergraduate Degree","Yes","Prolific","914e02881a7432dc34831c5dff0477e0","2","t-H_n-M","H","M","log",12,"12",1,"Certain","Different shape"
"80a682ceac993d3804cc9c71ea3fff32","5",11,"41-45","Male","Undergraduate Degree","Yes","Prolific","9f2d96ab9212ba1d26f176b00e6eeec0","1","t-E_n-M","E","M","linear",12,"17",0,"Neutral","Different range"
"80a682ceac993d3804cc9c71ea3fff32","6",11,"41-45","Male","Undergraduate Degree","Yes","Prolific","9f2d96ab9212ba1d26f176b00e6eeec0","1","t-E_n-M","E","M","log",12,"11",0,"Neutral","Outlier(s)"
"80a682ceac993d3804cc9c71ea3fff32","16",11,"41-45","Male","Undergraduate Degree","Yes","Prolific","07f1a227ee4ee73124d6589fada210dc","2","t-M_n-E","M","E","log",10,"10",1,"Certain","Different shape"
"80a682ceac993d3804cc9c71ea3fff32","22",11,"41-45","Male","Undergraduate Degree","Yes","Prolific","17c70f64092db27a58faa6c255efd8ba","1","t-M_n-H","M","H","log",1,"1",1,"Certain","Different slope"
"80a682ceac993d3804cc9c71ea3fff32","9",11,"41-45","Male","Undergraduate Degree","Yes","Prolific","8105c77bcc5d38d9b4e742f1b76de5fc","1","t-E_n-H","E","H","linear",15,"15",1,"Certain","Different shape"
"80a682ceac993d3804cc9c71ea3fff32","10",11,"41-45","Male","Undergraduate Degree","Yes","Prolific","8105c77bcc5d38d9b4e742f1b76de5fc","1","t-E_n-H","E","H","log",15,"15",1,"Very Certain","Different slope"
"96002fca5fdb4a7841976d8e17659362","5",11,"31-35","Male","Some Undergraduate Courses","Yes","Prolific","9f2d96ab9212ba1d26f176b00e6eeec0","1","t-E_n-M","E","M","linear",12,"19",0,"Certain","Different range"
"96002fca5fdb4a7841976d8e17659362","28",11,"31-35","Male","Some Undergraduate Courses","Yes","Prolific","b8efad9285426a191f979b32a5094198","2","t-H_n-E","H","E","log",9,"9",1,"Very Certain","Different slope"
"96002fca5fdb4a7841976d8e17659362","28",11,"31-35","Male","Some Undergraduate Courses","Yes","Prolific","b8efad9285426a191f979b32a5094198","2","t-H_n-E","H","E","log",9,"9",1,"Very Certain","Different slope"
"96002fca5fdb4a7841976d8e17659362","11",11,"31-35","Male","Some Undergraduate Courses","Yes","Prolific","909f6bb4a0bbb8708bcc2d96c0b7052f","2","t-E_n-H","E","H","linear",17,"17",1,"Very Certain","Different shape"
"96002fca5fdb4a7841976d8e17659362","32",11,"31-35","Male","Some Undergraduate Courses","Yes","Prolific","914e02881a7432dc34831c5dff0477e0","2","t-H_n-M","H","M","log",12,"12",1,"Certain","Different slope"
"96002fca5fdb4a7841976d8e17659362","5",11,"31-35","Male","Some Undergraduate Courses","Yes","Prolific","9f2d96ab9212ba1d26f176b00e6eeec0","1","t-E_n-M","E","M","linear",12,"19",0,"Neutral","Clustering"
"96002fca5fdb4a7841976d8e17659362","32",11,"31-35","Male","Some Undergraduate Courses","Yes","Prolific","914e02881a7432dc34831c5dff0477e0","2","t-H_n-M","H","M","log",12,"12",1,"Certain","Different slope"
"96002fca5fdb4a7841976d8e17659362","16",11,"31-35","Male","Some Undergraduate Courses","Yes","Prolific","07f1a227ee4ee73124d6589fada210dc","2","t-M_n-E","M","E","log",10,"10",1,"Very Certain","Different shape"
"96002fca5fdb4a7841976d8e17659362","27",11,"31-35","Male","Some Undergraduate Courses","Yes","Prolific","b8efad9285426a191f979b32a5094198","2","t-H_n-E","H","E","linear",9,"9",1,"Very Certain","Different slope"
"96002fca5fdb4a7841976d8e17659362","25",11,"31-35","Male","Some Undergraduate Courses","Yes","Prolific","ee322d63db5869407801b2c6cd54c452","1","t-H_n-E","H","E","linear",1,"1",1,"Certain","Different shape"
"96002fca5fdb4a7841976d8e17659362","12",11,"31-35","Male","Some Undergraduate Courses","Yes","Prolific","909f6bb4a0bbb8708bcc2d96c0b7052f","2","t-E_n-H","E","H","log",17,"17",1,"Very Certain","Different slope"
"8a4f57fff953729354e95bbda3a11d89","5",10,"26-30","Male","Undergraduate Degree","Yes","Prolific","9f2d96ab9212ba1d26f176b00e6eeec0","1","t-E_n-M","E","M","linear",12,"17",0,"Certain","Outlier(s)"
"8a4f57fff953729354e95bbda3a11d89","28",10,"26-30","Male","Undergraduate Degree","Yes","Prolific","b8efad9285426a191f979b32a5094198","2","t-H_n-E","H","E","log",9,"9",1,"Neutral","Different shape"
"8a4f57fff953729354e95bbda3a11d89","28",10,"26-30","Male","Undergraduate Degree","Yes","Prolific","b8efad9285426a191f979b32a5094198","2","t-H_n-E","H","E","log",9,"9",1,"Neutral","Different shape"
"8a4f57fff953729354e95bbda3a11d89","11",10,"26-30","Male","Undergraduate Degree","Yes","Prolific","909f6bb4a0bbb8708bcc2d96c0b7052f","2","t-E_n-H","E","H","linear",17,"17",1,"Certain","Clustering, Different range, Outlier(s)"
"8a4f57fff953729354e95bbda3a11d89","29",10,"26-30","Male","Undergraduate Degree","Yes","Prolific","1b39b36e7a6189897f2015f191953b9d","1","t-H_n-M","H","M","linear",12,"8",0,"Neutral","Clustering, Different range, Outlier(s)"
"8a4f57fff953729354e95bbda3a11d89","22",10,"26-30","Male","Undergraduate Degree","Yes","Prolific","17c70f64092db27a58faa6c255efd8ba","1","t-M_n-H","M","H","log",1,"1",1,"Neutral","Clustering, Different shape"
"8a4f57fff953729354e95bbda3a11d89","12",10,"26-30","Male","Undergraduate Degree","Yes","Prolific","909f6bb4a0bbb8708bcc2d96c0b7052f","2","t-E_n-H","E","H","log",17,"17",1,"Very Certain","Different slope"
"8a4f57fff953729354e95bbda3a11d89","11",10,"26-30","Male","Undergraduate Degree","Yes","Prolific","909f6bb4a0bbb8708bcc2d96c0b7052f","2","t-E_n-H","E","H","linear",17,"17",1,"Very Certain","Clustering, Different range, Outlier(s)"
"8a4f57fff953729354e95bbda3a11d89","5",10,"26-30","Male","Undergraduate Degree","Yes","Prolific","9f2d96ab9212ba1d26f176b00e6eeec0","1","t-E_n-M","E","M","linear",12,"17",0,"Neutral","Clustering, Outlier(s)"
"8a4f57fff953729354e95bbda3a11d89","12",10,"26-30","Male","Undergraduate Degree","Yes","Prolific","909f6bb4a0bbb8708bcc2d96c0b7052f","2","t-E_n-H","E","H","log",17,"17",1,"Certain","Different slope"
"ae6f4831ae549c801942b973864891d4","5",13,"36-40","Male","Graduate Degree","Yes","Prolific","9f2d96ab9212ba1d26f176b00e6eeec0","1","t-E_n-M","E","M","linear",12,"19",0,"Certain","Different slope"
"ae6f4831ae549c801942b973864891d4","28",13,"36-40","Male","Graduate Degree","Yes","Prolific","b8efad9285426a191f979b32a5094198","2","t-H_n-E","H","E","log",9,"9",1,"Certain","Clustering"
"ae6f4831ae549c801942b973864891d4","23",13,"36-40","Male","Graduate Degree","Yes","Prolific","70eebf16937fb9e77a3b806afe9aa528","2","t-M_n-H","M","H","linear",13,"13",1,"Very Certain","Different shape"
"ae6f4831ae549c801942b973864891d4","30",13,"36-40","Male","Graduate Degree","Yes","Prolific","1b39b36e7a6189897f2015f191953b9d","1","t-H_n-M","H","M","log",12,"2",0,"Neutral","Different shape"
"ae6f4831ae549c801942b973864891d4","11",13,"36-40","Male","Graduate Degree","Yes","Prolific","909f6bb4a0bbb8708bcc2d96c0b7052f","2","t-E_n-H","E","H","linear",17,"17",1,"Certain","Different slope"
"ae6f4831ae549c801942b973864891d4","31",13,"36-40","Male","Graduate Degree","Yes","Prolific","914e02881a7432dc34831c5dff0477e0","2","t-H_n-M","H","M","linear",12,"3",0,"Neutral","Different slope"
"ae6f4831ae549c801942b973864891d4","30",13,"36-40","Male","Graduate Degree","Yes","Prolific","1b39b36e7a6189897f2015f191953b9d","1","t-H_n-M","H","M","log",12,"14",0,"Certain","Clustering"
"ae6f4831ae549c801942b973864891d4","14",13,"36-40","Male","Graduate Degree","Yes","Prolific","85c5c5a6ab4fdb3aaf06947e0b9d4483","1","t-M_n-E","M","E","log",10,"10",1,"Certain","Different slope"
"ae6f4831ae549c801942b973864891d4","22",13,"36-40","Male","Graduate Degree","Yes","Prolific","17c70f64092db27a58faa6c255efd8ba","1","t-M_n-H","M","H","log",1,"11",0,"Certain","Different shape"
"ae6f4831ae549c801942b973864891d4","31",13,"36-40","Male","Graduate Degree","Yes","Prolific","914e02881a7432dc34831c5dff0477e0","2","t-H_n-M","H","M","linear",12,"4",0,"Very Certain","Different range"
"ae6f4831ae549c801942b973864891d4","21",13,"36-40","Male","Graduate Degree","Yes","Prolific","17c70f64092db27a58faa6c255efd8ba","1","t-M_n-H","M","H","linear",1,"1",1,"Certain","Different slope"
"ae6f4831ae549c801942b973864891d4","14",13,"36-40","Male","Graduate Degree","Yes","Prolific","85c5c5a6ab4fdb3aaf06947e0b9d4483","1","t-M_n-E","M","E","log",10,"19",0,"Certain","Different shape"
"ae6f4831ae549c801942b973864891d4","25",13,"36-40","Male","Graduate Degree","Yes","Prolific","ee322d63db5869407801b2c6cd54c452","1","t-H_n-E","H","E","linear",1,"6",0,"Certain","Different shape"
"ba75aaed2ff128d2772a255d01e28a22","5",12,"19-25","Male","High School or Less","Yes","Prolific","9f2d96ab9212ba1d26f176b00e6eeec0","1","t-E_n-M","E","M","linear",12,"3",0,"Certain","Clustering"
"ba75aaed2ff128d2772a255d01e28a22","28",12,"19-25","Male","High School or Less","Yes","Prolific","b8efad9285426a191f979b32a5094198","2","t-H_n-E","H","E","log",9,"9",1,"Very Certain","Different slope"
"ba75aaed2ff128d2772a255d01e28a22","21",12,"19-25","Male","High School or Less","Yes","Prolific","17c70f64092db27a58faa6c255efd8ba","1","t-M_n-H","M","H","linear",1,"3",0,"Very Certain","Different range"
"ba75aaed2ff128d2772a255d01e28a22","22",12,"19-25","Male","High School or Less","Yes","Prolific","17c70f64092db27a58faa6c255efd8ba","1","t-M_n-H","M","H","log",1,"10",0,"Neutral","Clustering"
"ba75aaed2ff128d2772a255d01e28a22","11",12,"19-25","Male","High School or Less","Yes","Prolific","909f6bb4a0bbb8708bcc2d96c0b7052f","2","t-E_n-H","E","H","linear",17,"17",1,"Very Certain","Clustering"
"ba75aaed2ff128d2772a255d01e28a22","25",12,"19-25","Male","High School or Less","Yes","Prolific","ee322d63db5869407801b2c6cd54c452","1","t-H_n-E","H","E","linear",1,"3",0,"Uncertain","Clustering"
"ba75aaed2ff128d2772a255d01e28a22","30",12,"19-25","Male","High School or Less","Yes","Prolific","1b39b36e7a6189897f2015f191953b9d","1","t-H_n-M","H","M","log",12,"2",0,"Neutral","Different range"
"ba75aaed2ff128d2772a255d01e28a22","5",12,"19-25","Male","High School or Less","Yes","Prolific","9f2d96ab9212ba1d26f176b00e6eeec0","1","t-E_n-M","E","M","linear",12,"19",0,"Very Uncertain","Different range"
"ba75aaed2ff128d2772a255d01e28a22","22",12,"19-25","Male","High School or Less","Yes","Prolific","17c70f64092db27a58faa6c255efd8ba","1","t-M_n-H","M","H","log",1,"18,1",1,"Uncertain","Different slope"
"ba75aaed2ff128d2772a255d01e28a22","31",12,"19-25","Male","High School or Less","Yes","Prolific","914e02881a7432dc34831c5dff0477e0","2","t-H_n-M","H","M","linear",12,"4,19",0,"Neutral","Clustering, Different range"
"ba75aaed2ff128d2772a255d01e28a22","21",12,"19-25","Male","High School or Less","Yes","Prolific","17c70f64092db27a58faa6c255efd8ba","1","t-M_n-H","M","H","linear",1,"6",0,"Very Uncertain","Different range"
"ba75aaed2ff128d2772a255d01e28a22","15",12,"19-25","Male","High School or Less","Yes","Prolific","07f1a227ee4ee73124d6589fada210dc","2","t-M_n-E","M","E","linear",10,"14",0,"Neutral","Clustering"
"b9e7c4eb8a73ffaaca95bfe85ea8977b","5",12,"36-40","Male","Undergraduate Degree","Yes","Prolific","9f2d96ab9212ba1d26f176b00e6eeec0","1","t-E_n-M","E","M","linear",12,"14",0,"Certain","Clustering"
"b9e7c4eb8a73ffaaca95bfe85ea8977b","28",12,"36-40","Male","Undergraduate Degree","Yes","Prolific","b8efad9285426a191f979b32a5094198","2","t-H_n-E","H","E","log",9,"9",1,"Certain","Different slope"
"b9e7c4eb8a73ffaaca95bfe85ea8977b","21",12,"36-40","Male","Undergraduate Degree","Yes","Prolific","17c70f64092db27a58faa6c255efd8ba","1","t-M_n-H","M","H","linear",1,"10",0,"Certain","Clustering"
"b9e7c4eb8a73ffaaca95bfe85ea8977b","11",12,"36-40","Male","Undergraduate Degree","Yes","Prolific","909f6bb4a0bbb8708bcc2d96c0b7052f","2","t-E_n-H","E","H","linear",17,"17",1,"Certain","Clustering, Different shape, Outlier(s)"
"b9e7c4eb8a73ffaaca95bfe85ea8977b","25",12,"36-40","Male","Undergraduate Degree","Yes","Prolific","ee322d63db5869407801b2c6cd54c452","1","t-H_n-E","H","E","linear",1,"3",0,"Certain","Different shape, Outlier(s)"
"b9e7c4eb8a73ffaaca95bfe85ea8977b","30",12,"36-40","Male","Undergraduate Degree","Yes","Prolific","1b39b36e7a6189897f2015f191953b9d","1","t-H_n-M","H","M","log",12,"2",0,"Neutral","Clustering"
"b9e7c4eb8a73ffaaca95bfe85ea8977b","5",12,"36-40","Male","Undergraduate Degree","Yes","Prolific","9f2d96ab9212ba1d26f176b00e6eeec0","1","t-E_n-M","E","M","linear",12,"19",0,"Neutral","Clustering"
"b9e7c4eb8a73ffaaca95bfe85ea8977b","22",12,"36-40","Male","Undergraduate Degree","Yes","Prolific","17c70f64092db27a58faa6c255efd8ba","1","t-M_n-H","M","H","log",1,"1",1,"Certain","Different shape, Different slope"
"b9e7c4eb8a73ffaaca95bfe85ea8977b","31",12,"36-40","Male","Undergraduate Degree","Yes","Prolific","914e02881a7432dc34831c5dff0477e0","2","t-H_n-M","H","M","linear",12,"19",0,"Certain","Clustering, Outlier(s)"
"b9e7c4eb8a73ffaaca95bfe85ea8977b","21",12,"36-40","Male","Undergraduate Degree","Yes","Prolific","17c70f64092db27a58faa6c255efd8ba","1","t-M_n-H","M","H","linear",1,"10",0,"Neutral","Clustering"
"b9e7c4eb8a73ffaaca95bfe85ea8977b","14",12,"36-40","Male","Undergraduate Degree","Yes","Prolific","85c5c5a6ab4fdb3aaf06947e0b9d4483","1","t-M_n-E","M","E","log",10,"10",1,"Neutral","Different shape, Different slope"
"b9e7c4eb8a73ffaaca95bfe85ea8977b","15",12,"36-40","Male","Undergraduate Degree","Yes","Prolific","07f1a227ee4ee73124d6589fada210dc","2","t-M_n-E","M","E","linear",10,"20",0,"Neutral","Outlier(s)"
"80d74726f39bdb4c0b34de465629f6cd","5",10,"56-60","Female","Undergraduate Degree","Yes","Prolific","9f2d96ab9212ba1d26f176b00e6eeec0","1","t-E_n-M","E","M","linear",12,"1",0,"Certain","Different slope, Outlier(s)"
"80d74726f39bdb4c0b34de465629f6cd","6",10,"56-60","Female","Undergraduate Degree","Yes","Prolific","9f2d96ab9212ba1d26f176b00e6eeec0","1","t-E_n-M","E","M","log",12,"12",1,"Certain","Different shape"
"80d74726f39bdb4c0b34de465629f6cd","28",10,"56-60","Female","Undergraduate Degree","Yes","Prolific","b8efad9285426a191f979b32a5094198","2","t-H_n-E","H","E","log",9,"5",0,"Neutral","Clustering"
"80d74726f39bdb4c0b34de465629f6cd","26",10,"56-60","Female","Undergraduate Degree","Yes","Prolific","ee322d63db5869407801b2c6cd54c452","1","t-H_n-E","H","E","log",1,"1",1,"Certain","Different shape"
"80d74726f39bdb4c0b34de465629f6cd","27",10,"56-60","Female","Undergraduate Degree","Yes","Prolific","b8efad9285426a191f979b32a5094198","2","t-H_n-E","H","E","linear",9,"5",0,"Neutral","Different range, Outlier(s)"
"80d74726f39bdb4c0b34de465629f6cd","8",10,"56-60","Female","Undergraduate Degree","Yes","Prolific","076f2d6385d635ea49402478f7e44cab","2","t-E_n-M","E","M","log",14,"14",1,"Certain","Different shape"
"80d74726f39bdb4c0b34de465629f6cd","21",10,"56-60","Female","Undergraduate Degree","Yes","Prolific","17c70f64092db27a58faa6c255efd8ba","1","t-M_n-H","M","H","linear",1,"1",1,"Uncertain","Different range, Different shape, Different slope, Outlier(s)"
"80d74726f39bdb4c0b34de465629f6cd","26",10,"56-60","Female","Undergraduate Degree","Yes","Prolific","ee322d63db5869407801b2c6cd54c452","1","t-H_n-E","H","E","log",1,"3",0,"Uncertain","Outlier(s)"
"80d74726f39bdb4c0b34de465629f6cd","13",10,"56-60","Female","Undergraduate Degree","Yes","Prolific","85c5c5a6ab4fdb3aaf06947e0b9d4483","1","t-M_n-E","M","E","linear",10,"8",0,"Uncertain","Clustering"
"80d74726f39bdb4c0b34de465629f6cd","22",10,"56-60","Female","Undergraduate Degree","Yes","Prolific","17c70f64092db27a58faa6c255efd8ba","1","t-M_n-H","M","H","log",1,"1",1,"Certain","Different shape"
"aee264dfdf188c208d86b0473685049e","32",11,"19-25","Female","Undergraduate Degree","Yes","Prolific","914e02881a7432dc34831c5dff0477e0","2","t-H_n-M","H","M","log",12,"5",0,"Certain","Clustering"
"aee264dfdf188c208d86b0473685049e","13",11,"19-25","Female","Undergraduate Degree","Yes","Prolific","85c5c5a6ab4fdb3aaf06947e0b9d4483","1","t-M_n-E","M","E","linear",10,"16",0,"Neutral","Outlier(s)"
"aee264dfdf188c208d86b0473685049e","31",11,"19-25","Female","Undergraduate Degree","Yes","Prolific","914e02881a7432dc34831c5dff0477e0","2","t-H_n-M","H","M","linear",12,"3",0,"Certain","Outlier(s)"
"aee264dfdf188c208d86b0473685049e","7",11,"19-25","Female","Undergraduate Degree","Yes","Prolific","076f2d6385d635ea49402478f7e44cab","2","t-E_n-M","E","M","linear",14,"14",1,"Certain","Clustering"
"aee264dfdf188c208d86b0473685049e","22",11,"19-25","Female","Undergraduate Degree","Yes","Prolific","17c70f64092db27a58faa6c255efd8ba","1","t-M_n-H","M","H","log",1,"1",1,"Very Certain","Different shape"
"aee264dfdf188c208d86b0473685049e","16",11,"19-25","Female","Undergraduate Degree","Yes","Prolific","07f1a227ee4ee73124d6589fada210dc","2","t-M_n-E","M","E","log",10,"10",1,"Certain","Different shape"
"aee264dfdf188c208d86b0473685049e","29",11,"19-25","Female","Undergraduate Degree","Yes","Prolific","1b39b36e7a6189897f2015f191953b9d","1","t-H_n-M","H","M","linear",12,"10",0,"Neutral","Clustering"
"aee264dfdf188c208d86b0473685049e","31",11,"19-25","Female","Undergraduate Degree","Yes","Prolific","914e02881a7432dc34831c5dff0477e0","2","t-H_n-M","H","M","linear",12,"4",0,"Certain","Different shape"
"aee264dfdf188c208d86b0473685049e","12",11,"19-25","Female","Undergraduate Degree","Yes","Prolific","909f6bb4a0bbb8708bcc2d96c0b7052f","2","t-E_n-H","E","H","log",17,"17",1,"Very Certain","Different slope"
"aee264dfdf188c208d86b0473685049e","11",11,"19-25","Female","Undergraduate Degree","Yes","Prolific","909f6bb4a0bbb8708bcc2d96c0b7052f","2","t-E_n-H","E","H","linear",17,"17",1,"Certain","Clustering"
"aee264dfdf188c208d86b0473685049e","5",11,"19-25","Female","Undergraduate Degree","Yes","Prolific","9f2d96ab9212ba1d26f176b00e6eeec0","1","t-E_n-M","E","M","linear",12,"6",0,"Certain","Clustering"
"525c3e1e9ee39eb60222756f7f535b53","26",12,"19-25","Variant/Nonconforming","Graduate Degree","Yes","Prolific","ee322d63db5869407801b2c6cd54c452","1","t-H_n-E","H","E","log",1,"1",1,"Certain","Different shape"
"525c3e1e9ee39eb60222756f7f535b53","6",12,"19-25","Variant/Nonconforming","Graduate Degree","Yes","Prolific","9f2d96ab9212ba1d26f176b00e6eeec0","1","t-E_n-M","E","M","log",12,"12",1,"Neutral","Clustering, Different slope"
"525c3e1e9ee39eb60222756f7f535b53","31",12,"19-25","Variant/Nonconforming","Graduate Degree","Yes","Prolific","914e02881a7432dc34831c5dff0477e0","2","t-H_n-M","H","M","linear",12,"19",0,"Neutral","Different range, Different slope"
"525c3e1e9ee39eb60222756f7f535b53","8",12,"19-25","Variant/Nonconforming","Graduate Degree","Yes","Prolific","076f2d6385d635ea49402478f7e44cab","2","t-E_n-M","E","M","log",14,"14",1,"Certain","Different shape"
"525c3e1e9ee39eb60222756f7f535b53","9",12,"19-25","Variant/Nonconforming","Graduate Degree","Yes","Prolific","8105c77bcc5d38d9b4e742f1b76de5fc","1","t-E_n-H","E","H","linear",15,"15",1,"Certain","Different shape, Different slope, Outlier(s)"
"525c3e1e9ee39eb60222756f7f535b53","28",12,"19-25","Variant/Nonconforming","Graduate Degree","Yes","Prolific","b8efad9285426a191f979b32a5094198","2","t-H_n-E","H","E","log",9,"9",1,"Certain","Different shape, Different slope"
"525c3e1e9ee39eb60222756f7f535b53","29",12,"19-25","Variant/Nonconforming","Graduate Degree","Yes","Prolific","1b39b36e7a6189897f2015f191953b9d","1","t-H_n-M","H","M","linear",12,"12",1,"Neutral","Different shape"
"525c3e1e9ee39eb60222756f7f535b53","24",12,"19-25","Variant/Nonconforming","Graduate Degree","Yes","Prolific","70eebf16937fb9e77a3b806afe9aa528","2","t-M_n-H","M","H","log",13,"9",0,"Uncertain","Different range, Different slope"
"525c3e1e9ee39eb60222756f7f535b53","14",12,"19-25","Variant/Nonconforming","Graduate Degree","Yes","Prolific","85c5c5a6ab4fdb3aaf06947e0b9d4483","1","t-M_n-E","M","E","log",10,"2",0,"Uncertain","Different shape, Outlier(s)"
"525c3e1e9ee39eb60222756f7f535b53","7",12,"19-25","Variant/Nonconforming","Graduate Degree","Yes","Prolific","076f2d6385d635ea49402478f7e44cab","2","t-E_n-M","E","M","linear",14,"14",1,"Certain","Different shape, Different slope"
"525c3e1e9ee39eb60222756f7f535b53","26",12,"19-25","Variant/Nonconforming","Graduate Degree","Yes","Prolific","ee322d63db5869407801b2c6cd54c452","1","t-H_n-E","H","E","log",1,"1",1,"Certain","Different shape"
"525c3e1e9ee39eb60222756f7f535b53","16",12,"19-25","Variant/Nonconforming","Graduate Degree","Yes","Prolific","07f1a227ee4ee73124d6589fada210dc","2","t-M_n-E","M","E","log",10,"13",0,"Neutral","Different slope, Outlier(s)"
"100777b044e21d9f67003a5accf4de1b","32",10,"51-55","Female","High School or Less","Yes","Prolific","914e02881a7432dc34831c5dff0477e0","2","t-H_n-M","H","M","log",12,"3",0,"Certain","Clustering"
"100777b044e21d9f67003a5accf4de1b","13",10,"51-55","Female","High School or Less","Yes","Prolific","85c5c5a6ab4fdb3aaf06947e0b9d4483","1","t-M_n-E","M","E","linear",10,"13",0,"Certain","Different range"
"100777b044e21d9f67003a5accf4de1b","9",10,"51-55","Female","High School or Less","Yes","Prolific","8105c77bcc5d38d9b4e742f1b76de5fc","1","t-E_n-H","E","H","linear",15,"15",1,"Certain","Clustering"
"100777b044e21d9f67003a5accf4de1b","10",10,"51-55","Female","High School or Less","Yes","Prolific","8105c77bcc5d38d9b4e742f1b76de5fc","1","t-E_n-H","E","H","log",15,"15",1,"Certain","Different slope"
"100777b044e21d9f67003a5accf4de1b","26",10,"51-55","Female","High School or Less","Yes","Prolific","ee322d63db5869407801b2c6cd54c452","1","t-H_n-E","H","E","log",1,"1",1,"Certain","Different shape, Different slope"
"100777b044e21d9f67003a5accf4de1b","12",10,"51-55","Female","High School or Less","Yes","Prolific","909f6bb4a0bbb8708bcc2d96c0b7052f","2","t-E_n-H","E","H","log",17,"17",1,"Certain","Different shape, Different slope"
"100777b044e21d9f67003a5accf4de1b","16",10,"51-55","Female","High School or Less","Yes","Prolific","07f1a227ee4ee73124d6589fada210dc","2","t-M_n-E","M","E","log",10,"10",1,"Certain","Different slope"
"100777b044e21d9f67003a5accf4de1b","8",10,"51-55","Female","High School or Less","Yes","Prolific","076f2d6385d635ea49402478f7e44cab","2","t-E_n-M","E","M","log",14,"14",1,"Certain","Different slope"
"100777b044e21d9f67003a5accf4de1b","32",10,"51-55","Female","High School or Less","Yes","Prolific","914e02881a7432dc34831c5dff0477e0","2","t-H_n-M","H","M","log",12,"12",1,"Certain","Different slope"
"100777b044e21d9f67003a5accf4de1b","11",10,"51-55","Female","High School or Less","Yes","Prolific","909f6bb4a0bbb8708bcc2d96c0b7052f","2","t-E_n-H","E","H","linear",17,"17",1,"Certain","Clustering"
"2a14639712ef9968fcbc132a3f68b21f","21",13,"46-50","Female","Undergraduate Degree","Yes","Prolific","17c70f64092db27a58faa6c255efd8ba","1","t-M_n-H","M","H","linear",1,"1",1,"Very Uncertain","Different slope"
"2a14639712ef9968fcbc132a3f68b21f","6",13,"46-50","Female","Undergraduate Degree","Yes","Prolific","9f2d96ab9212ba1d26f176b00e6eeec0","1","t-E_n-M","E","M","log",12,"12",1,"Neutral","Clustering"
"2a14639712ef9968fcbc132a3f68b21f","26",13,"46-50","Female","Undergraduate Degree","Yes","Prolific","ee322d63db5869407801b2c6cd54c452","1","t-H_n-E","H","E","log",1,"1",1,"Certain","Different slope"
"2a14639712ef9968fcbc132a3f68b21f","7",13,"46-50","Female","Undergraduate Degree","Yes","Prolific","076f2d6385d635ea49402478f7e44cab","2","t-E_n-M","E","M","linear",14,"14",1,"Certain","Different slope"
"2a14639712ef9968fcbc132a3f68b21f","30",13,"46-50","Female","Undergraduate Degree","Yes","Prolific","1b39b36e7a6189897f2015f191953b9d","1","t-H_n-M","H","M","log",12,"2",0,"Neutral","Clustering"
"2a14639712ef9968fcbc132a3f68b21f","7",13,"46-50","Female","Undergraduate Degree","Yes","Prolific","076f2d6385d635ea49402478f7e44cab","2","t-E_n-M","E","M","linear",14,"14",1,"Certain","Different slope, Outlier(s)"
"2a14639712ef9968fcbc132a3f68b21f","10",13,"46-50","Female","Undergraduate Degree","Yes","Prolific","8105c77bcc5d38d9b4e742f1b76de5fc","1","t-E_n-H","E","H","log",15,"15",1,"Certain","Different range, Different slope"
"2a14639712ef9968fcbc132a3f68b21f","31",13,"46-50","Female","Undergraduate Degree","Yes","Prolific","914e02881a7432dc34831c5dff0477e0","2","t-H_n-M","H","M","linear",12,"3",0,"Neutral","Clustering"
"2a14639712ef9968fcbc132a3f68b21f","12",13,"46-50","Female","Undergraduate Degree","Yes","Prolific","909f6bb4a0bbb8708bcc2d96c0b7052f","2","t-E_n-H","E","H","log",17,"17",1,"Certain","Different slope"
"2a14639712ef9968fcbc132a3f68b21f","14",13,"46-50","Female","Undergraduate Degree","Yes","Prolific","85c5c5a6ab4fdb3aaf06947e0b9d4483","1","t-M_n-E","M","E","log",10,"14",0,"Uncertain","Different range"
"2a14639712ef9968fcbc132a3f68b21f","11",13,"46-50","Female","Undergraduate Degree","Yes","Prolific","909f6bb4a0bbb8708bcc2d96c0b7052f","2","t-E_n-H","E","H","linear",17,"17",1,"Very Certain","Different range, Different slope, Outlier(s)"
"2a14639712ef9968fcbc132a3f68b21f","6",13,"46-50","Female","Undergraduate Degree","Yes","Prolific","9f2d96ab9212ba1d26f176b00e6eeec0","1","t-E_n-M","E","M","log",12,"12",1,"Uncertain","Clustering, Different slope"
"2a14639712ef9968fcbc132a3f68b21f","31",13,"46-50","Female","Undergraduate Degree","Yes","Prolific","914e02881a7432dc34831c5dff0477e0","2","t-H_n-M","H","M","linear",12,"3",0,"Certain","Clustering"
"b76d8b50e7ef5217e7370eb527e8ffbb","26",13,"Over 60","Female","Some Graduate Courses","Yes","Prolific","ee322d63db5869407801b2c6cd54c452","1","t-H_n-E","H","E","log",1,"3",0,"Certain","Different range"
"b76d8b50e7ef5217e7370eb527e8ffbb","6",13,"Over 60","Female","Some Graduate Courses","Yes","Prolific","9f2d96ab9212ba1d26f176b00e6eeec0","1","t-E_n-M","E","M","log",12,"12",1,"Very Certain","Clustering"
"b76d8b50e7ef5217e7370eb527e8ffbb","9",13,"Over 60","Female","Some Graduate Courses","Yes","Prolific","8105c77bcc5d38d9b4e742f1b76de5fc","1","t-E_n-H","E","H","linear",15,"15",1,"Certain","Different shape"
"b76d8b50e7ef5217e7370eb527e8ffbb","11",13,"Over 60","Female","Some Graduate Courses","Yes","Prolific","909f6bb4a0bbb8708bcc2d96c0b7052f","2","t-E_n-H","E","H","linear",17,"17",1,"Very Certain","Different slope"
"b76d8b50e7ef5217e7370eb527e8ffbb","10",13,"Over 60","Female","Some Graduate Courses","Yes","Prolific","8105c77bcc5d38d9b4e742f1b76de5fc","1","t-E_n-H","E","H","log",15,"15",1,"Certain","Clustering"
"b76d8b50e7ef5217e7370eb527e8ffbb","21",13,"Over 60","Female","Some Graduate Courses","Yes","Prolific","17c70f64092db27a58faa6c255efd8ba","1","t-M_n-H","M","H","linear",1,"1",1,"Neutral","Different range"
"b76d8b50e7ef5217e7370eb527e8ffbb","29",13,"Over 60","Female","Some Graduate Courses","Yes","Prolific","1b39b36e7a6189897f2015f191953b9d","1","t-H_n-M","H","M","linear",12,"16",0,"Certain","Different shape"
"b76d8b50e7ef5217e7370eb527e8ffbb","23",13,"Over 60","Female","Some Graduate Courses","Yes","Prolific","70eebf16937fb9e77a3b806afe9aa528","2","t-M_n-H","M","H","linear",13,"13",1,"Certain","Different slope"
"b76d8b50e7ef5217e7370eb527e8ffbb","31",13,"Over 60","Female","Some Graduate Courses","Yes","Prolific","914e02881a7432dc34831c5dff0477e0","2","t-H_n-M","H","M","linear",12,"3",0,"Neutral","Different shape"
"b76d8b50e7ef5217e7370eb527e8ffbb","16",13,"Over 60","Female","Some Graduate Courses","Yes","Prolific","07f1a227ee4ee73124d6589fada210dc","2","t-M_n-E","M","E","log",10,"13",0,"Uncertain","Clustering"
"b76d8b50e7ef5217e7370eb527e8ffbb","23",13,"Over 60","Female","Some Graduate Courses","Yes","Prolific","70eebf16937fb9e77a3b806afe9aa528","2","t-M_n-H","M","H","linear",13,"13",1,"Neutral","Different range"
"b76d8b50e7ef5217e7370eb527e8ffbb","13",13,"Over 60","Female","Some Graduate Courses","Yes","Prolific","85c5c5a6ab4fdb3aaf06947e0b9d4483","1","t-M_n-E","M","E","linear",10,"8",0,"Uncertain","Outlier(s)"
"b76d8b50e7ef5217e7370eb527e8ffbb","31",13,"Over 60","Female","Some Graduate Courses","Yes","Prolific","914e02881a7432dc34831c5dff0477e0","2","t-H_n-M","H","M","linear",12,"6",0,"Very Uncertain","Outlier(s)"
"aaec03842a8e023a6039d653eab4c788","26",12,"26-30","Male","Graduate Degree","Yes","Prolific","ee322d63db5869407801b2c6cd54c452","1","t-H_n-E","H","E","log",1,"1",1,"Very Uncertain","Different shape"
"aaec03842a8e023a6039d653eab4c788","13",12,"26-30","Male","Graduate Degree","Yes","Prolific","85c5c5a6ab4fdb3aaf06947e0b9d4483","1","t-M_n-E","M","E","linear",10,"19",0,"Very Uncertain","Different shape"
"aaec03842a8e023a6039d653eab4c788","9",12,"26-30","Male","Graduate Degree","Yes","Prolific","8105c77bcc5d38d9b4e742f1b76de5fc","1","t-E_n-H","E","H","linear",15,"15",1,"Very Uncertain","Different range"
"aaec03842a8e023a6039d653eab4c788","10",12,"26-30","Male","Graduate Degree","Yes","Prolific","8105c77bcc5d38d9b4e742f1b76de5fc","1","t-E_n-H","E","H","log",15,"15",1,"Certain","Different shape"
"aaec03842a8e023a6039d653eab4c788","26",12,"26-30","Male","Graduate Degree","Yes","Prolific","ee322d63db5869407801b2c6cd54c452","1","t-H_n-E","H","E","log",1,"1",1,"Very Uncertain","Different shape"
"aaec03842a8e023a6039d653eab4c788","27",12,"26-30","Male","Graduate Degree","Yes","Prolific","b8efad9285426a191f979b32a5094198","2","t-H_n-E","H","E","linear",9,"5",0,"Very Uncertain","Clustering"
"aaec03842a8e023a6039d653eab4c788","8",12,"26-30","Male","Graduate Degree","Yes","Prolific","076f2d6385d635ea49402478f7e44cab","2","t-E_n-M","E","M","log",14,"14",1,"Certain","Different shape"
"aaec03842a8e023a6039d653eab4c788","32",12,"26-30","Male","Graduate Degree","Yes","Prolific","914e02881a7432dc34831c5dff0477e0","2","t-H_n-M","H","M","log",12,"19",0,"Certain","Clustering"
"aaec03842a8e023a6039d653eab4c788","26",12,"26-30","Male","Graduate Degree","Yes","Prolific","ee322d63db5869407801b2c6cd54c452","1","t-H_n-E","H","E","log",1,"1",1,"Certain","Different shape"
"aaec03842a8e023a6039d653eab4c788","15",12,"26-30","Male","Graduate Degree","Yes","Prolific","07f1a227ee4ee73124d6589fada210dc","2","t-M_n-E","M","E","linear",10,"15",0,"Certain","Clustering"
"aaec03842a8e023a6039d653eab4c788","27",12,"26-30","Male","Graduate Degree","Yes","Prolific","b8efad9285426a191f979b32a5094198","2","t-H_n-E","H","E","linear",9,"9",1,"Certain","Different shape"
"aaec03842a8e023a6039d653eab4c788","13",12,"26-30","Male","Graduate Degree","Yes","Prolific","85c5c5a6ab4fdb3aaf06947e0b9d4483","1","t-M_n-E","M","E","linear",10,"9",0,"Certain","Different slope"
"4b79700054b1d091c9a55fb3718a61b7","13",10,"26-30","Female","Graduate Degree","Yes","Prolific","85c5c5a6ab4fdb3aaf06947e0b9d4483","1","t-M_n-E","M","E","linear",10,"13",0,"Uncertain","Different range"
"4b79700054b1d091c9a55fb3718a61b7","26",10,"26-30","Female","Graduate Degree","Yes","Prolific","ee322d63db5869407801b2c6cd54c452","1","t-H_n-E","H","E","log",1,"1",1,"Certain","Different shape"
"4b79700054b1d091c9a55fb3718a61b7","28",10,"26-30","Female","Graduate Degree","Yes","Prolific","b8efad9285426a191f979b32a5094198","2","t-H_n-E","H","E","log",9,"9",1,"Certain","Different shape"
"4b79700054b1d091c9a55fb3718a61b7","15",10,"26-30","Female","Graduate Degree","Yes","Prolific","07f1a227ee4ee73124d6589fada210dc","2","t-M_n-E","M","E","linear",10,"18",0,"Uncertain","Clustering"
"4b79700054b1d091c9a55fb3718a61b7","16",10,"26-30","Female","Graduate Degree","Yes","Prolific","07f1a227ee4ee73124d6589fada210dc","2","t-M_n-E","M","E","log",10,"10",1,"Certain","Different shape"
"4b79700054b1d091c9a55fb3718a61b7","11",10,"26-30","Female","Graduate Degree","Yes","Prolific","909f6bb4a0bbb8708bcc2d96c0b7052f","2","t-E_n-H","E","H","linear",17,"17",1,"Very Certain","Different shape"
"4b79700054b1d091c9a55fb3718a61b7","21",10,"26-30","Female","Graduate Degree","Yes","Prolific","17c70f64092db27a58faa6c255efd8ba","1","t-M_n-H","M","H","linear",1,"1",1,"Certain","Different slope"
"4b79700054b1d091c9a55fb3718a61b7","12",10,"26-30","Female","Graduate Degree","Yes","Prolific","909f6bb4a0bbb8708bcc2d96c0b7052f","2","t-E_n-H","E","H","log",17,"17",1,"Very Certain","Different slope"
"4b79700054b1d091c9a55fb3718a61b7","11",10,"26-30","Female","Graduate Degree","Yes","Prolific","909f6bb4a0bbb8708bcc2d96c0b7052f","2","t-E_n-H","E","H","linear",17,"17",1,"Certain","Different slope"
"4b79700054b1d091c9a55fb3718a61b7","5",10,"26-30","Female","Graduate Degree","Yes","Prolific","9f2d96ab9212ba1d26f176b00e6eeec0","1","t-E_n-M","E","M","linear",12,"19",0,"Uncertain","Clustering"
"3c66c0218a1b95756b9df2ba1f2c84b9","26",12,"31-35","Female","Graduate Degree","Yes","Prolific","ee322d63db5869407801b2c6cd54c452","1","t-H_n-E","H","E","log",1,"1",1,"Certain","Different slope"
"3c66c0218a1b95756b9df2ba1f2c84b9","21",12,"31-35","Female","Graduate Degree","Yes","Prolific","17c70f64092db27a58faa6c255efd8ba","1","t-M_n-H","M","H","linear",1,"1",1,"Certain","Different shape"
"3c66c0218a1b95756b9df2ba1f2c84b9","32",12,"31-35","Female","Graduate Degree","Yes","Prolific","914e02881a7432dc34831c5dff0477e0","2","t-H_n-M","H","M","log",12,"12",1,"Certain","Different shape"
"3c66c0218a1b95756b9df2ba1f2c84b9","14",12,"31-35","Female","Graduate Degree","Yes","Prolific","85c5c5a6ab4fdb3aaf06947e0b9d4483","1","t-M_n-E","M","E","log",10,"10",1,"Certain","Different shape"
"3c66c0218a1b95756b9df2ba1f2c84b9","5",12,"31-35","Female","Graduate Degree","Yes","Prolific","9f2d96ab9212ba1d26f176b00e6eeec0","1","t-E_n-M","E","M","linear",12,"19",0,"Certain","Different range"
"3c66c0218a1b95756b9df2ba1f2c84b9","13",12,"31-35","Female","Graduate Degree","Yes","Prolific","85c5c5a6ab4fdb3aaf06947e0b9d4483","1","t-M_n-E","M","E","linear",10,"11",0,"Certain","Different range, Outlier(s)"
"3c66c0218a1b95756b9df2ba1f2c84b9","26",12,"31-35","Female","Graduate Degree","Yes","Prolific","ee322d63db5869407801b2c6cd54c452","1","t-H_n-E","H","E","log",1,"1",1,"Certain","Different shape"
"3c66c0218a1b95756b9df2ba1f2c84b9","6",12,"31-35","Female","Graduate Degree","Yes","Prolific","9f2d96ab9212ba1d26f176b00e6eeec0","1","t-E_n-M","E","M","log",12,"10",0,"Certain","Different shape"
"3c66c0218a1b95756b9df2ba1f2c84b9","15",12,"31-35","Female","Graduate Degree","Yes","Prolific","07f1a227ee4ee73124d6589fada210dc","2","t-M_n-E","M","E","linear",10,"7",0,"Uncertain","Outlier(s)"
"3c66c0218a1b95756b9df2ba1f2c84b9","6",12,"31-35","Female","Graduate Degree","Yes","Prolific","9f2d96ab9212ba1d26f176b00e6eeec0","1","t-E_n-M","E","M","log",12,"10",0,"Certain","Different shape"
"3c66c0218a1b95756b9df2ba1f2c84b9","26",12,"31-35","Female","Graduate Degree","Yes","Prolific","ee322d63db5869407801b2c6cd54c452","1","t-H_n-E","H","E","log",1,"1",1,"Certain","Different shape"
"3c66c0218a1b95756b9df2ba1f2c84b9","8",12,"31-35","Female","Graduate Degree","Yes","Prolific","076f2d6385d635ea49402478f7e44cab","2","t-E_n-M","E","M","log",14,"14",1,"Certain","Different shape"
"d624a653083064bcc55b3d20f8b74f25","26",11,"31-35","Female","Some Undergraduate Courses","Yes","Prolific","ee322d63db5869407801b2c6cd54c452","1","t-H_n-E","H","E","log",1,"19",0,"Certain","Clustering"
"d624a653083064bcc55b3d20f8b74f25","28",11,"31-35","Female","Some Undergraduate Courses","Yes","Prolific","b8efad9285426a191f979b32a5094198","2","t-H_n-E","H","E","log",9,"9",1,"Certain","Different slope"
"d624a653083064bcc55b3d20f8b74f25","5",11,"31-35","Female","Some Undergraduate Courses","Yes","Prolific","9f2d96ab9212ba1d26f176b00e6eeec0","1","t-E_n-M","E","M","linear",12,"12",1,"Uncertain","Clustering"
"d624a653083064bcc55b3d20f8b74f25","12",11,"31-35","Female","Some Undergraduate Courses","Yes","Prolific","909f6bb4a0bbb8708bcc2d96c0b7052f","2","t-E_n-H","E","H","log",17,"17",1,"Certain","Different slope"
"d624a653083064bcc55b3d20f8b74f25","32",11,"31-35","Female","Some Undergraduate Courses","Yes","Prolific","914e02881a7432dc34831c5dff0477e0","2","t-H_n-M","H","M","log",12,"12",1,"Neutral","Different shape"
"d624a653083064bcc55b3d20f8b74f25","14",11,"31-35","Female","Some Undergraduate Courses","Yes","Prolific","85c5c5a6ab4fdb3aaf06947e0b9d4483","1","t-M_n-E","M","E","log",10,"10",1,"Certain","Different slope"
"d624a653083064bcc55b3d20f8b74f25","24",11,"31-35","Female","Some Undergraduate Courses","Yes","Prolific","70eebf16937fb9e77a3b806afe9aa528","2","t-M_n-H","M","H","log",13,"9",0,"Uncertain","Clustering"
"d624a653083064bcc55b3d20f8b74f25","5",11,"31-35","Female","Some Undergraduate Courses","Yes","Prolific","9f2d96ab9212ba1d26f176b00e6eeec0","1","t-E_n-M","E","M","linear",12,"6",0,"Neutral","Clustering"
"d624a653083064bcc55b3d20f8b74f25","14",11,"31-35","Female","Some Undergraduate Courses","Yes","Prolific","85c5c5a6ab4fdb3aaf06947e0b9d4483","1","t-M_n-E","M","E","log",10,"14",0,"Neutral","Clustering"
"d624a653083064bcc55b3d20f8b74f25","27",11,"31-35","Female","Some Undergraduate Courses","Yes","Prolific","b8efad9285426a191f979b32a5094198","2","t-H_n-E","H","E","linear",9,"9",1,"Certain","Different slope"
"d624a653083064bcc55b3d20f8b74f25","23",11,"31-35","Female","Some Undergraduate Courses","Yes","Prolific","70eebf16937fb9e77a3b806afe9aa528","2","t-M_n-H","M","H","linear",13,"13",1,"Certain","Clustering"
"78095c79488a882e34fbb31aba424545","28",12,"26-30","Male","Graduate Degree","Yes","Prolific","b8efad9285426a191f979b32a5094198","2","t-H_n-E","H","E","log",9,"9",1,"Certain","Different shape"
"78095c79488a882e34fbb31aba424545","9",12,"26-30","Male","Graduate Degree","Yes","Prolific","8105c77bcc5d38d9b4e742f1b76de5fc","1","t-E_n-H","E","H","linear",15,"15",1,"Certain","Clustering"
"78095c79488a882e34fbb31aba424545","32",12,"26-30","Male","Graduate Degree","Yes","Prolific","914e02881a7432dc34831c5dff0477e0","2","t-H_n-M","H","M","log",12,"12",1,"Certain","Different slope"
"78095c79488a882e34fbb31aba424545","14",12,"26-30","Male","Graduate Degree","Yes","Prolific","85c5c5a6ab4fdb3aaf06947e0b9d4483","1","t-M_n-E","M","E","log",10,"19",0,"Certain","Outlier(s)"
"78095c79488a882e34fbb31aba424545","5",12,"26-30","Male","Graduate Degree","Yes","Prolific","9f2d96ab9212ba1d26f176b00e6eeec0","1","t-E_n-M","E","M","linear",12,"14",0,"Neutral","Outlier(s)"
"78095c79488a882e34fbb31aba424545","26",12,"26-30","Male","Graduate Degree","Yes","Prolific","ee322d63db5869407801b2c6cd54c452","1","t-H_n-E","H","E","log",1,"1",1,"Certain","Different shape"
"78095c79488a882e34fbb31aba424545","26",12,"26-30","Male","Graduate Degree","Yes","Prolific","ee322d63db5869407801b2c6cd54c452","1","t-H_n-E","H","E","log",1,"1",1,"Certain","Different shape"
"78095c79488a882e34fbb31aba424545","6",12,"26-30","Male","Graduate Degree","Yes","Prolific","9f2d96ab9212ba1d26f176b00e6eeec0","1","t-E_n-M","E","M","log",12,"12",1,"Neutral","Different slope"
"78095c79488a882e34fbb31aba424545","15",12,"26-30","Male","Graduate Degree","Yes","Prolific","07f1a227ee4ee73124d6589fada210dc","2","t-M_n-E","M","E","linear",10,"14",0,"Certain","Outlier(s)"
"78095c79488a882e34fbb31aba424545","11",12,"26-30","Male","Graduate Degree","Yes","Prolific","909f6bb4a0bbb8708bcc2d96c0b7052f","2","t-E_n-H","E","H","linear",17,"17",1,"Certain","Outlier(s)"
"78095c79488a882e34fbb31aba424545","5",12,"26-30","Male","Graduate Degree","Yes","Prolific","9f2d96ab9212ba1d26f176b00e6eeec0","1","t-E_n-M","E","M","linear",12,"19",0,"Neutral","Different slope"
"78095c79488a882e34fbb31aba424545","31",12,"26-30","Male","Graduate Degree","Yes","Prolific","914e02881a7432dc34831c5dff0477e0","2","t-H_n-M","H","M","linear",12,"4",0,"Neutral","Different range"
"0260b1bbcc46d039108d7a7a120bfd93","28",11,"26-30","Female","Graduate Degree","Yes","Prolific","b8efad9285426a191f979b32a5094198","2","t-H_n-E","H","E","log",9,"9",1,"Certain","Different shape, Different slope"
"0260b1bbcc46d039108d7a7a120bfd93","21",11,"26-30","Female","Graduate Degree","Yes","Prolific","17c70f64092db27a58faa6c255efd8ba","1","t-M_n-H","M","H","linear",1,"17",0,"Certain","Different range"
"0260b1bbcc46d039108d7a7a120bfd93","15",11,"26-30","Female","Graduate Degree","Yes","Prolific","07f1a227ee4ee73124d6589fada210dc","2","t-M_n-E","M","E","linear",10,"6",0,"Certain","Clustering, Different range"
"0260b1bbcc46d039108d7a7a120bfd93","14",11,"26-30","Female","Graduate Degree","Yes","Prolific","85c5c5a6ab4fdb3aaf06947e0b9d4483","1","t-M_n-E","M","E","log",10,"1",0,"Neutral","Clustering, Different range, Different shape"
"0260b1bbcc46d039108d7a7a120bfd93","5",11,"26-30","Female","Graduate Degree","Yes","Prolific","9f2d96ab9212ba1d26f176b00e6eeec0","1","t-E_n-M","E","M","linear",12,"19",0,"Neutral","Different range"
"0260b1bbcc46d039108d7a7a120bfd93","26",11,"26-30","Female","Graduate Degree","Yes","Prolific","ee322d63db5869407801b2c6cd54c452","1","t-H_n-E","H","E","log",1,"1",1,"Certain","Different shape, Different slope"
"0260b1bbcc46d039108d7a7a120bfd93","31",11,"26-30","Female","Graduate Degree","Yes","Prolific","914e02881a7432dc34831c5dff0477e0","2","t-H_n-M","H","M","linear",12,"14",0,"Neutral","Different range"
"0260b1bbcc46d039108d7a7a120bfd93","12",11,"26-30","Female","Graduate Degree","Yes","Prolific","909f6bb4a0bbb8708bcc2d96c0b7052f","2","t-E_n-H","E","H","log",17,"17",1,"Neutral","Different shape, Different slope"
"0260b1bbcc46d039108d7a7a120bfd93","25",11,"26-30","Female","Graduate Degree","Yes","Prolific","ee322d63db5869407801b2c6cd54c452","1","t-H_n-E","H","E","linear",1,"1",1,"Neutral","Different range"
"0260b1bbcc46d039108d7a7a120bfd93","5",11,"26-30","Female","Graduate Degree","Yes","Prolific","9f2d96ab9212ba1d26f176b00e6eeec0","1","t-E_n-M","E","M","linear",12,"2",0,"Neutral","Clustering"
"0260b1bbcc46d039108d7a7a120bfd93","31",11,"26-30","Female","Graduate Degree","Yes","Prolific","914e02881a7432dc34831c5dff0477e0","2","t-H_n-M","H","M","linear",12,"4",0,"Neutral","Different range"
"78bd94e73984a517eadd539abea8865b","22",10,"19-25","Male","Undergraduate Degree","Yes","Prolific","17c70f64092db27a58faa6c255efd8ba","1","t-M_n-H","M","H","log",1,"1",1,"Certain","Different shape"
"78bd94e73984a517eadd539abea8865b","28",10,"19-25","Male","Undergraduate Degree","Yes","Prolific","b8efad9285426a191f979b32a5094198","2","t-H_n-E","H","E","log",9,"9",1,"Certain","Different shape"
"78bd94e73984a517eadd539abea8865b","12",10,"19-25","Male","Undergraduate Degree","Yes","Prolific","909f6bb4a0bbb8708bcc2d96c0b7052f","2","t-E_n-H","E","H","log",17,"17",1,"Very Certain","Different shape"
"78bd94e73984a517eadd539abea8865b","32",10,"19-25","Male","Undergraduate Degree","Yes","Prolific","914e02881a7432dc34831c5dff0477e0","2","t-H_n-M","H","M","log",12,"12",1,"Neutral","Different shape"
"78bd94e73984a517eadd539abea8865b","14",10,"19-25","Male","Undergraduate Degree","Yes","Prolific","85c5c5a6ab4fdb3aaf06947e0b9d4483","1","t-M_n-E","M","E","log",10,"10",1,"Certain","Different slope"
"78bd94e73984a517eadd539abea8865b","24",10,"19-25","Male","Undergraduate Degree","Yes","Prolific","70eebf16937fb9e77a3b806afe9aa528","2","t-M_n-H","M","H","log",13,"13",1,"Very Uncertain","Different shape"
"78bd94e73984a517eadd539abea8865b","24",10,"19-25","Male","Undergraduate Degree","Yes","Prolific","70eebf16937fb9e77a3b806afe9aa528","2","t-M_n-H","M","H","log",13,"2",0,"Very Uncertain","Outlier(s)"
"78bd94e73984a517eadd539abea8865b","14",10,"19-25","Male","Undergraduate Degree","Yes","Prolific","85c5c5a6ab4fdb3aaf06947e0b9d4483","1","t-M_n-E","M","E","log",10,"10",1,"Certain","Different shape"
"78bd94e73984a517eadd539abea8865b","27",10,"19-25","Male","Undergraduate Degree","Yes","Prolific","b8efad9285426a191f979b32a5094198","2","t-H_n-E","H","E","linear",9,"9",1,"Very Certain","Different shape, Different slope"
"78bd94e73984a517eadd539abea8865b","23",10,"19-25","Male","Undergraduate Degree","Yes","Prolific","70eebf16937fb9e77a3b806afe9aa528","2","t-M_n-H","M","H","linear",13,"13",1,"Certain","Outlier(s)"
"0882c5a53ea4c278ff08aa5448e539e8","25",10,"31-35","Female","Graduate Degree","Yes","Prolific","ee322d63db5869407801b2c6cd54c452","1","t-H_n-E","H","E","linear",1,"4,19",0,"Certain","Clustering"
"0882c5a53ea4c278ff08aa5448e539e8","24",10,"31-35","Female","Graduate Degree","Yes","Prolific","70eebf16937fb9e77a3b806afe9aa528","2","t-M_n-H","M","H","log",13,"9",0,"Neutral","Clustering"
"0882c5a53ea4c278ff08aa5448e539e8","12",10,"31-35","Female","Graduate Degree","Yes","Prolific","909f6bb4a0bbb8708bcc2d96c0b7052f","2","t-E_n-H","E","H","log",17,"17",1,"Certain","Different slope"
"0882c5a53ea4c278ff08aa5448e539e8","13",10,"31-35","Female","Graduate Degree","Yes","Prolific","85c5c5a6ab4fdb3aaf06947e0b9d4483","1","t-M_n-E","M","E","linear",10,"8,14",0,"Certain","Clustering, Different range"
"0882c5a53ea4c278ff08aa5448e539e8","27",10,"31-35","Female","Graduate Degree","Yes","Prolific","b8efad9285426a191f979b32a5094198","2","t-H_n-E","H","E","linear",9,"5,20",0,"Certain","Clustering, Different range"
"0882c5a53ea4c278ff08aa5448e539e8","30",10,"31-35","Female","Graduate Degree","Yes","Prolific","1b39b36e7a6189897f2015f191953b9d","1","t-H_n-M","H","M","log",12,"5",0,"Uncertain","Clustering"
"0882c5a53ea4c278ff08aa5448e539e8","24",10,"31-35","Female","Graduate Degree","Yes","Prolific","70eebf16937fb9e77a3b806afe9aa528","2","t-M_n-H","M","H","log",13,"9",0,"Neutral","Clustering"
"0882c5a53ea4c278ff08aa5448e539e8","14",10,"31-35","Female","Graduate Degree","Yes","Prolific","85c5c5a6ab4fdb3aaf06947e0b9d4483","1","t-M_n-E","M","E","log",10,"13",0,"Very Certain","Different range"
"0882c5a53ea4c278ff08aa5448e539e8","27",10,"31-35","Female","Graduate Degree","Yes","Prolific","b8efad9285426a191f979b32a5094198","2","t-H_n-E","H","E","linear",9,"5",0,"Certain","Clustering, Different range"
"0882c5a53ea4c278ff08aa5448e539e8","23",10,"31-35","Female","Graduate Degree","Yes","Prolific","70eebf16937fb9e77a3b806afe9aa528","2","t-M_n-H","M","H","linear",13,"13",1,"Certain","Clustering, Different slope"
"a591e5209a2afe3c325b97c89cbbd723","21",12,"36-40","Female","Undergraduate Degree","Yes","Prolific","17c70f64092db27a58faa6c255efd8ba","1","t-M_n-H","M","H","linear",1,"1",1,"Neutral","Different shape"
"a591e5209a2afe3c325b97c89cbbd723","25",12,"36-40","Female","Undergraduate Degree","Yes","Prolific","ee322d63db5869407801b2c6cd54c452","1","t-H_n-E","H","E","linear",1,"1",1,"Neutral","Different slope"
"a591e5209a2afe3c325b97c89cbbd723","16",12,"36-40","Female","Undergraduate Degree","Yes","Prolific","07f1a227ee4ee73124d6589fada210dc","2","t-M_n-E","M","E","log",10,"10",1,"Neutral","Different shape"
"a591e5209a2afe3c325b97c89cbbd723","26",12,"36-40","Female","Undergraduate Degree","Yes","Prolific","ee322d63db5869407801b2c6cd54c452","1","t-H_n-E","H","E","log",1,"1",1,"Certain","Different slope"
"a591e5209a2afe3c325b97c89cbbd723","13",12,"36-40","Female","Undergraduate Degree","Yes","Prolific","85c5c5a6ab4fdb3aaf06947e0b9d4483","1","t-M_n-E","M","E","linear",10,"13",0,"Uncertain","Clustering"
"a591e5209a2afe3c325b97c89cbbd723","9",12,"36-40","Female","Undergraduate Degree","Yes","Prolific","8105c77bcc5d38d9b4e742f1b76de5fc","1","t-E_n-H","E","H","linear",15,"15",1,"Neutral","Different slope"
"a591e5209a2afe3c325b97c89cbbd723","28",12,"36-40","Female","Undergraduate Degree","Yes","Prolific","b8efad9285426a191f979b32a5094198","2","t-H_n-E","H","E","log",9,"9",1,"Neutral","Different shape"
"a591e5209a2afe3c325b97c89cbbd723","22",12,"36-40","Female","Undergraduate Degree","Yes","Prolific","17c70f64092db27a58faa6c255efd8ba","1","t-M_n-H","M","H","log",1,"3",0,"Certain","Clustering"
"a591e5209a2afe3c325b97c89cbbd723","30",12,"36-40","Female","Undergraduate Degree","Yes","Prolific","1b39b36e7a6189897f2015f191953b9d","1","t-H_n-M","H","M","log",12,"2",0,"Neutral","Clustering"
"a591e5209a2afe3c325b97c89cbbd723","7",12,"36-40","Female","Undergraduate Degree","Yes","Prolific","076f2d6385d635ea49402478f7e44cab","2","t-E_n-M","E","M","linear",14,"14",1,"Neutral","Different shape"
"a591e5209a2afe3c325b97c89cbbd723","16",12,"36-40","Female","Undergraduate Degree","Yes","Prolific","07f1a227ee4ee73124d6589fada210dc","2","t-M_n-E","M","E","log",10,"10",1,"Neutral","Different shape"
"a591e5209a2afe3c325b97c89cbbd723","15",12,"36-40","Female","Undergraduate Degree","Yes","Prolific","07f1a227ee4ee73124d6589fada210dc","2","t-M_n-E","M","E","linear",10,"14",0,"Uncertain","Clustering"
"1b1bc71eeb0097d0bb0bd407af878bab","23",12,"19-25","Female","Undergraduate Degree","Yes","Prolific","70eebf16937fb9e77a3b806afe9aa528","2","t-M_n-H","M","H","linear",13,"13",1,"Very Uncertain","Different slope"
"1b1bc71eeb0097d0bb0bd407af878bab","24",12,"19-25","Female","Undergraduate Degree","Yes","Prolific","70eebf16937fb9e77a3b806afe9aa528","2","t-M_n-H","M","H","log",13,"2",0,"Very Uncertain","Different shape"
"1b1bc71eeb0097d0bb0bd407af878bab","23",12,"19-25","Female","Undergraduate Degree","Yes","Prolific","70eebf16937fb9e77a3b806afe9aa528","2","t-M_n-H","M","H","linear",13,"13",1,"Very Certain","Different shape, Different slope"
"1b1bc71eeb0097d0bb0bd407af878bab","7",12,"19-25","Female","Undergraduate Degree","Yes","Prolific","076f2d6385d635ea49402478f7e44cab","2","t-E_n-M","E","M","linear",14,"14",1,"Certain","Outlier(s)"
"1b1bc71eeb0097d0bb0bd407af878bab","13",12,"19-25","Female","Undergraduate Degree","Yes","Prolific","85c5c5a6ab4fdb3aaf06947e0b9d4483","1","t-M_n-E","M","E","linear",10,"19",0,"Certain","Clustering"
"1b1bc71eeb0097d0bb0bd407af878bab","32",12,"19-25","Female","Undergraduate Degree","Yes","Prolific","914e02881a7432dc34831c5dff0477e0","2","t-H_n-M","H","M","log",12,"12",1,"Neutral","Clustering, Different shape"
"1b1bc71eeb0097d0bb0bd407af878bab","29",12,"19-25","Female","Undergraduate Degree","Yes","Prolific","1b39b36e7a6189897f2015f191953b9d","1","t-H_n-M","H","M","linear",12,"8",0,"Neutral","Different shape, Outlier(s)"
"1b1bc71eeb0097d0bb0bd407af878bab","12",12,"19-25","Female","Undergraduate Degree","Yes","Prolific","909f6bb4a0bbb8708bcc2d96c0b7052f","2","t-E_n-H","E","H","log",17,"17",1,"Certain","Different shape, Different slope"
"1b1bc71eeb0097d0bb0bd407af878bab","30",12,"19-25","Female","Undergraduate Degree","Yes","Prolific","1b39b36e7a6189897f2015f191953b9d","1","t-H_n-M","H","M","log",12,"12",1,"Certain","Different shape, Different slope"
"1b1bc71eeb0097d0bb0bd407af878bab","7",12,"19-25","Female","Undergraduate Degree","Yes","Prolific","076f2d6385d635ea49402478f7e44cab","2","t-E_n-M","E","M","linear",14,"14",1,"Very Certain","Clustering, Different range, Different shape, Different slope, Outlier(s)"
"1b1bc71eeb0097d0bb0bd407af878bab","26",12,"19-25","Female","Undergraduate Degree","Yes","Prolific","ee322d63db5869407801b2c6cd54c452","1","t-H_n-E","H","E","log",1,"1",1,"Certain","Clustering, Different range, Different shape, Different slope"
"1b1bc71eeb0097d0bb0bd407af878bab","15",12,"19-25","Female","Undergraduate Degree","Yes","Prolific","07f1a227ee4ee73124d6589fada210dc","2","t-M_n-E","M","E","linear",10,"14",0,"Uncertain","Clustering, Different range"
"e77f4a4e1e58a09ace52d92eb90d0c56","23",13,"26-30","Male","Undergraduate Degree","Yes","Prolific","70eebf16937fb9e77a3b806afe9aa528","2","t-M_n-H","M","H","linear",13,"13",1,"Very Certain","Outlier(s)"
"e77f4a4e1e58a09ace52d92eb90d0c56","25",13,"26-30","Male","Undergraduate Degree","Yes","Prolific","ee322d63db5869407801b2c6cd54c452","1","t-H_n-E","H","E","linear",1,"1",1,"Certain","Different slope"
"e77f4a4e1e58a09ace52d92eb90d0c56","16",13,"26-30","Male","Undergraduate Degree","Yes","Prolific","07f1a227ee4ee73124d6589fada210dc","2","t-M_n-E","M","E","log",10,"10",1,"Certain","Different shape"
"e77f4a4e1e58a09ace52d92eb90d0c56","7",13,"26-30","Male","Undergraduate Degree","Yes","Prolific","076f2d6385d635ea49402478f7e44cab","2","t-E_n-M","E","M","linear",14,"14",1,"Neutral","Outlier(s)"
"e77f4a4e1e58a09ace52d92eb90d0c56","12",13,"26-30","Male","Undergraduate Degree","Yes","Prolific","909f6bb4a0bbb8708bcc2d96c0b7052f","2","t-E_n-H","E","H","log",17,"17",1,"Very Certain","Different shape"
"e77f4a4e1e58a09ace52d92eb90d0c56","24",13,"26-30","Male","Undergraduate Degree","Yes","Prolific","70eebf16937fb9e77a3b806afe9aa528","2","t-M_n-H","M","H","log",13,"2",0,"Very Certain","Outlier(s)"
"e77f4a4e1e58a09ace52d92eb90d0c56","28",13,"26-30","Male","Undergraduate Degree","Yes","Prolific","b8efad9285426a191f979b32a5094198","2","t-H_n-E","H","E","log",9,"9",1,"Very Certain","Different shape"
"e77f4a4e1e58a09ace52d92eb90d0c56","29",13,"26-30","Male","Undergraduate Degree","Yes","Prolific","1b39b36e7a6189897f2015f191953b9d","1","t-H_n-M","H","M","linear",12,"9,6",0,"Uncertain","Clustering, Outlier(s)"
"e77f4a4e1e58a09ace52d92eb90d0c56","24",13,"26-30","Male","Undergraduate Degree","Yes","Prolific","70eebf16937fb9e77a3b806afe9aa528","2","t-M_n-H","M","H","log",13,"2",0,"Certain","Clustering, Outlier(s)"
"e77f4a4e1e58a09ace52d92eb90d0c56","5",13,"26-30","Male","Undergraduate Degree","Yes","Prolific","9f2d96ab9212ba1d26f176b00e6eeec0","1","t-E_n-M","E","M","linear",12,"19",0,"Neutral","Different range, Other, lack of bigger outliers on the right side (vertically)"
"e77f4a4e1e58a09ace52d92eb90d0c56","7",13,"26-30","Male","Undergraduate Degree","Yes","Prolific","076f2d6385d635ea49402478f7e44cab","2","t-E_n-M","E","M","linear",14,"14",1,"Very Certain","Different shape, Different slope, Outlier(s)"
"e77f4a4e1e58a09ace52d92eb90d0c56","26",13,"26-30","Male","Undergraduate Degree","Yes","Prolific","ee322d63db5869407801b2c6cd54c452","1","t-H_n-E","H","E","log",1,"1",1,"Very Certain","Different shape, Different slope"
"e77f4a4e1e58a09ace52d92eb90d0c56","16",13,"26-30","Male","Undergraduate Degree","Yes","Prolific","07f1a227ee4ee73124d6589fada210dc","2","t-M_n-E","M","E","log",10,"10",1,"Certain","Different shape, Different slope"
"9a343791971f54f8d05cd5fd64ecf8e0","23",13,"31-35","Male","Graduate Degree","Yes","Prolific","70eebf16937fb9e77a3b806afe9aa528","2","t-M_n-H","M","H","linear",13,"3",0,"Certain","Clustering"
"9a343791971f54f8d05cd5fd64ecf8e0","10",13,"31-35","Male","Graduate Degree","Yes","Prolific","8105c77bcc5d38d9b4e742f1b76de5fc","1","t-E_n-H","E","H","log",15,"13",0,"Very Certain","Clustering"
"9a343791971f54f8d05cd5fd64ecf8e0","30",13,"31-35","Male","Graduate Degree","Yes","Prolific","1b39b36e7a6189897f2015f191953b9d","1","t-H_n-M","H","M","log",12,"4",0,"Very Certain","Clustering"
"9a343791971f54f8d05cd5fd64ecf8e0","7",13,"31-35","Male","Graduate Degree","Yes","Prolific","076f2d6385d635ea49402478f7e44cab","2","t-E_n-M","E","M","linear",14,"14",1,"Certain","Different range"
"9a343791971f54f8d05cd5fd64ecf8e0","13",13,"31-35","Male","Graduate Degree","Yes","Prolific","85c5c5a6ab4fdb3aaf06947e0b9d4483","1","t-M_n-E","M","E","linear",10,"10",1,"Very Certain","Clustering"
"9a343791971f54f8d05cd5fd64ecf8e0","9",13,"31-35","Male","Graduate Degree","Yes","Prolific","8105c77bcc5d38d9b4e742f1b76de5fc","1","t-E_n-H","E","H","linear",15,"15",1,"Very Certain","Different range"
"9a343791971f54f8d05cd5fd64ecf8e0","28",13,"31-35","Male","Graduate Degree","Yes","Prolific","b8efad9285426a191f979b32a5094198","2","t-H_n-E","H","E","log",9,"9",1,"Certain","Different range"
"9a343791971f54f8d05cd5fd64ecf8e0","22",13,"31-35","Male","Graduate Degree","Yes","Prolific","17c70f64092db27a58faa6c255efd8ba","1","t-M_n-H","M","H","log",1,"4",0,"Very Certain","Clustering"
"9a343791971f54f8d05cd5fd64ecf8e0","29",13,"31-35","Male","Graduate Degree","Yes","Prolific","1b39b36e7a6189897f2015f191953b9d","1","t-H_n-M","H","M","linear",12,"9",0,"Very Certain","Clustering"
"9a343791971f54f8d05cd5fd64ecf8e0","5",13,"31-35","Male","Graduate Degree","Yes","Prolific","9f2d96ab9212ba1d26f176b00e6eeec0","1","t-E_n-M","E","M","linear",12,"18",0,"Certain","Clustering"
"9a343791971f54f8d05cd5fd64ecf8e0","9",13,"31-35","Male","Graduate Degree","Yes","Prolific","8105c77bcc5d38d9b4e742f1b76de5fc","1","t-E_n-H","E","H","linear",15,"15",1,"Certain","Clustering"
"9a343791971f54f8d05cd5fd64ecf8e0","26",13,"31-35","Male","Graduate Degree","Yes","Prolific","ee322d63db5869407801b2c6cd54c452","1","t-H_n-E","H","E","log",1,"1",1,"Certain","Different range"
"9a343791971f54f8d05cd5fd64ecf8e0","16",13,"31-35","Male","Graduate Degree","Yes","Prolific","07f1a227ee4ee73124d6589fada210dc","2","t-M_n-E","M","E","log",10,"10",1,"Very Certain","Different range"
"8272e57ef5dc9a9fefb22052cead5e5b","13",13,"19-25","Female","High School or Less","Yes","Prolific","85c5c5a6ab4fdb3aaf06947e0b9d4483","1","t-M_n-E","M","E","linear",10,"8",0,"Certain","Different slope"
"8272e57ef5dc9a9fefb22052cead5e5b","24",13,"19-25","Female","High School or Less","Yes","Prolific","70eebf16937fb9e77a3b806afe9aa528","2","t-M_n-H","M","H","log",13,"2",0,"Neutral","Outlier(s)"
"8272e57ef5dc9a9fefb22052cead5e5b","30",13,"19-25","Female","High School or Less","Yes","Prolific","1b39b36e7a6189897f2015f191953b9d","1","t-H_n-M","H","M","log",12,"12",1,"Very Certain","Different shape"
"8272e57ef5dc9a9fefb22052cead5e5b","7",13,"19-25","Female","High School or Less","Yes","Prolific","076f2d6385d635ea49402478f7e44cab","2","t-E_n-M","E","M","linear",14,"14",1,"Certain","Different slope"
"8272e57ef5dc9a9fefb22052cead5e5b","13",13,"19-25","Female","High School or Less","Yes","Prolific","85c5c5a6ab4fdb3aaf06947e0b9d4483","1","t-M_n-E","M","E","linear",10,"19",0,"Neutral","Outlier(s)"
"8272e57ef5dc9a9fefb22052cead5e5b","9",13,"19-25","Female","High School or Less","Yes","Prolific","8105c77bcc5d38d9b4e742f1b76de5fc","1","t-E_n-H","E","H","linear",15,"15",1,"Very Certain","Clustering"
"8272e57ef5dc9a9fefb22052cead5e5b","28",13,"19-25","Female","High School or Less","Yes","Prolific","b8efad9285426a191f979b32a5094198","2","t-H_n-E","H","E","log",9,"9",1,"Very Certain","Different shape"
"8272e57ef5dc9a9fefb22052cead5e5b","29",13,"19-25","Female","High School or Less","Yes","Prolific","1b39b36e7a6189897f2015f191953b9d","1","t-H_n-M","H","M","linear",12,"12",1,"Very Certain","Different slope"
"8272e57ef5dc9a9fefb22052cead5e5b","24",13,"19-25","Female","High School or Less","Yes","Prolific","70eebf16937fb9e77a3b806afe9aa528","2","t-M_n-H","M","H","log",13,"2",0,"Very Certain","Outlier(s)"
"8272e57ef5dc9a9fefb22052cead5e5b","5",13,"19-25","Female","High School or Less","Yes","Prolific","9f2d96ab9212ba1d26f176b00e6eeec0","1","t-E_n-M","E","M","linear",12,"19",0,"Certain","Different slope"
"8272e57ef5dc9a9fefb22052cead5e5b","25",13,"19-25","Female","High School or Less","Yes","Prolific","ee322d63db5869407801b2c6cd54c452","1","t-H_n-E","H","E","linear",1,"1",1,"Certain","Different slope"
"8272e57ef5dc9a9fefb22052cead5e5b","6",13,"19-25","Female","High School or Less","Yes","Prolific","9f2d96ab9212ba1d26f176b00e6eeec0","1","t-E_n-M","E","M","log",12,"12",1,"Neutral","Different shape"
"8272e57ef5dc9a9fefb22052cead5e5b","16",13,"19-25","Female","High School or Less","Yes","Prolific","07f1a227ee4ee73124d6589fada210dc","2","t-M_n-E","M","E","log",10,"13",0,"Very Certain","Outlier(s)"
"2b3eccd5e24d392d3613fdd7f4793fb4","26",12,"31-35","Male","Graduate Degree","Yes","Prolific","ee322d63db5869407801b2c6cd54c452","1","t-H_n-E","H","E","log",1,"3",0,"Certain","Different range, Different shape, Outlier(s)"
"2b3eccd5e24d392d3613fdd7f4793fb4","15",12,"31-35","Male","Graduate Degree","Yes","Prolific","07f1a227ee4ee73124d6589fada210dc","2","t-M_n-E","M","E","linear",10,"20",0,"Certain","Clustering, Outlier(s)"
"2b3eccd5e24d392d3613fdd7f4793fb4","23",12,"31-35","Male","Graduate Degree","Yes","Prolific","70eebf16937fb9e77a3b806afe9aa528","2","t-M_n-H","M","H","linear",13,"13",1,"Certain","Clustering, Different slope, Outlier(s)"
"2b3eccd5e24d392d3613fdd7f4793fb4","8",12,"31-35","Male","Graduate Degree","Yes","Prolific","076f2d6385d635ea49402478f7e44cab","2","t-E_n-M","E","M","log",14,"14",1,"Certain","Different shape, Outlier(s)"
"2b3eccd5e24d392d3613fdd7f4793fb4","24",12,"31-35","Male","Graduate Degree","Yes","Prolific","70eebf16937fb9e77a3b806afe9aa528","2","t-M_n-H","M","H","log",13,"9",0,"Neutral","Clustering, Different shape"
"2b3eccd5e24d392d3613fdd7f4793fb4","25",12,"31-35","Male","Graduate Degree","Yes","Prolific","ee322d63db5869407801b2c6cd54c452","1","t-H_n-E","H","E","linear",1,"3",0,"Certain","Clustering, Different shape, Outlier(s)"
"2b3eccd5e24d392d3613fdd7f4793fb4","29",12,"31-35","Male","Graduate Degree","Yes","Prolific","1b39b36e7a6189897f2015f191953b9d","1","t-H_n-M","H","M","linear",12,"19",0,"Uncertain","Clustering, Different range"
"2b3eccd5e24d392d3613fdd7f4793fb4","12",12,"31-35","Male","Graduate Degree","Yes","Prolific","909f6bb4a0bbb8708bcc2d96c0b7052f","2","t-E_n-H","E","H","log",17,"14",0,"Certain","Clustering, Different shape"
"2b3eccd5e24d392d3613fdd7f4793fb4","30",12,"31-35","Male","Graduate Degree","Yes","Prolific","1b39b36e7a6189897f2015f191953b9d","1","t-H_n-M","H","M","log",12,"19",0,"Certain","Different shape, Outlier(s)"
"2b3eccd5e24d392d3613fdd7f4793fb4","7",12,"31-35","Male","Graduate Degree","Yes","Prolific","076f2d6385d635ea49402478f7e44cab","2","t-E_n-M","E","M","linear",14,"13,14",1,"Certain","Different shape, Different slope"
"2b3eccd5e24d392d3613fdd7f4793fb4","26",12,"31-35","Male","Graduate Degree","Yes","Prolific","ee322d63db5869407801b2c6cd54c452","1","t-H_n-E","H","E","log",1,"6",0,"Neutral","Clustering, Outlier(s)"
"2b3eccd5e24d392d3613fdd7f4793fb4","15",12,"31-35","Male","Graduate Degree","Yes","Prolific","07f1a227ee4ee73124d6589fada210dc","2","t-M_n-E","M","E","linear",10,"15",0,"Certain","Clustering, Different shape, Different slope"
"e1fda0972e73721581ca48c13b6387dd","8",13,"56-60","Female","Graduate Degree","Yes","Prolific","076f2d6385d635ea49402478f7e44cab","2","t-E_n-M","E","M","log",14,"14",1,"Very Certain","Clustering, Different slope"
"e1fda0972e73721581ca48c13b6387dd","10",13,"56-60","Female","Graduate Degree","Yes","Prolific","8105c77bcc5d38d9b4e742f1b76de5fc","1","t-E_n-H","E","H","log",15,"15",1,"Very Certain","Different shape"
"e1fda0972e73721581ca48c13b6387dd","15",13,"56-60","Female","Graduate Degree","Yes","Prolific","07f1a227ee4ee73124d6589fada210dc","2","t-M_n-E","M","E","linear",10,"13",0,"Neutral","Other, Scattering"
"e1fda0972e73721581ca48c13b6387dd","8",13,"56-60","Female","Graduate Degree","Yes","Prolific","076f2d6385d635ea49402478f7e44cab","2","t-E_n-M","E","M","log",14,"14",1,"Very Certain","Different slope"
"e1fda0972e73721581ca48c13b6387dd","24",13,"56-60","Female","Graduate Degree","Yes","Prolific","70eebf16937fb9e77a3b806afe9aa528","2","t-M_n-H","M","H","log",13,"13",1,"Certain","Different slope"
"e1fda0972e73721581ca48c13b6387dd","25",13,"56-60","Female","Graduate Degree","Yes","Prolific","ee322d63db5869407801b2c6cd54c452","1","t-H_n-E","H","E","linear",1,"1",1,"Very Certain","Different slope"
"e1fda0972e73721581ca48c13b6387dd","29",13,"56-60","Female","Graduate Degree","Yes","Prolific","1b39b36e7a6189897f2015f191953b9d","1","t-H_n-M","H","M","linear",12,"12",1,"Certain","Different slope"
"e1fda0972e73721581ca48c13b6387dd","6",13,"56-60","Female","Graduate Degree","Yes","Prolific","9f2d96ab9212ba1d26f176b00e6eeec0","1","t-E_n-M","E","M","log",12,"12",1,"Very Certain","Different slope"
"e1fda0972e73721581ca48c13b6387dd","12",13,"56-60","Female","Graduate Degree","Yes","Prolific","909f6bb4a0bbb8708bcc2d96c0b7052f","2","t-E_n-H","E","H","log",17,"17",1,"Very Certain","Different slope"
"e1fda0972e73721581ca48c13b6387dd","28",13,"56-60","Female","Graduate Degree","Yes","Prolific","b8efad9285426a191f979b32a5094198","2","t-H_n-E","H","E","log",9,"9",1,"Very Certain","Different slope"
"e1fda0972e73721581ca48c13b6387dd","22",13,"56-60","Female","Graduate Degree","Yes","Prolific","17c70f64092db27a58faa6c255efd8ba","1","t-M_n-H","M","H","log",1,"1",1,"Certain","Different slope"
"e1fda0972e73721581ca48c13b6387dd","16",13,"56-60","Female","Graduate Degree","Yes","Prolific","07f1a227ee4ee73124d6589fada210dc","2","t-M_n-E","M","E","log",10,"10",1,"Very Certain","Different slope"
"e1fda0972e73721581ca48c13b6387dd","15",13,"56-60","Female","Graduate Degree","Yes","Prolific","07f1a227ee4ee73124d6589fada210dc","2","t-M_n-E","M","E","linear",10,"1",0,"Neutral","Different slope"
"908ac2e239979151eb1e54eac1b54d10","8",12,"36-40","Male","Graduate Degree","Yes","Prolific","076f2d6385d635ea49402478f7e44cab","2","t-E_n-M","E","M","log",14,"14",1,"Certain","Different shape"
"908ac2e239979151eb1e54eac1b54d10","15",12,"36-40","Male","Graduate Degree","Yes","Prolific","07f1a227ee4ee73124d6589fada210dc","2","t-M_n-E","M","E","linear",10,"14",0,"Uncertain","Clustering"
"908ac2e239979151eb1e54eac1b54d10","23",12,"36-40","Male","Graduate Degree","Yes","Prolific","70eebf16937fb9e77a3b806afe9aa528","2","t-M_n-H","M","H","linear",13,"13",1,"Uncertain","Clustering"
"908ac2e239979151eb1e54eac1b54d10","8",12,"36-40","Male","Graduate Degree","Yes","Prolific","076f2d6385d635ea49402478f7e44cab","2","t-E_n-M","E","M","log",14,"14",1,"Certain","Different shape"
"908ac2e239979151eb1e54eac1b54d10","24",12,"36-40","Male","Graduate Degree","Yes","Prolific","70eebf16937fb9e77a3b806afe9aa528","2","t-M_n-H","M","H","log",13,"2",0,"Uncertain","Different shape"
"908ac2e239979151eb1e54eac1b54d10","25",12,"36-40","Male","Graduate Degree","Yes","Prolific","ee322d63db5869407801b2c6cd54c452","1","t-H_n-E","H","E","linear",1,"1",1,"Certain","Different shape"
"908ac2e239979151eb1e54eac1b54d10","29",12,"36-40","Male","Graduate Degree","Yes","Prolific","1b39b36e7a6189897f2015f191953b9d","1","t-H_n-M","H","M","linear",12,"9",0,"Neutral","Outlier(s)"
"908ac2e239979151eb1e54eac1b54d10","12",12,"36-40","Male","Graduate Degree","Yes","Prolific","909f6bb4a0bbb8708bcc2d96c0b7052f","2","t-E_n-H","E","H","log",17,"17",1,"Very Certain","Different shape"
"908ac2e239979151eb1e54eac1b54d10","30",12,"36-40","Male","Graduate Degree","Yes","Prolific","1b39b36e7a6189897f2015f191953b9d","1","t-H_n-M","H","M","log",12,"12",1,"Uncertain","Different shape"
"908ac2e239979151eb1e54eac1b54d10","7",12,"36-40","Male","Graduate Degree","Yes","Prolific","076f2d6385d635ea49402478f7e44cab","2","t-E_n-M","E","M","linear",14,"14",1,"Neutral","Different shape"
"908ac2e239979151eb1e54eac1b54d10","16",12,"36-40","Male","Graduate Degree","Yes","Prolific","07f1a227ee4ee73124d6589fada210dc","2","t-M_n-E","M","E","log",10,"10",1,"Very Certain","Different shape"
"908ac2e239979151eb1e54eac1b54d10","15",12,"36-40","Male","Graduate Degree","Yes","Prolific","07f1a227ee4ee73124d6589fada210dc","2","t-M_n-E","M","E","linear",10,"14",0,"Uncertain","Clustering"
"d9e98b327b4e59cd58a1b48103418654","8",12,"19-25","Female","Graduate Degree","Yes","Prolific","076f2d6385d635ea49402478f7e44cab","2","t-E_n-M","E","M","log",14,"14",1,"Certain","Different shape"
"d9e98b327b4e59cd58a1b48103418654","10",12,"19-25","Female","Graduate Degree","Yes","Prolific","8105c77bcc5d38d9b4e742f1b76de5fc","1","t-E_n-H","E","H","log",15,"15",1,"Very Certain","Different shape"
"d9e98b327b4e59cd58a1b48103418654","30",12,"19-25","Female","Graduate Degree","Yes","Prolific","1b39b36e7a6189897f2015f191953b9d","1","t-H_n-M","H","M","log",12,"2",0,"Neutral","Clustering"
"d9e98b327b4e59cd58a1b48103418654","30",12,"19-25","Female","Graduate Degree","Yes","Prolific","1b39b36e7a6189897f2015f191953b9d","1","t-H_n-M","H","M","log",12,"10",0,"Uncertain","Clustering"
"d9e98b327b4e59cd58a1b48103418654","24",12,"19-25","Female","Graduate Degree","Yes","Prolific","70eebf16937fb9e77a3b806afe9aa528","2","t-M_n-H","M","H","log",13,"8",0,"Uncertain","Clustering, Different range"
"d9e98b327b4e59cd58a1b48103418654","25",12,"19-25","Female","Graduate Degree","Yes","Prolific","ee322d63db5869407801b2c6cd54c452","1","t-H_n-E","H","E","linear",1,"1",1,"Certain","Different shape"
"d9e98b327b4e59cd58a1b48103418654","29",12,"19-25","Female","Graduate Degree","Yes","Prolific","1b39b36e7a6189897f2015f191953b9d","1","t-H_n-M","H","M","linear",12,"8",0,"Neutral","Different range"
"d9e98b327b4e59cd58a1b48103418654","12",12,"19-25","Female","Graduate Degree","Yes","Prolific","909f6bb4a0bbb8708bcc2d96c0b7052f","2","t-E_n-H","E","H","log",17,"17",1,"Very Certain","Different shape"
"d9e98b327b4e59cd58a1b48103418654","30",12,"19-25","Female","Graduate Degree","Yes","Prolific","1b39b36e7a6189897f2015f191953b9d","1","t-H_n-M","H","M","log",12,"12",1,"Uncertain","Different shape"
"d9e98b327b4e59cd58a1b48103418654","22",12,"19-25","Female","Graduate Degree","Yes","Prolific","17c70f64092db27a58faa6c255efd8ba","1","t-M_n-H","M","H","log",1,"1",1,"Neutral","Different shape"
"d9e98b327b4e59cd58a1b48103418654","16",12,"19-25","Female","Graduate Degree","Yes","Prolific","07f1a227ee4ee73124d6589fada210dc","2","t-M_n-E","M","E","log",10,"10",1,"Certain","Different shape"
"d9e98b327b4e59cd58a1b48103418654","15",12,"19-25","Female","Graduate Degree","Yes","Prolific","07f1a227ee4ee73124d6589fada210dc","2","t-M_n-E","M","E","linear",10,"6,11",0,"Very Uncertain","Clustering"
"b76d8b50e7ef5217e7370eb527e8ffbb","11",12,"Over 60","Female","Some Graduate Courses","Yes","Prolific","909f6bb4a0bbb8708bcc2d96c0b7052f","2","t-E_n-H","E","H","linear",17,"17",1,"Certain","Different slope"
"b76d8b50e7ef5217e7370eb527e8ffbb","15",12,"Over 60","Female","Some Graduate Courses","Yes","Prolific","07f1a227ee4ee73124d6589fada210dc","2","t-M_n-E","M","E","linear",10,"11",0,"Certain","Clustering"
"b76d8b50e7ef5217e7370eb527e8ffbb","23",12,"Over 60","Female","Some Graduate Courses","Yes","Prolific","70eebf16937fb9e77a3b806afe9aa528","2","t-M_n-H","M","H","linear",13,"13",1,"Certain","Different range"
"b76d8b50e7ef5217e7370eb527e8ffbb","8",12,"Over 60","Female","Some Graduate Courses","Yes","Prolific","076f2d6385d635ea49402478f7e44cab","2","t-E_n-M","E","M","log",14,"14",1,"Neutral","Clustering"
"b76d8b50e7ef5217e7370eb527e8ffbb","24",12,"Over 60","Female","Some Graduate Courses","Yes","Prolific","70eebf16937fb9e77a3b806afe9aa528","2","t-M_n-H","M","H","log",13,"13",1,"Uncertain","Different slope"
"b76d8b50e7ef5217e7370eb527e8ffbb","25",12,"Over 60","Female","Some Graduate Courses","Yes","Prolific","ee322d63db5869407801b2c6cd54c452","1","t-H_n-E","H","E","linear",1,"18",0,"Certain","Clustering"
"b76d8b50e7ef5217e7370eb527e8ffbb","29",12,"Over 60","Female","Some Graduate Courses","Yes","Prolific","1b39b36e7a6189897f2015f191953b9d","1","t-H_n-M","H","M","linear",12,"8",0,"Certain","Outlier(s)"
"b76d8b50e7ef5217e7370eb527e8ffbb","12",12,"Over 60","Female","Some Graduate Courses","Yes","Prolific","909f6bb4a0bbb8708bcc2d96c0b7052f","2","t-E_n-H","E","H","log",17,"17",1,"Certain","Different shape"
"b76d8b50e7ef5217e7370eb527e8ffbb","30",12,"Over 60","Female","Some Graduate Courses","Yes","Prolific","1b39b36e7a6189897f2015f191953b9d","1","t-H_n-M","H","M","log",12,"2",0,"Uncertain","Different shape"
"b76d8b50e7ef5217e7370eb527e8ffbb","7",12,"Over 60","Female","Some Graduate Courses","Yes","Prolific","076f2d6385d635ea49402478f7e44cab","2","t-E_n-M","E","M","linear",14,"14",1,"Uncertain","Different range"
"b76d8b50e7ef5217e7370eb527e8ffbb","26",12,"Over 60","Female","Some Graduate Courses","Yes","Prolific","ee322d63db5869407801b2c6cd54c452","1","t-H_n-E","H","E","log",1,"3",0,"Neutral","Different shape"
"b76d8b50e7ef5217e7370eb527e8ffbb","16",12,"Over 60","Female","Some Graduate Courses","Yes","Prolific","07f1a227ee4ee73124d6589fada210dc","2","t-M_n-E","M","E","log",10,"13",0,"Neutral","Different range"
"3e0f01840983b0972c6db82e13b08085","11",13,"19-25","Male","High School or Less","Yes","Prolific","909f6bb4a0bbb8708bcc2d96c0b7052f","2","t-E_n-H","E","H","linear",17,"17",1,"Very Certain","Different shape, Different slope, Outlier(s)"
"3e0f01840983b0972c6db82e13b08085","15",13,"19-25","Male","High School or Less","Yes","Prolific","07f1a227ee4ee73124d6589fada210dc","2","t-M_n-E","M","E","linear",10,"2",0,"Neutral","Clustering"
"3e0f01840983b0972c6db82e13b08085","23",13,"19-25","Male","High School or Less","Yes","Prolific","70eebf16937fb9e77a3b806afe9aa528","2","t-M_n-H","M","H","linear",13,"13",1,"Very Certain","Different shape, Different slope, Outlier(s)"
"3e0f01840983b0972c6db82e13b08085","8",13,"19-25","Male","High School or Less","Yes","Prolific","076f2d6385d635ea49402478f7e44cab","2","t-E_n-M","E","M","log",14,"14",1,"Very Certain","Clustering, Different shape"
"3e0f01840983b0972c6db82e13b08085","24",13,"19-25","Male","High School or Less","Yes","Prolific","70eebf16937fb9e77a3b806afe9aa528","2","t-M_n-H","M","H","log",13,"9",0,"Certain","Other, Gap between points"
"3e0f01840983b0972c6db82e13b08085","27",13,"19-25","Male","High School or Less","Yes","Prolific","b8efad9285426a191f979b32a5094198","2","t-H_n-E","H","E","linear",9,"5",0,"Certain","Outlier(s)"
"3e0f01840983b0972c6db82e13b08085","21",13,"19-25","Male","High School or Less","Yes","Prolific","17c70f64092db27a58faa6c255efd8ba","1","t-M_n-H","M","H","linear",1,"1",1,"Certain","Different slope"
"3e0f01840983b0972c6db82e13b08085","6",13,"19-25","Male","High School or Less","Yes","Prolific","9f2d96ab9212ba1d26f176b00e6eeec0","1","t-E_n-M","E","M","log",12,"12",1,"Very Certain","Different shape"
"3e0f01840983b0972c6db82e13b08085","12",13,"19-25","Male","High School or Less","Yes","Prolific","909f6bb4a0bbb8708bcc2d96c0b7052f","2","t-E_n-H","E","H","log",17,"17",1,"Very Certain","Different shape, Different slope"
"3e0f01840983b0972c6db82e13b08085","28",13,"19-25","Male","High School or Less","Yes","Prolific","b8efad9285426a191f979b32a5094198","2","t-H_n-E","H","E","log",9,"9",1,"Very Certain","Different shape, Different slope"
"3e0f01840983b0972c6db82e13b08085","22",13,"19-25","Male","High School or Less","Yes","Prolific","17c70f64092db27a58faa6c255efd8ba","1","t-M_n-H","M","H","log",1,"10",0,"Neutral","Clustering"
"3e0f01840983b0972c6db82e13b08085","16",13,"19-25","Male","High School or Less","Yes","Prolific","07f1a227ee4ee73124d6589fada210dc","2","t-M_n-E","M","E","log",10,"10",1,"Very Certain","Different shape, Different slope"
"3e0f01840983b0972c6db82e13b08085","15",13,"19-25","Male","High School or Less","Yes","Prolific","07f1a227ee4ee73124d6589fada210dc","2","t-M_n-E","M","E","linear",10,"15",0,"Certain","Outlier(s)"
"57fb162526a84c2b1977b915c54044aa","11",12,"31-35","Male","Graduate Degree","Yes","Prolific","909f6bb4a0bbb8708bcc2d96c0b7052f","2","t-E_n-H","E","H","linear",17,"17",1,"Very Certain","Different range"
"57fb162526a84c2b1977b915c54044aa","31",12,"31-35","Male","Graduate Degree","Yes","Prolific","914e02881a7432dc34831c5dff0477e0","2","t-H_n-M","H","M","linear",12,"4",0,"Certain","Clustering, Different slope"
"57fb162526a84c2b1977b915c54044aa","32",12,"31-35","Male","Graduate Degree","Yes","Prolific","914e02881a7432dc34831c5dff0477e0","2","t-H_n-M","H","M","log",12,"12",1,"Certain","Different slope"
"57fb162526a84c2b1977b915c54044aa","5",12,"31-35","Male","Graduate Degree","Yes","Prolific","9f2d96ab9212ba1d26f176b00e6eeec0","1","t-E_n-M","E","M","linear",12,"6,1,14",0,"Certain","Clustering, Different range, Different slope"
"57fb162526a84c2b1977b915c54044aa","27",12,"31-35","Male","Graduate Degree","Yes","Prolific","b8efad9285426a191f979b32a5094198","2","t-H_n-E","H","E","linear",9,"9,14,15",1,"Very Certain","Clustering, Different range, Different slope"
"57fb162526a84c2b1977b915c54044aa","21",12,"31-35","Male","Graduate Degree","Yes","Prolific","17c70f64092db27a58faa6c255efd8ba","1","t-M_n-H","M","H","linear",1,"1",1,"Certain","Different range, Different slope"
"57fb162526a84c2b1977b915c54044aa","6",12,"31-35","Male","Graduate Degree","Yes","Prolific","9f2d96ab9212ba1d26f176b00e6eeec0","1","t-E_n-M","E","M","log",12,"12",1,"Certain","Clustering"
"57fb162526a84c2b1977b915c54044aa","12",12,"31-35","Male","Graduate Degree","Yes","Prolific","909f6bb4a0bbb8708bcc2d96c0b7052f","2","t-E_n-H","E","H","log",17,"17",1,"Very Certain","Different slope"
"57fb162526a84c2b1977b915c54044aa","28",12,"31-35","Male","Graduate Degree","Yes","Prolific","b8efad9285426a191f979b32a5094198","2","t-H_n-E","H","E","log",9,"9",1,"Certain","Different slope"
"57fb162526a84c2b1977b915c54044aa","22",12,"31-35","Male","Graduate Degree","Yes","Prolific","17c70f64092db27a58faa6c255efd8ba","1","t-M_n-H","M","H","log",1,"1",1,"Certain","Clustering, Different slope"
"57fb162526a84c2b1977b915c54044aa","16",12,"31-35","Male","Graduate Degree","Yes","Prolific","07f1a227ee4ee73124d6589fada210dc","2","t-M_n-E","M","E","log",10,"8,13",0,"Neutral","Clustering"
"57fb162526a84c2b1977b915c54044aa","15",12,"31-35","Male","Graduate Degree","Yes","Prolific","07f1a227ee4ee73124d6589fada210dc","2","t-M_n-E","M","E","linear",10,"1,14",0,"Certain","Clustering, Different range"
"c5144873c849a55723ff087881dc129f","26",12,"19-25","Male","High School or Less","Yes","Prolific","ee322d63db5869407801b2c6cd54c452","1","t-H_n-E","H","E","log",1,"1",1,"Certain","Different shape, Different slope"
"c5144873c849a55723ff087881dc129f","10",12,"19-25","Male","High School or Less","Yes","Prolific","8105c77bcc5d38d9b4e742f1b76de5fc","1","t-E_n-H","E","H","log",15,"15",1,"Certain","Different shape, Different slope, Outlier(s)"
"c5144873c849a55723ff087881dc129f","7",12,"19-25","Male","High School or Less","Yes","Prolific","076f2d6385d635ea49402478f7e44cab","2","t-E_n-M","E","M","linear",14,"14",1,"Uncertain","Different range, Outlier(s)"
"c5144873c849a55723ff087881dc129f","32",12,"19-25","Male","High School or Less","Yes","Prolific","914e02881a7432dc34831c5dff0477e0","2","t-H_n-M","H","M","log",12,"3",0,"Neutral","Clustering, Outlier(s)"
"c5144873c849a55723ff087881dc129f","15",12,"19-25","Male","High School or Less","Yes","Prolific","07f1a227ee4ee73124d6589fada210dc","2","t-M_n-E","M","E","linear",10,"2",0,"Neutral","Clustering, Different range"
"c5144873c849a55723ff087881dc129f","5",12,"19-25","Male","High School or Less","Yes","Prolific","9f2d96ab9212ba1d26f176b00e6eeec0","1","t-E_n-M","E","M","linear",12,"17",0,"Uncertain","Outlier(s)"
"c5144873c849a55723ff087881dc129f","27",12,"19-25","Male","High School or Less","Yes","Prolific","b8efad9285426a191f979b32a5094198","2","t-H_n-E","H","E","linear",9,"5",0,"Certain","Different range, Outlier(s)"
"c5144873c849a55723ff087881dc129f","14",12,"19-25","Male","High School or Less","Yes","Prolific","85c5c5a6ab4fdb3aaf06947e0b9d4483","1","t-M_n-E","M","E","log",10,"10",1,"Neutral","Clustering, Different shape, Different slope"
"c5144873c849a55723ff087881dc129f","6",12,"19-25","Male","High School or Less","Yes","Prolific","9f2d96ab9212ba1d26f176b00e6eeec0","1","t-E_n-M","E","M","log",12,"12",1,"Neutral","Different shape, Outlier(s)"
"c5144873c849a55723ff087881dc129f","32",12,"19-25","Male","High School or Less","Yes","Prolific","914e02881a7432dc34831c5dff0477e0","2","t-H_n-M","H","M","log",12,"12",1,"Neutral","Different shape, Different slope"
"c5144873c849a55723ff087881dc129f","22",12,"19-25","Male","High School or Less","Yes","Prolific","17c70f64092db27a58faa6c255efd8ba","1","t-M_n-H","M","H","log",1,"1",1,"Certain","Different shape, Different slope"
"c5144873c849a55723ff087881dc129f","28",12,"19-25","Male","High School or Less","Yes","Prolific","b8efad9285426a191f979b32a5094198","2","t-H_n-E","H","E","log",9,"9",1,"Certain","Different shape, Different slope"
"65316424bafcdab6ae724e333e9d8184","13",12,"19-25","Female","Graduate Degree","Yes","Prolific","85c5c5a6ab4fdb3aaf06947e0b9d4483","1","t-M_n-E","M","E","linear",10,"3,8",0,"Certain","Different slope"
"65316424bafcdab6ae724e333e9d8184","30",12,"19-25","Female","Graduate Degree","Yes","Prolific","1b39b36e7a6189897f2015f191953b9d","1","t-H_n-M","H","M","log",12,"18",0,"Certain","Different slope"
"65316424bafcdab6ae724e333e9d8184","8",12,"19-25","Female","Graduate Degree","Yes","Prolific","076f2d6385d635ea49402478f7e44cab","2","t-E_n-M","E","M","log",14,"14",1,"Certain","Different shape"
"65316424bafcdab6ae724e333e9d8184","7",12,"19-25","Female","Graduate Degree","Yes","Prolific","076f2d6385d635ea49402478f7e44cab","2","t-E_n-M","E","M","linear",14,"14,13",1,"Very Certain","Outlier(s)"
"65316424bafcdab6ae724e333e9d8184","29",12,"19-25","Female","Graduate Degree","Yes","Prolific","1b39b36e7a6189897f2015f191953b9d","1","t-H_n-M","H","M","linear",12,"8,13",0,"Certain","Different slope"
"65316424bafcdab6ae724e333e9d8184","9",12,"19-25","Female","Graduate Degree","Yes","Prolific","8105c77bcc5d38d9b4e742f1b76de5fc","1","t-E_n-H","E","H","linear",15,"15",1,"Certain","Outlier(s)"
"65316424bafcdab6ae724e333e9d8184","10",12,"19-25","Female","Graduate Degree","Yes","Prolific","8105c77bcc5d38d9b4e742f1b76de5fc","1","t-E_n-H","E","H","log",15,"15",1,"Certain","Different shape"
"65316424bafcdab6ae724e333e9d8184","27",12,"19-25","Female","Graduate Degree","Yes","Prolific","b8efad9285426a191f979b32a5094198","2","t-H_n-E","H","E","linear",9,"9,10",1,"Certain","Different shape, Different slope"
"65316424bafcdab6ae724e333e9d8184","23",12,"19-25","Female","Graduate Degree","Yes","Prolific","70eebf16937fb9e77a3b806afe9aa528","2","t-M_n-H","M","H","linear",13,"13",1,"Very Certain","Outlier(s)"
"65316424bafcdab6ae724e333e9d8184","16",12,"19-25","Female","Graduate Degree","Yes","Prolific","07f1a227ee4ee73124d6589fada210dc","2","t-M_n-E","M","E","log",10,"10",1,"Certain","Different shape"
"65316424bafcdab6ae724e333e9d8184","15",12,"19-25","Female","Graduate Degree","Yes","Prolific","07f1a227ee4ee73124d6589fada210dc","2","t-M_n-E","M","E","linear",10,"1",0,"Very Certain","Outlier(s)"
"65316424bafcdab6ae724e333e9d8184","28",12,"19-25","Female","Graduate Degree","Yes","Prolific","b8efad9285426a191f979b32a5094198","2","t-H_n-E","H","E","log",9,"9",1,"Certain","Different shape"
"a3939863fb345d19dfea0cef3f2cb4a5","11",12,"19-25","Female","Graduate Degree","No","Prolific","909f6bb4a0bbb8708bcc2d96c0b7052f","2","t-E_n-H","E","H","linear",17,"17",1,"Neutral","Different shape"
"a3939863fb345d19dfea0cef3f2cb4a5","30",12,"19-25","Female","Graduate Degree","No","Prolific","1b39b36e7a6189897f2015f191953b9d","1","t-H_n-M","H","M","log",12,"12",1,"Very Uncertain","Different range"
"a3939863fb345d19dfea0cef3f2cb4a5","28",12,"19-25","Female","Graduate Degree","No","Prolific","b8efad9285426a191f979b32a5094198","2","t-H_n-E","H","E","log",9,"6",0,"Uncertain","Clustering"
"a3939863fb345d19dfea0cef3f2cb4a5","16",12,"19-25","Female","Graduate Degree","No","Prolific","07f1a227ee4ee73124d6589fada210dc","2","t-M_n-E","M","E","log",10,"14",0,"Neutral","Different range"
"a3939863fb345d19dfea0cef3f2cb4a5","29",12,"19-25","Female","Graduate Degree","No","Prolific","1b39b36e7a6189897f2015f191953b9d","1","t-H_n-M","H","M","linear",12,"8",0,"Certain","Clustering"
"a3939863fb345d19dfea0cef3f2cb4a5","27",12,"19-25","Female","Graduate Degree","No","Prolific","b8efad9285426a191f979b32a5094198","2","t-H_n-E","H","E","linear",9,"9",1,"Certain","Different shape"
"a3939863fb345d19dfea0cef3f2cb4a5","7",12,"19-25","Female","Graduate Degree","No","Prolific","076f2d6385d635ea49402478f7e44cab","2","t-E_n-M","E","M","linear",14,"5",0,"Uncertain","Clustering"
"a3939863fb345d19dfea0cef3f2cb4a5","27",12,"19-25","Female","Graduate Degree","No","Prolific","b8efad9285426a191f979b32a5094198","2","t-H_n-E","H","E","linear",9,"5",0,"Neutral","Clustering"
"a3939863fb345d19dfea0cef3f2cb4a5","23",12,"19-25","Female","Graduate Degree","No","Prolific","70eebf16937fb9e77a3b806afe9aa528","2","t-M_n-H","M","H","linear",13,"15,16",0,"Neutral","Outlier(s)"
"a3939863fb345d19dfea0cef3f2cb4a5","16",12,"19-25","Female","Graduate Degree","No","Prolific","07f1a227ee4ee73124d6589fada210dc","2","t-M_n-E","M","E","log",10,"8",0,"Very Uncertain","Clustering"
"a3939863fb345d19dfea0cef3f2cb4a5","15",12,"19-25","Female","Graduate Degree","No","Prolific","07f1a227ee4ee73124d6589fada210dc","2","t-M_n-E","M","E","linear",10,"7",0,"Uncertain","Different slope"
"a3939863fb345d19dfea0cef3f2cb4a5","28",12,"19-25","Female","Graduate Degree","No","Prolific","b8efad9285426a191f979b32a5094198","2","t-H_n-E","H","E","log",9,"9",1,"Certain","Different shape"
"2b887d698ec63b1e871512c51e0c269e","24",12,"19-25","Female","High School or Less","Yes","Prolific","70eebf16937fb9e77a3b806afe9aa528","2","t-M_n-H","M","H","log",13,"2",0,"Neutral","Clustering"
"2b887d698ec63b1e871512c51e0c269e","30",12,"19-25","Female","High School or Less","Yes","Prolific","1b39b36e7a6189897f2015f191953b9d","1","t-H_n-M","H","M","log",12,"12",1,"Uncertain","Different slope"
"2b887d698ec63b1e871512c51e0c269e","8",12,"19-25","Female","High School or Less","Yes","Prolific","076f2d6385d635ea49402478f7e44cab","2","t-E_n-M","E","M","log",14,"14",1,"Certain","Clustering, Different range"
"2b887d698ec63b1e871512c51e0c269e","7",12,"19-25","Female","High School or Less","Yes","Prolific","076f2d6385d635ea49402478f7e44cab","2","t-E_n-M","E","M","linear",14,"14",1,"Neutral","Different range, Different slope"
"2b887d698ec63b1e871512c51e0c269e","29",12,"19-25","Female","High School or Less","Yes","Prolific","1b39b36e7a6189897f2015f191953b9d","1","t-H_n-M","H","M","linear",12,"12",1,"Neutral","Different range"
"2b887d698ec63b1e871512c51e0c269e","9",12,"19-25","Female","High School or Less","Yes","Prolific","8105c77bcc5d38d9b4e742f1b76de5fc","1","t-E_n-H","E","H","linear",15,"15",1,"Certain","Clustering, Different range"
"2b887d698ec63b1e871512c51e0c269e","10",12,"19-25","Female","High School or Less","Yes","Prolific","8105c77bcc5d38d9b4e742f1b76de5fc","1","t-E_n-H","E","H","log",15,"15",1,"Very Certain","Clustering, Different range"
"2b887d698ec63b1e871512c51e0c269e","27",12,"19-25","Female","High School or Less","Yes","Prolific","b8efad9285426a191f979b32a5094198","2","t-H_n-E","H","E","linear",9,"9",1,"Uncertain","Clustering, Different range"
"2b887d698ec63b1e871512c51e0c269e","23",12,"19-25","Female","High School or Less","Yes","Prolific","70eebf16937fb9e77a3b806afe9aa528","2","t-M_n-H","M","H","linear",13,"13",1,"Uncertain","Clustering, Different range"
"2b887d698ec63b1e871512c51e0c269e","16",12,"19-25","Female","High School or Less","Yes","Prolific","07f1a227ee4ee73124d6589fada210dc","2","t-M_n-E","M","E","log",10,"10",1,"Uncertain","Different range"
"2b887d698ec63b1e871512c51e0c269e","15",12,"19-25","Female","High School or Less","Yes","Prolific","07f1a227ee4ee73124d6589fada210dc","2","t-M_n-E","M","E","linear",10,"14",0,"Very Uncertain","Different shape"
"2b887d698ec63b1e871512c51e0c269e","28",12,"19-25","Female","High School or Less","Yes","Prolific","b8efad9285426a191f979b32a5094198","2","t-H_n-E","H","E","log",9,"9",1,"Neutral","Different range"
"865551c6f37ba49f04ad447c947003b0","25",12,"26-30","Female","Some Undergraduate Courses","Yes","Prolific","ee322d63db5869407801b2c6cd54c452","1","t-H_n-E","H","E","linear",1,"1",1,"Very Uncertain","Different slope"
"865551c6f37ba49f04ad447c947003b0","31",12,"26-30","Female","Some Undergraduate Courses","Yes","Prolific","914e02881a7432dc34831c5dff0477e0","2","t-H_n-M","H","M","linear",12,"6",0,"Neutral","Different shape"
"865551c6f37ba49f04ad447c947003b0","26",12,"26-30","Female","Some Undergraduate Courses","Yes","Prolific","ee322d63db5869407801b2c6cd54c452","1","t-H_n-E","H","E","log",1,"1",1,"Very Uncertain","Different shape"
"865551c6f37ba49f04ad447c947003b0","23",12,"26-30","Female","Some Undergraduate Courses","Yes","Prolific","70eebf16937fb9e77a3b806afe9aa528","2","t-M_n-H","M","H","linear",13,"13",1,"Very Uncertain","Different shape"
"865551c6f37ba49f04ad447c947003b0","10",12,"26-30","Female","Some Undergraduate Courses","Yes","Prolific","8105c77bcc5d38d9b4e742f1b76de5fc","1","t-E_n-H","E","H","log",15,"15",1,"Very Uncertain","Different shape"
"865551c6f37ba49f04ad447c947003b0","9",12,"26-30","Female","Some Undergraduate Courses","Yes","Prolific","8105c77bcc5d38d9b4e742f1b76de5fc","1","t-E_n-H","E","H","linear",15,"15",1,"Very Uncertain","Different range"
"865551c6f37ba49f04ad447c947003b0","8",12,"26-30","Female","Some Undergraduate Courses","Yes","Prolific","076f2d6385d635ea49402478f7e44cab","2","t-E_n-M","E","M","log",14,"14",1,"Very Uncertain","Different shape"
"865551c6f37ba49f04ad447c947003b0","13",12,"26-30","Female","Some Undergraduate Courses","Yes","Prolific","85c5c5a6ab4fdb3aaf06947e0b9d4483","1","t-M_n-E","M","E","linear",10,"8",0,"Neutral","Different shape"
"865551c6f37ba49f04ad447c947003b0","24",12,"26-30","Female","Some Undergraduate Courses","Yes","Prolific","70eebf16937fb9e77a3b806afe9aa528","2","t-M_n-H","M","H","log",13,"8",0,"Uncertain","Different shape"
"865551c6f37ba49f04ad447c947003b0","14",12,"26-30","Female","Some Undergraduate Courses","Yes","Prolific","85c5c5a6ab4fdb3aaf06947e0b9d4483","1","t-M_n-E","M","E","log",10,"14",0,"Uncertain","Different shape"
"865551c6f37ba49f04ad447c947003b0","32",12,"26-30","Female","Some Undergraduate Courses","Yes","Prolific","914e02881a7432dc34831c5dff0477e0","2","t-H_n-M","H","M","log",12,"12",1,"Very Uncertain","Different shape"
"865551c6f37ba49f04ad447c947003b0","7",12,"26-30","Female","Some Undergraduate Courses","Yes","Prolific","076f2d6385d635ea49402478f7e44cab","2","t-E_n-M","E","M","linear",14,"14",1,"Very Uncertain","Different shape, Different slope"
"e398d09fda62c8d02ceaa112e1b92b76","29",12,"19-25","Female","Some Undergraduate Courses","No","Prolific","1b39b36e7a6189897f2015f191953b9d","1","t-H_n-M","H","M","linear",12,"12",1,"Neutral","Different shape"
"e398d09fda62c8d02ceaa112e1b92b76","30",12,"19-25","Female","Some Undergraduate Courses","No","Prolific","1b39b36e7a6189897f2015f191953b9d","1","t-H_n-M","H","M","log",12,"10",0,"Certain","Clustering"
"e398d09fda62c8d02ceaa112e1b92b76","5",12,"19-25","Female","Some Undergraduate Courses","No","Prolific","9f2d96ab9212ba1d26f176b00e6eeec0","1","t-E_n-M","E","M","linear",12,"11",0,"Very Certain","Clustering"
"e398d09fda62c8d02ceaa112e1b92b76","6",12,"19-25","Female","Some Undergraduate Courses","No","Prolific","9f2d96ab9212ba1d26f176b00e6eeec0","1","t-E_n-M","E","M","log",12,"12",1,"Very Certain","Different slope"
"e398d09fda62c8d02ceaa112e1b92b76","13",12,"19-25","Female","Some Undergraduate Courses","No","Prolific","85c5c5a6ab4fdb3aaf06947e0b9d4483","1","t-M_n-E","M","E","linear",10,"8",0,"Certain","Clustering"
"e398d09fda62c8d02ceaa112e1b92b76","22",12,"19-25","Female","Some Undergraduate Courses","No","Prolific","17c70f64092db27a58faa6c255efd8ba","1","t-M_n-H","M","H","log",1,"1",1,"Certain","Different range"
"e398d09fda62c8d02ceaa112e1b92b76","14",12,"19-25","Female","Some Undergraduate Courses","No","Prolific","85c5c5a6ab4fdb3aaf06947e0b9d4483","1","t-M_n-E","M","E","log",10,"19",0,"Certain","Different shape"
"e398d09fda62c8d02ceaa112e1b92b76","21",12,"19-25","Female","Some Undergraduate Courses","No","Prolific","17c70f64092db27a58faa6c255efd8ba","1","t-M_n-H","M","H","linear",1,"1",1,"Certain","Different range"
"e398d09fda62c8d02ceaa112e1b92b76","25",12,"19-25","Female","Some Undergraduate Courses","No","Prolific","ee322d63db5869407801b2c6cd54c452","1","t-H_n-E","H","E","linear",1,"19",0,"Very Certain","Clustering"
"e398d09fda62c8d02ceaa112e1b92b76","10",12,"19-25","Female","Some Undergraduate Courses","No","Prolific","8105c77bcc5d38d9b4e742f1b76de5fc","1","t-E_n-H","E","H","log",15,"15",1,"Certain","Different slope"
"e398d09fda62c8d02ceaa112e1b92b76","9",12,"19-25","Female","Some Undergraduate Courses","No","Prolific","8105c77bcc5d38d9b4e742f1b76de5fc","1","t-E_n-H","E","H","linear",15,"15",1,"Very Certain","Different shape"
"e398d09fda62c8d02ceaa112e1b92b76","26",12,"19-25","Female","Some Undergraduate Courses","No","Prolific","ee322d63db5869407801b2c6cd54c452","1","t-H_n-E","H","E","log",1,"1",1,"Very Certain","Different slope"
"90626395c8c678ae200349a055d8b5cb","7",12,"26-30","Female","Undergraduate Degree","Yes","Prolific","076f2d6385d635ea49402478f7e44cab","2","t-E_n-M","E","M","linear",14,"5,14,12,16",1,"Certain","Different shape, Different slope"
"90626395c8c678ae200349a055d8b5cb","14",12,"26-30","Female","Undergraduate Degree","Yes","Prolific","85c5c5a6ab4fdb3aaf06947e0b9d4483","1","t-M_n-E","M","E","log",10,"10",1,"Very Certain","Different slope"
"90626395c8c678ae200349a055d8b5cb","12",12,"26-30","Female","Undergraduate Degree","Yes","Prolific","909f6bb4a0bbb8708bcc2d96c0b7052f","2","t-E_n-H","E","H","log",17,"17",1,"Very Certain","Different shape"
"90626395c8c678ae200349a055d8b5cb","11",12,"26-30","Female","Undergraduate Degree","Yes","Prolific","909f6bb4a0bbb8708bcc2d96c0b7052f","2","t-E_n-H","E","H","linear",17,"17",1,"Very Certain","Different slope"
"90626395c8c678ae200349a055d8b5cb","27",12,"26-30","Female","Undergraduate Degree","Yes","Prolific","b8efad9285426a191f979b32a5094198","2","t-H_n-E","H","E","linear",9,"9",1,"Very Certain","Different slope"
"90626395c8c678ae200349a055d8b5cb","24",12,"26-30","Female","Undergraduate Degree","Yes","Prolific","70eebf16937fb9e77a3b806afe9aa528","2","t-M_n-H","M","H","log",13,"13",1,"Certain","Different shape"
"90626395c8c678ae200349a055d8b5cb","28",12,"26-30","Female","Undergraduate Degree","Yes","Prolific","b8efad9285426a191f979b32a5094198","2","t-H_n-E","H","E","log",9,"9",1,"Certain","Different shape"
"90626395c8c678ae200349a055d8b5cb","8",12,"26-30","Female","Undergraduate Degree","Yes","Prolific","076f2d6385d635ea49402478f7e44cab","2","t-E_n-M","E","M","log",14,"14",1,"Certain","Different slope"
"90626395c8c678ae200349a055d8b5cb","32",12,"26-30","Female","Undergraduate Degree","Yes","Prolific","914e02881a7432dc34831c5dff0477e0","2","t-H_n-M","H","M","log",12,"12",1,"Very Certain","Different shape"
"90626395c8c678ae200349a055d8b5cb","31",12,"26-30","Female","Undergraduate Degree","Yes","Prolific","914e02881a7432dc34831c5dff0477e0","2","t-H_n-M","H","M","linear",12,"7",0,"Certain","Different slope"
"90626395c8c678ae200349a055d8b5cb","13",12,"26-30","Female","Undergraduate Degree","Yes","Prolific","85c5c5a6ab4fdb3aaf06947e0b9d4483","1","t-M_n-E","M","E","linear",10,"19",0,"Certain","Different range"
"90626395c8c678ae200349a055d8b5cb","23",12,"26-30","Female","Undergraduate Degree","Yes","Prolific","70eebf16937fb9e77a3b806afe9aa528","2","t-M_n-H","M","H","linear",13,"20",0,"Neutral","Different shape"
"efea89833e95137111a07f2262c4b223","27",12,"19-25","Female","Graduate Degree","No","Prolific","b8efad9285426a191f979b32a5094198","2","t-H_n-E","H","E","linear",9,"9",1,"Uncertain","Different shape"
"efea89833e95137111a07f2262c4b223","13",12,"19-25","Female","Graduate Degree","No","Prolific","85c5c5a6ab4fdb3aaf06947e0b9d4483","1","t-M_n-E","M","E","linear",10,"11",0,"Very Uncertain","Clustering"
"efea89833e95137111a07f2262c4b223","31",12,"19-25","Female","Graduate Degree","No","Prolific","914e02881a7432dc34831c5dff0477e0","2","t-H_n-M","H","M","linear",12,"12",1,"Very Uncertain","Different shape"
"efea89833e95137111a07f2262c4b223","9",12,"19-25","Female","Graduate Degree","No","Prolific","8105c77bcc5d38d9b4e742f1b76de5fc","1","t-E_n-H","E","H","linear",15,"15",1,"Very Uncertain","Outlier(s)"
"efea89833e95137111a07f2262c4b223","25",12,"19-25","Female","Graduate Degree","No","Prolific","ee322d63db5869407801b2c6cd54c452","1","t-H_n-E","H","E","linear",1,"19",0,"Very Uncertain","Outlier(s)"
"efea89833e95137111a07f2262c4b223","32",12,"19-25","Female","Graduate Degree","No","Prolific","914e02881a7432dc34831c5dff0477e0","2","t-H_n-M","H","M","log",12,"12",1,"Uncertain","Different shape"
"efea89833e95137111a07f2262c4b223","8",12,"19-25","Female","Graduate Degree","No","Prolific","076f2d6385d635ea49402478f7e44cab","2","t-E_n-M","E","M","log",14,"14",1,"Very Uncertain","Different shape"
"efea89833e95137111a07f2262c4b223","7",12,"19-25","Female","Graduate Degree","No","Prolific","076f2d6385d635ea49402478f7e44cab","2","t-E_n-M","E","M","linear",14,"14",1,"Very Uncertain","Different shape"
"efea89833e95137111a07f2262c4b223","26",12,"19-25","Female","Graduate Degree","No","Prolific","ee322d63db5869407801b2c6cd54c452","1","t-H_n-E","H","E","log",1,"1",1,"Very Uncertain","Different shape"
"efea89833e95137111a07f2262c4b223","23",12,"19-25","Female","Graduate Degree","No","Prolific","70eebf16937fb9e77a3b806afe9aa528","2","t-M_n-H","M","H","linear",13,"13",1,"Very Uncertain","Outlier(s)"
"efea89833e95137111a07f2262c4b223","24",12,"19-25","Female","Graduate Degree","No","Prolific","70eebf16937fb9e77a3b806afe9aa528","2","t-M_n-H","M","H","log",13,"2",0,"Very Uncertain","Different slope"
"efea89833e95137111a07f2262c4b223","10",12,"19-25","Female","Graduate Degree","No","Prolific","8105c77bcc5d38d9b4e742f1b76de5fc","1","t-E_n-H","E","H","log",15,"15",1,"Very Uncertain","Different shape"
"ce0c315f8753672915721dd18c397795","14",12,"31-35","Female","Graduate Degree","Yes","Prolific","85c5c5a6ab4fdb3aaf06947e0b9d4483","1","t-M_n-E","M","E","log",10,"3",0,"Certain","Different range, Other, "
"ce0c315f8753672915721dd18c397795","13",12,"31-35","Female","Graduate Degree","Yes","Prolific","85c5c5a6ab4fdb3aaf06947e0b9d4483","1","t-M_n-E","M","E","linear",10,"17",0,"Certain","Different slope"
"ce0c315f8753672915721dd18c397795","31",12,"31-35","Female","Graduate Degree","Yes","Prolific","914e02881a7432dc34831c5dff0477e0","2","t-H_n-M","H","M","linear",12,"3",0,"Certain","Different range"
"ce0c315f8753672915721dd18c397795","11",12,"31-35","Female","Graduate Degree","Yes","Prolific","909f6bb4a0bbb8708bcc2d96c0b7052f","2","t-E_n-H","E","H","linear",17,"17",1,"Certain","Clustering"
"ce0c315f8753672915721dd18c397795","25",12,"31-35","Female","Graduate Degree","Yes","Prolific","ee322d63db5869407801b2c6cd54c452","1","t-H_n-E","H","E","linear",1,"1",1,"Certain","Different slope"
"ce0c315f8753672915721dd18c397795","12",12,"31-35","Female","Graduate Degree","Yes","Prolific","909f6bb4a0bbb8708bcc2d96c0b7052f","2","t-E_n-H","E","H","log",17,"17",1,"Certain","Different shape"
"ce0c315f8753672915721dd18c397795","13",12,"31-35","Female","Graduate Degree","Yes","Prolific","85c5c5a6ab4fdb3aaf06947e0b9d4483","1","t-M_n-E","M","E","linear",10,"5",0,"Certain","Different shape"
"ce0c315f8753672915721dd18c397795","10",12,"31-35","Female","Graduate Degree","Yes","Prolific","8105c77bcc5d38d9b4e742f1b76de5fc","1","t-E_n-H","E","H","log",15,"15",1,"Certain","Different slope"
"ce0c315f8753672915721dd18c397795","15",12,"31-35","Female","Graduate Degree","Yes","Prolific","07f1a227ee4ee73124d6589fada210dc","2","t-M_n-E","M","E","linear",10,"20",0,"Certain","Clustering"
"ce0c315f8753672915721dd18c397795","31",12,"31-35","Female","Graduate Degree","Yes","Prolific","914e02881a7432dc34831c5dff0477e0","2","t-H_n-M","H","M","linear",12,"3",0,"Certain","Clustering"
"ce0c315f8753672915721dd18c397795","25",12,"31-35","Female","Graduate Degree","Yes","Prolific","ee322d63db5869407801b2c6cd54c452","1","t-H_n-E","H","E","linear",1,"1",1,"Certain","Different slope"
"ce0c315f8753672915721dd18c397795","24",12,"31-35","Female","Graduate Degree","Yes","Prolific","70eebf16937fb9e77a3b806afe9aa528","2","t-M_n-H","M","H","log",13,"13",1,"Certain","Outlier(s)"
"79050a1e37f7b0e9ed1f69da523b1950","14",12,"19-25","Female","Graduate Degree","Yes","Prolific","85c5c5a6ab4fdb3aaf06947e0b9d4483","1","t-M_n-E","M","E","log",10,"3",0,"Very Certain","Different shape"
"79050a1e37f7b0e9ed1f69da523b1950","13",12,"19-25","Female","Graduate Degree","Yes","Prolific","85c5c5a6ab4fdb3aaf06947e0b9d4483","1","t-M_n-E","M","E","linear",10,"1",0,"Neutral","Clustering"
"79050a1e37f7b0e9ed1f69da523b1950","31",12,"19-25","Female","Graduate Degree","Yes","Prolific","914e02881a7432dc34831c5dff0477e0","2","t-H_n-M","H","M","linear",12,"20",0,"Certain","Different shape"
"79050a1e37f7b0e9ed1f69da523b1950","9",12,"19-25","Female","Graduate Degree","Yes","Prolific","8105c77bcc5d38d9b4e742f1b76de5fc","1","t-E_n-H","E","H","linear",15,"15",1,"Certain","Clustering"
"79050a1e37f7b0e9ed1f69da523b1950","25",12,"19-25","Female","Graduate Degree","Yes","Prolific","ee322d63db5869407801b2c6cd54c452","1","t-H_n-E","H","E","linear",1,"19",0,"Certain","Different slope, Outlier(s)"
"79050a1e37f7b0e9ed1f69da523b1950","32",12,"19-25","Female","Graduate Degree","Yes","Prolific","914e02881a7432dc34831c5dff0477e0","2","t-H_n-M","H","M","log",12,"3",0,"Neutral","Clustering"
"79050a1e37f7b0e9ed1f69da523b1950","8",12,"19-25","Female","Graduate Degree","Yes","Prolific","076f2d6385d635ea49402478f7e44cab","2","t-E_n-M","E","M","log",14,"14",1,"Certain","Different shape, Outlier(s)"
"79050a1e37f7b0e9ed1f69da523b1950","7",12,"19-25","Female","Graduate Degree","Yes","Prolific","076f2d6385d635ea49402478f7e44cab","2","t-E_n-M","E","M","linear",14,"14",1,"Certain","Clustering, Different shape, Different slope"
"79050a1e37f7b0e9ed1f69da523b1950","26",12,"19-25","Female","Graduate Degree","Yes","Prolific","ee322d63db5869407801b2c6cd54c452","1","t-H_n-E","H","E","log",1,"3",0,"Neutral","Different slope"
"79050a1e37f7b0e9ed1f69da523b1950","23",12,"19-25","Female","Graduate Degree","Yes","Prolific","70eebf16937fb9e77a3b806afe9aa528","2","t-M_n-H","M","H","linear",13,"9",0,"Certain","Clustering, Outlier(s)"
"79050a1e37f7b0e9ed1f69da523b1950","8",12,"19-25","Female","Graduate Degree","Yes","Prolific","076f2d6385d635ea49402478f7e44cab","2","t-E_n-M","E","M","log",14,"14",1,"Certain","Different slope"
"79050a1e37f7b0e9ed1f69da523b1950","22",12,"19-25","Female","Graduate Degree","Yes","Prolific","17c70f64092db27a58faa6c255efd8ba","1","t-M_n-H","M","H","log",1,"1",1,"Neutral","Different slope"
"75ff22f9baf6e6ab7002acde7366b026","14",13,"26-30","Male","Some Undergraduate Courses","Yes","Prolific","85c5c5a6ab4fdb3aaf06947e0b9d4483","1","t-M_n-E","M","E","log",10,"10",1,"Certain","Different shape"
"75ff22f9baf6e6ab7002acde7366b026","13",13,"26-30","Male","Some Undergraduate Courses","Yes","Prolific","85c5c5a6ab4fdb3aaf06947e0b9d4483","1","t-M_n-E","M","E","linear",10,"11",0,"Certain","Different range"
"75ff22f9baf6e6ab7002acde7366b026","31",13,"26-30","Male","Some Undergraduate Courses","Yes","Prolific","914e02881a7432dc34831c5dff0477e0","2","t-H_n-M","H","M","linear",12,"4",0,"Neutral","Different range"
"75ff22f9baf6e6ab7002acde7366b026","11",13,"26-30","Male","Some Undergraduate Courses","Yes","Prolific","909f6bb4a0bbb8708bcc2d96c0b7052f","2","t-E_n-H","E","H","linear",17,"17",1,"Very Certain","Different shape"
"75ff22f9baf6e6ab7002acde7366b026","25",13,"26-30","Male","Some Undergraduate Courses","Yes","Prolific","ee322d63db5869407801b2c6cd54c452","1","t-H_n-E","H","E","linear",1,"1",1,"Very Certain","Different slope"
"75ff22f9baf6e6ab7002acde7366b026","12",13,"26-30","Male","Some Undergraduate Courses","Yes","Prolific","909f6bb4a0bbb8708bcc2d96c0b7052f","2","t-E_n-H","E","H","log",17,"17",1,"Very Certain","Different shape"
"75ff22f9baf6e6ab7002acde7366b026","13",13,"26-30","Male","Some Undergraduate Courses","Yes","Prolific","85c5c5a6ab4fdb3aaf06947e0b9d4483","1","t-M_n-E","M","E","linear",10,"19",0,"Certain","Different range"
"75ff22f9baf6e6ab7002acde7366b026","23",13,"26-30","Male","Some Undergraduate Courses","Yes","Prolific","70eebf16937fb9e77a3b806afe9aa528","2","t-M_n-H","M","H","linear",13,"13",1,"Certain","Different range"
"75ff22f9baf6e6ab7002acde7366b026","15",13,"26-30","Male","Some Undergraduate Courses","Yes","Prolific","07f1a227ee4ee73124d6589fada210dc","2","t-M_n-E","M","E","linear",10,"14",0,"Uncertain","Different range"
"75ff22f9baf6e6ab7002acde7366b026","31",13,"26-30","Male","Some Undergraduate Courses","Yes","Prolific","914e02881a7432dc34831c5dff0477e0","2","t-H_n-M","H","M","linear",12,"8",0,"Certain","Different shape"
"75ff22f9baf6e6ab7002acde7366b026","25",13,"26-30","Male","Some Undergraduate Courses","Yes","Prolific","ee322d63db5869407801b2c6cd54c452","1","t-H_n-E","H","E","linear",1,"1",1,"Very Certain","Different slope"
"75ff22f9baf6e6ab7002acde7366b026","32",13,"26-30","Male","Some Undergraduate Courses","Yes","Prolific","914e02881a7432dc34831c5dff0477e0","2","t-H_n-M","H","M","log",12,"12",1,"Certain","Different shape"
"75ff22f9baf6e6ab7002acde7366b026","23",13,"26-30","Male","Some Undergraduate Courses","Yes","Prolific","70eebf16937fb9e77a3b806afe9aa528","2","t-M_n-H","M","H","linear",13,"13",1,"Certain","Different shape"
"85153a0d6596be0460d1fd8d5a18bd1b","7",13,"41-45","Female","Graduate Degree","Yes","Prolific","076f2d6385d635ea49402478f7e44cab","2","t-E_n-M","E","M","linear",14,"14",1,"Certain","Different slope"
"85153a0d6596be0460d1fd8d5a18bd1b","10",13,"41-45","Female","Graduate Degree","Yes","Prolific","8105c77bcc5d38d9b4e742f1b76de5fc","1","t-E_n-H","E","H","log",15,"15",1,"Very Certain","Different shape"
"85153a0d6596be0460d1fd8d5a18bd1b","26",13,"41-45","Female","Graduate Degree","Yes","Prolific","ee322d63db5869407801b2c6cd54c452","1","t-H_n-E","H","E","log",1,"1",1,"Very Certain","Different shape"
"85153a0d6596be0460d1fd8d5a18bd1b","16",13,"41-45","Female","Graduate Degree","Yes","Prolific","07f1a227ee4ee73124d6589fada210dc","2","t-M_n-E","M","E","log",10,"10",1,"Very Certain","Different shape"
"85153a0d6596be0460d1fd8d5a18bd1b","28",13,"41-45","Female","Graduate Degree","Yes","Prolific","b8efad9285426a191f979b32a5094198","2","t-H_n-E","H","E","log",9,"9",1,"Very Certain","Different shape"
"85153a0d6596be0460d1fd8d5a18bd1b","29",13,"41-45","Female","Graduate Degree","Yes","Prolific","1b39b36e7a6189897f2015f191953b9d","1","t-H_n-M","H","M","linear",12,"8",0,"Certain","Different slope"
"85153a0d6596be0460d1fd8d5a18bd1b","27",13,"41-45","Female","Graduate Degree","Yes","Prolific","b8efad9285426a191f979b32a5094198","2","t-H_n-E","H","E","linear",9,"5",0,"Neutral","Different slope"
"85153a0d6596be0460d1fd8d5a18bd1b","5",13,"41-45","Female","Graduate Degree","Yes","Prolific","9f2d96ab9212ba1d26f176b00e6eeec0","1","t-E_n-M","E","M","linear",12,"1",0,"Neutral","Different slope"
"85153a0d6596be0460d1fd8d5a18bd1b","14",13,"41-45","Female","Graduate Degree","Yes","Prolific","85c5c5a6ab4fdb3aaf06947e0b9d4483","1","t-M_n-E","M","E","log",10,"10",1,"Certain","Different shape"
"85153a0d6596be0460d1fd8d5a18bd1b","12",13,"41-45","Female","Graduate Degree","Yes","Prolific","909f6bb4a0bbb8708bcc2d96c0b7052f","2","t-E_n-H","E","H","log",17,"17",1,"Very Certain","Different shape"
"85153a0d6596be0460d1fd8d5a18bd1b","11",13,"41-45","Female","Graduate Degree","Yes","Prolific","909f6bb4a0bbb8708bcc2d96c0b7052f","2","t-E_n-H","E","H","linear",17,"17",1,"Neutral","Different shape, Different slope"
"85153a0d6596be0460d1fd8d5a18bd1b","11",13,"41-45","Female","Graduate Degree","Yes","Prolific","909f6bb4a0bbb8708bcc2d96c0b7052f","2","t-E_n-H","E","H","linear",17,"17",1,"Certain","Different shape, Different slope"
"85153a0d6596be0460d1fd8d5a18bd1b","27",13,"41-45","Female","Graduate Degree","Yes","Prolific","b8efad9285426a191f979b32a5094198","2","t-H_n-E","H","E","linear",9,"5",0,"Neutral","Different slope"
"db4e9c850a8ab72800ff9f9ccffb50d5","13",11,"26-30","Male","Graduate Degree","Yes","Prolific","85c5c5a6ab4fdb3aaf06947e0b9d4483","1","t-M_n-E","M","E","linear",10,"16",0,"Neutral","Different slope"
"db4e9c850a8ab72800ff9f9ccffb50d5","30",11,"26-30","Male","Graduate Degree","Yes","Prolific","1b39b36e7a6189897f2015f191953b9d","1","t-H_n-M","H","M","log",12,"12",1,"Neutral","Different slope"
"db4e9c850a8ab72800ff9f9ccffb50d5","23",11,"26-30","Male","Graduate Degree","Yes","Prolific","70eebf16937fb9e77a3b806afe9aa528","2","t-M_n-H","M","H","linear",13,"13",1,"Neutral","Different slope"
"db4e9c850a8ab72800ff9f9ccffb50d5","13",11,"26-30","Male","Graduate Degree","Yes","Prolific","85c5c5a6ab4fdb3aaf06947e0b9d4483","1","t-M_n-E","M","E","linear",10,"11",0,"Uncertain","Outlier(s)"
"db4e9c850a8ab72800ff9f9ccffb50d5","6",11,"26-30","Male","Graduate Degree","Yes","Prolific","9f2d96ab9212ba1d26f176b00e6eeec0","1","t-E_n-M","E","M","log",12,"12",1,"Neutral","Different slope"
"db4e9c850a8ab72800ff9f9ccffb50d5","29",11,"26-30","Male","Graduate Degree","Yes","Prolific","1b39b36e7a6189897f2015f191953b9d","1","t-H_n-M","H","M","linear",12,"12",1,"Neutral","Different slope"
"db4e9c850a8ab72800ff9f9ccffb50d5","22",11,"26-30","Male","Graduate Degree","Yes","Prolific","17c70f64092db27a58faa6c255efd8ba","1","t-M_n-H","M","H","log",1,"1",1,"Certain","Clustering, Different slope"
"db4e9c850a8ab72800ff9f9ccffb50d5","21",11,"26-30","Male","Graduate Degree","Yes","Prolific","17c70f64092db27a58faa6c255efd8ba","1","t-M_n-H","M","H","linear",1,"10",0,"Neutral","Clustering"
"db4e9c850a8ab72800ff9f9ccffb50d5","28",11,"26-30","Male","Graduate Degree","Yes","Prolific","b8efad9285426a191f979b32a5094198","2","t-H_n-E","H","E","log",9,"9",1,"Neutral","Different shape"
"db4e9c850a8ab72800ff9f9ccffb50d5","11",11,"26-30","Male","Graduate Degree","Yes","Prolific","909f6bb4a0bbb8708bcc2d96c0b7052f","2","t-E_n-H","E","H","linear",17,"17",1,"Certain","Different slope"
"db4e9c850a8ab72800ff9f9ccffb50d5","27",11,"26-30","Male","Graduate Degree","Yes","Prolific","b8efad9285426a191f979b32a5094198","2","t-H_n-E","H","E","linear",9,"9",1,"Uncertain","Different slope"
"a154f6e2ef78d7854513dc56d41049ae","30",13,"19-25","Female","Undergraduate Degree","Yes","Prolific","1b39b36e7a6189897f2015f191953b9d","1","t-H_n-M","H","M","log",12,"15,12",1,"Certain","Clustering, Different shape"
"a154f6e2ef78d7854513dc56d41049ae","14",13,"19-25","Female","Undergraduate Degree","Yes","Prolific","85c5c5a6ab4fdb3aaf06947e0b9d4483","1","t-M_n-E","M","E","log",10,"10",1,"Certain","Clustering, Different range, Different slope"
"a154f6e2ef78d7854513dc56d41049ae","12",13,"19-25","Female","Undergraduate Degree","Yes","Prolific","909f6bb4a0bbb8708bcc2d96c0b7052f","2","t-E_n-H","E","H","log",17,"17",1,"Very Certain","Different range, Different shape, Different slope"
"a154f6e2ef78d7854513dc56d41049ae","5",13,"19-25","Female","Undergraduate Degree","Yes","Prolific","9f2d96ab9212ba1d26f176b00e6eeec0","1","t-E_n-M","E","M","linear",12,"8",0,"Neutral","Clustering, Outlier(s)"
"a154f6e2ef78d7854513dc56d41049ae","13",13,"19-25","Female","Undergraduate Degree","Yes","Prolific","85c5c5a6ab4fdb3aaf06947e0b9d4483","1","t-M_n-E","M","E","linear",10,"19,16",0,"Neutral","Clustering, Different range, Different slope"
"a154f6e2ef78d7854513dc56d41049ae","6",13,"19-25","Female","Undergraduate Degree","Yes","Prolific","9f2d96ab9212ba1d26f176b00e6eeec0","1","t-E_n-M","E","M","log",12,"12",1,"Very Certain","Different shape, Different slope"
"a154f6e2ef78d7854513dc56d41049ae","29",13,"19-25","Female","Undergraduate Degree","Yes","Prolific","1b39b36e7a6189897f2015f191953b9d","1","t-H_n-M","H","M","linear",12,"12",1,"Very Certain","Different range, Different shape"
"a154f6e2ef78d7854513dc56d41049ae","22",13,"19-25","Female","Undergraduate Degree","Yes","Prolific","17c70f64092db27a58faa6c255efd8ba","1","t-M_n-H","M","H","log",1,"1",1,"Certain","Different shape, Different slope"
"a154f6e2ef78d7854513dc56d41049ae","21",13,"19-25","Female","Undergraduate Degree","Yes","Prolific","17c70f64092db27a58faa6c255efd8ba","1","t-M_n-H","M","H","linear",1,"1",1,"Neutral","Clustering"
"a154f6e2ef78d7854513dc56d41049ae","6",13,"19-25","Female","Undergraduate Degree","Yes","Prolific","9f2d96ab9212ba1d26f176b00e6eeec0","1","t-E_n-M","E","M","log",12,"12",1,"Very Certain","Different range, Different shape, Different slope"
"a154f6e2ef78d7854513dc56d41049ae","21",13,"19-25","Female","Undergraduate Degree","Yes","Prolific","17c70f64092db27a58faa6c255efd8ba","1","t-M_n-H","M","H","linear",1,"1",1,"Certain","Different shape, Different slope, Outlier(s)"
"a154f6e2ef78d7854513dc56d41049ae","26",13,"19-25","Female","Undergraduate Degree","Yes","Prolific","ee322d63db5869407801b2c6cd54c452","1","t-H_n-E","H","E","log",1,"1",1,"Very Certain","Different shape, Different slope, Outlier(s)"
"a154f6e2ef78d7854513dc56d41049ae","9",13,"19-25","Female","Undergraduate Degree","Yes","Prolific","8105c77bcc5d38d9b4e742f1b76de5fc","1","t-E_n-H","E","H","linear",15,"15",1,"Very Certain","Different shape, Different slope, Outlier(s)"
"0772bb5fa01b06062a427a9317c5017f","22",12,"26-30","Male","Undergraduate Degree","Yes","Prolific","17c70f64092db27a58faa6c255efd8ba","1","t-M_n-H","M","H","log",1,"10",0,"Certain","Different range"
"0772bb5fa01b06062a427a9317c5017f","12",12,"26-30","Male","Undergraduate Degree","Yes","Prolific","909f6bb4a0bbb8708bcc2d96c0b7052f","2","t-E_n-H","E","H","log",17,"17",1,"Very Certain","Different slope"
"0772bb5fa01b06062a427a9317c5017f","8",12,"26-30","Male","Undergraduate Degree","Yes","Prolific","076f2d6385d635ea49402478f7e44cab","2","t-E_n-M","E","M","log",14,"14",1,"Certain","Different slope"
"0772bb5fa01b06062a427a9317c5017f","29",12,"26-30","Male","Undergraduate Degree","Yes","Prolific","1b39b36e7a6189897f2015f191953b9d","1","t-H_n-M","H","M","linear",12,"8",0,"Certain","Different range"
"0772bb5fa01b06062a427a9317c5017f","30",12,"26-30","Male","Undergraduate Degree","Yes","Prolific","1b39b36e7a6189897f2015f191953b9d","1","t-H_n-M","H","M","log",12,"14",0,"Certain","Different range"
"0772bb5fa01b06062a427a9317c5017f","15",12,"26-30","Male","Undergraduate Degree","Yes","Prolific","07f1a227ee4ee73124d6589fada210dc","2","t-M_n-E","M","E","linear",10,"14",0,"Certain","Different shape"
"0772bb5fa01b06062a427a9317c5017f","27",12,"26-30","Male","Undergraduate Degree","Yes","Prolific","b8efad9285426a191f979b32a5094198","2","t-H_n-E","H","E","linear",9,"5",0,"Very Certain","Different range"
"0772bb5fa01b06062a427a9317c5017f","21",12,"26-30","Male","Undergraduate Degree","Yes","Prolific","17c70f64092db27a58faa6c255efd8ba","1","t-M_n-H","M","H","linear",1,"10",0,"Certain","Different shape"
"0772bb5fa01b06062a427a9317c5017f","11",12,"26-30","Male","Undergraduate Degree","Yes","Prolific","909f6bb4a0bbb8708bcc2d96c0b7052f","2","t-E_n-H","E","H","linear",17,"17",1,"Very Certain","Different slope"
"0772bb5fa01b06062a427a9317c5017f","7",12,"26-30","Male","Undergraduate Degree","Yes","Prolific","076f2d6385d635ea49402478f7e44cab","2","t-E_n-M","E","M","linear",14,"18",0,"Very Certain","Different shape"
"0772bb5fa01b06062a427a9317c5017f","16",12,"26-30","Male","Undergraduate Degree","Yes","Prolific","07f1a227ee4ee73124d6589fada210dc","2","t-M_n-E","M","E","log",10,"13",0,"Very Certain","Different slope"
"0772bb5fa01b06062a427a9317c5017f","28",12,"26-30","Male","Undergraduate Degree","Yes","Prolific","b8efad9285426a191f979b32a5094198","2","t-H_n-E","H","E","log",9,"9",1,"Very Certain","Different slope"
"1a0df80fbea89a0c08d93e3b44cf6762","26",12,"31-35","Female","Graduate Degree","Yes","Prolific","ee322d63db5869407801b2c6cd54c452","1","t-H_n-E","H","E","log",1,"2",0,"Neutral","Other, "
"1a0df80fbea89a0c08d93e3b44cf6762","10",12,"31-35","Female","Graduate Degree","Yes","Prolific","8105c77bcc5d38d9b4e742f1b76de5fc","1","t-E_n-H","E","H","log",15,"1",0,"Very Uncertain","Clustering"
"1a0df80fbea89a0c08d93e3b44cf6762","21",12,"31-35","Female","Graduate Degree","Yes","Prolific","17c70f64092db27a58faa6c255efd8ba","1","t-M_n-H","M","H","linear",1,"1",1,"Very Uncertain","Clustering"
"1a0df80fbea89a0c08d93e3b44cf6762","22",12,"31-35","Female","Graduate Degree","Yes","Prolific","17c70f64092db27a58faa6c255efd8ba","1","t-M_n-H","M","H","log",1,"1",1,"Very Uncertain","Clustering"
"1a0df80fbea89a0c08d93e3b44cf6762","15",12,"31-35","Female","Graduate Degree","Yes","Prolific","07f1a227ee4ee73124d6589fada210dc","2","t-M_n-E","M","E","linear",10,"1",0,"Very Uncertain","Clustering"
"1a0df80fbea89a0c08d93e3b44cf6762","6",12,"31-35","Female","Graduate Degree","Yes","Prolific","9f2d96ab9212ba1d26f176b00e6eeec0","1","t-E_n-M","E","M","log",12,"1",0,"Very Uncertain","Clustering"
"1a0df80fbea89a0c08d93e3b44cf6762","5",12,"31-35","Female","Graduate Degree","Yes","Prolific","9f2d96ab9212ba1d26f176b00e6eeec0","1","t-E_n-M","E","M","linear",12,"1",0,"Very Uncertain","Clustering"
"1a0df80fbea89a0c08d93e3b44cf6762","29",12,"31-35","Female","Graduate Degree","Yes","Prolific","1b39b36e7a6189897f2015f191953b9d","1","t-H_n-M","H","M","linear",12,"1",0,"Very Uncertain","Clustering"
"1a0df80fbea89a0c08d93e3b44cf6762","9",12,"31-35","Female","Graduate Degree","Yes","Prolific","8105c77bcc5d38d9b4e742f1b76de5fc","1","t-E_n-H","E","H","linear",15,"1",0,"Very Uncertain","Clustering"
"1a0df80fbea89a0c08d93e3b44cf6762","16",12,"31-35","Female","Graduate Degree","Yes","Prolific","07f1a227ee4ee73124d6589fada210dc","2","t-M_n-E","M","E","log",10,"1",0,"Very Uncertain","Clustering"
"1a0df80fbea89a0c08d93e3b44cf6762","30",12,"31-35","Female","Graduate Degree","Yes","Prolific","1b39b36e7a6189897f2015f191953b9d","1","t-H_n-M","H","M","log",12,"1",0,"Very Uncertain","Clustering"
"1a0df80fbea89a0c08d93e3b44cf6762","25",12,"31-35","Female","Graduate Degree","Yes","Prolific","ee322d63db5869407801b2c6cd54c452","1","t-H_n-E","H","E","linear",1,"1",1,"Very Uncertain","Clustering"
"1a0df80fbea89a0c08d93e3b44cf6762","22",12,"31-35","Female","Graduate Degree","Yes","Prolific","17c70f64092db27a58faa6c255efd8ba","1","t-M_n-H","M","H","log",1,"1",1,"Very Uncertain","Clustering"
"1a0df80fbea89a0c08d93e3b44cf6762","29",12,"31-35","Female","Graduate Degree","Yes","Prolific","1b39b36e7a6189897f2015f191953b9d","1","t-H_n-M","H","M","linear",12,"1",0,"Very Uncertain","Clustering"
"1a0df80fbea89a0c08d93e3b44cf6762","21",12,"31-35","Female","Graduate Degree","Yes","Prolific","17c70f64092db27a58faa6c255efd8ba","1","t-M_n-H","M","H","linear",1,"1",1,"Very Uncertain","Clustering"
"1a0df80fbea89a0c08d93e3b44cf6762","10",12,"31-35","Female","Graduate Degree","Yes","Prolific","8105c77bcc5d38d9b4e742f1b76de5fc","1","t-E_n-H","E","H","log",15,"1",0,"Very Uncertain","Clustering"
"1a0df80fbea89a0c08d93e3b44cf6762","6",12,"31-35","Female","Graduate Degree","Yes","Prolific","9f2d96ab9212ba1d26f176b00e6eeec0","1","t-E_n-M","E","M","log",12,"1",0,"Very Uncertain","Clustering"
"1a0df80fbea89a0c08d93e3b44cf6762","28",12,"31-35","Female","Graduate Degree","Yes","Prolific","b8efad9285426a191f979b32a5094198","2","t-H_n-E","H","E","log",9,"1",0,"Very Uncertain","Clustering"
"1a0df80fbea89a0c08d93e3b44cf6762","5",12,"31-35","Female","Graduate Degree","Yes","Prolific","9f2d96ab9212ba1d26f176b00e6eeec0","1","t-E_n-M","E","M","linear",12,"1",0,"Very Uncertain","Clustering"
"1a0df80fbea89a0c08d93e3b44cf6762","13",12,"31-35","Female","Graduate Degree","Yes","Prolific","85c5c5a6ab4fdb3aaf06947e0b9d4483","1","t-M_n-E","M","E","linear",10,"1",0,"Very Uncertain","Clustering"
"1a0df80fbea89a0c08d93e3b44cf6762","9",12,"31-35","Female","Graduate Degree","Yes","Prolific","8105c77bcc5d38d9b4e742f1b76de5fc","1","t-E_n-H","E","H","linear",15,"1",0,"Very Uncertain","Clustering"
"1a0df80fbea89a0c08d93e3b44cf6762","27",12,"31-35","Female","Graduate Degree","Yes","Prolific","b8efad9285426a191f979b32a5094198","2","t-H_n-E","H","E","linear",9,"1",0,"Very Uncertain","Clustering"
"1a0df80fbea89a0c08d93e3b44cf6762","14",12,"31-35","Female","Graduate Degree","Yes","Prolific","85c5c5a6ab4fdb3aaf06947e0b9d4483","1","t-M_n-E","M","E","log",10,"1",0,"Very Uncertain","Clustering"
"1a0df80fbea89a0c08d93e3b44cf6762","30",12,"31-35","Female","Graduate Degree","Yes","Prolific","1b39b36e7a6189897f2015f191953b9d","1","t-H_n-M","H","M","log",12,"1",0,"Very Uncertain","Clustering"
"1a0df80fbea89a0c08d93e3b44cf6762","5",12,"31-35","Female","Graduate Degree","Yes","Prolific","9f2d96ab9212ba1d26f176b00e6eeec0","1","t-E_n-M","E","M","linear",12,"1",0,"Very Uncertain","Clustering"
"1a0df80fbea89a0c08d93e3b44cf6762","22",12,"31-35","Female","Graduate Degree","Yes","Prolific","17c70f64092db27a58faa6c255efd8ba","1","t-M_n-H","M","H","log",1,"1",1,"Very Uncertain","Clustering"
"1a0df80fbea89a0c08d93e3b44cf6762","25",12,"31-35","Female","Graduate Degree","Yes","Prolific","ee322d63db5869407801b2c6cd54c452","1","t-H_n-E","H","E","linear",1,"1",1,"Very Uncertain","Clustering"
"1a0df80fbea89a0c08d93e3b44cf6762","21",12,"31-35","Female","Graduate Degree","Yes","Prolific","17c70f64092db27a58faa6c255efd8ba","1","t-M_n-H","M","H","linear",1,"1",1,"Very Uncertain","Clustering"
"1a0df80fbea89a0c08d93e3b44cf6762","26",12,"31-35","Female","Graduate Degree","Yes","Prolific","ee322d63db5869407801b2c6cd54c452","1","t-H_n-E","H","E","log",1,"1",1,"Very Uncertain","Clustering"
"1a0df80fbea89a0c08d93e3b44cf6762","32",12,"31-35","Female","Graduate Degree","Yes","Prolific","914e02881a7432dc34831c5dff0477e0","2","t-H_n-M","H","M","log",12,"1",0,"Very Uncertain","Clustering"
"1a0df80fbea89a0c08d93e3b44cf6762","13",12,"31-35","Female","Graduate Degree","Yes","Prolific","85c5c5a6ab4fdb3aaf06947e0b9d4483","1","t-M_n-E","M","E","linear",10,"1",0,"Very Uncertain","Clustering"
"1a0df80fbea89a0c08d93e3b44cf6762","9",12,"31-35","Female","Graduate Degree","Yes","Prolific","8105c77bcc5d38d9b4e742f1b76de5fc","1","t-E_n-H","E","H","linear",15,"1",0,"Very Uncertain","Clustering"
"1a0df80fbea89a0c08d93e3b44cf6762","10",12,"31-35","Female","Graduate Degree","Yes","Prolific","8105c77bcc5d38d9b4e742f1b76de5fc","1","t-E_n-H","E","H","log",15,"1",0,"Very Uncertain","Clustering"
"1a0df80fbea89a0c08d93e3b44cf6762","31",12,"31-35","Female","Graduate Degree","Yes","Prolific","914e02881a7432dc34831c5dff0477e0","2","t-H_n-M","H","M","linear",12,"1",0,"Very Uncertain","Clustering"
"1a0df80fbea89a0c08d93e3b44cf6762","14",12,"31-35","Female","Graduate Degree","Yes","Prolific","85c5c5a6ab4fdb3aaf06947e0b9d4483","1","t-M_n-E","M","E","log",10,"1",0,"Very Uncertain","Clustering"
"1a0df80fbea89a0c08d93e3b44cf6762","6",12,"31-35","Female","Graduate Degree","Yes","Prolific","9f2d96ab9212ba1d26f176b00e6eeec0","1","t-E_n-M","E","M","log",12,"1",0,"Very Uncertain","Clustering"
"1a0df80fbea89a0c08d93e3b44cf6762","16",12,"26-30","Female","Graduate Degree","Yes","Prolific","07f1a227ee4ee73124d6589fada210dc","2","t-M_n-E","M","E","log",10,"1",0,"Very Uncertain","Clustering"
"1a0df80fbea89a0c08d93e3b44cf6762","31",12,"26-30","Female","Graduate Degree","Yes","Prolific","914e02881a7432dc34831c5dff0477e0","2","t-H_n-M","H","M","linear",12,"1",0,"Very Uncertain","Clustering"
"1a0df80fbea89a0c08d93e3b44cf6762","25",12,"26-30","Female","Graduate Degree","Yes","Prolific","ee322d63db5869407801b2c6cd54c452","1","t-H_n-E","H","E","linear",1,"1",1,"Very Uncertain","Clustering"
"1a0df80fbea89a0c08d93e3b44cf6762","15",12,"26-30","Female","Graduate Degree","Yes","Prolific","07f1a227ee4ee73124d6589fada210dc","2","t-M_n-E","M","E","linear",10,"1",0,"Very Uncertain","Clustering"
"1a0df80fbea89a0c08d93e3b44cf6762","6",12,"26-30","Female","Graduate Degree","Yes","Prolific","9f2d96ab9212ba1d26f176b00e6eeec0","1","t-E_n-M","E","M","log",12,"1",0,"Very Uncertain","Clustering"
"1a0df80fbea89a0c08d93e3b44cf6762","5",12,"26-30","Female","Graduate Degree","Yes","Prolific","9f2d96ab9212ba1d26f176b00e6eeec0","1","t-E_n-M","E","M","linear",12,"1",0,"Very Uncertain","Clustering"
"1a0df80fbea89a0c08d93e3b44cf6762","12",12,"26-30","Female","Graduate Degree","Yes","Prolific","909f6bb4a0bbb8708bcc2d96c0b7052f","2","t-E_n-H","E","H","log",17,"1",0,"Very Uncertain","Clustering"
"1a0df80fbea89a0c08d93e3b44cf6762","24",12,"26-30","Female","Graduate Degree","Yes","Prolific","70eebf16937fb9e77a3b806afe9aa528","2","t-M_n-H","M","H","log",13,"1",0,"Very Uncertain","Clustering"
"1a0df80fbea89a0c08d93e3b44cf6762","32",12,"26-30","Female","Graduate Degree","Yes","Prolific","914e02881a7432dc34831c5dff0477e0","2","t-H_n-M","H","M","log",12,"1",0,"Very Uncertain","Clustering"
"1a0df80fbea89a0c08d93e3b44cf6762","23",12,"26-30","Female","Graduate Degree","Yes","Prolific","70eebf16937fb9e77a3b806afe9aa528","2","t-M_n-H","M","H","linear",13,"1",0,"Very Uncertain","Clustering"
"1a0df80fbea89a0c08d93e3b44cf6762","11",12,"26-30","Female","Graduate Degree","Yes","Prolific","909f6bb4a0bbb8708bcc2d96c0b7052f","2","t-E_n-H","E","H","linear",17,"1",0,"Very Uncertain","Clustering"
"1a0df80fbea89a0c08d93e3b44cf6762","26",12,"26-30","Female","Graduate Degree","Yes","Prolific","ee322d63db5869407801b2c6cd54c452","1","t-H_n-E","H","E","log",1,"1",1,"Very Uncertain","Clustering"
"c9f9823c41cb5f2cb138c19814fde6ef","32",12,"19-25","Female","Graduate Degree","Yes","Prolific","914e02881a7432dc34831c5dff0477e0","2","t-H_n-M","H","M","log",12,"12",1,"Certain","Different shape"
"c9f9823c41cb5f2cb138c19814fde6ef","25",12,"19-25","Female","Graduate Degree","Yes","Prolific","ee322d63db5869407801b2c6cd54c452","1","t-H_n-E","H","E","linear",1,"19,15",0,"Certain","Clustering"
"c9f9823c41cb5f2cb138c19814fde6ef","7",12,"19-25","Female","Graduate Degree","Yes","Prolific","076f2d6385d635ea49402478f7e44cab","2","t-E_n-M","E","M","linear",14,"14",1,"Certain","Clustering"
"c9f9823c41cb5f2cb138c19814fde6ef","8",12,"19-25","Female","Graduate Degree","Yes","Prolific","076f2d6385d635ea49402478f7e44cab","2","t-E_n-M","E","M","log",14,"14",1,"Certain","Clustering"
"c9f9823c41cb5f2cb138c19814fde6ef","14",12,"19-25","Female","Graduate Degree","Yes","Prolific","85c5c5a6ab4fdb3aaf06947e0b9d4483","1","t-M_n-E","M","E","log",10,"11",0,"Neutral","Different range"
"c9f9823c41cb5f2cb138c19814fde6ef","13",12,"19-25","Female","Graduate Degree","Yes","Prolific","85c5c5a6ab4fdb3aaf06947e0b9d4483","1","t-M_n-E","M","E","linear",10,"11",0,"Neutral","Different range"
"c9f9823c41cb5f2cb138c19814fde6ef","22",12,"19-25","Female","Graduate Degree","Yes","Prolific","17c70f64092db27a58faa6c255efd8ba","1","t-M_n-H","M","H","log",1,"1",1,"Neutral","Different shape"
"c9f9823c41cb5f2cb138c19814fde6ef","26",12,"19-25","Female","Graduate Degree","Yes","Prolific","ee322d63db5869407801b2c6cd54c452","1","t-H_n-E","H","E","log",1,"3,1",1,"Very Certain","Different range"
"c9f9823c41cb5f2cb138c19814fde6ef","31",12,"19-25","Female","Graduate Degree","Yes","Prolific","914e02881a7432dc34831c5dff0477e0","2","t-H_n-M","H","M","linear",12,"3",0,"Neutral","Clustering"
"c9f9823c41cb5f2cb138c19814fde6ef","21",12,"19-25","Female","Graduate Degree","Yes","Prolific","17c70f64092db27a58faa6c255efd8ba","1","t-M_n-H","M","H","linear",1,"10",0,"Neutral","Different slope"
"c9f9823c41cb5f2cb138c19814fde6ef","10",12,"19-25","Female","Graduate Degree","Yes","Prolific","8105c77bcc5d38d9b4e742f1b76de5fc","1","t-E_n-H","E","H","log",15,"15",1,"Certain","Different range"
"c9f9823c41cb5f2cb138c19814fde6ef","9",12,"19-25","Female","Graduate Degree","Yes","Prolific","8105c77bcc5d38d9b4e742f1b76de5fc","1","t-E_n-H","E","H","linear",15,"15",1,"Certain","Clustering"
"1a0df80fbea89a0c08d93e3b44cf6762","7",12,"31-35","Female","Graduate Degree","Yes","Prolific","076f2d6385d635ea49402478f7e44cab","2","t-E_n-M","E","M","linear",14,"1",0,"Very Uncertain","Clustering"
"1a0df80fbea89a0c08d93e3b44cf6762","24",12,"31-35","Female","Graduate Degree","Yes","Prolific","70eebf16937fb9e77a3b806afe9aa528","2","t-M_n-H","M","H","log",13,"1",0,"Very Uncertain","Clustering"
"1a0df80fbea89a0c08d93e3b44cf6762","8",12,"31-35","Female","Graduate Degree","Yes","Prolific","076f2d6385d635ea49402478f7e44cab","2","t-E_n-M","E","M","log",14,"1",0,"Very Uncertain","Clustering"
"1a0df80fbea89a0c08d93e3b44cf6762","15",12,"31-35","Female","Graduate Degree","Yes","Prolific","07f1a227ee4ee73124d6589fada210dc","2","t-M_n-E","M","E","linear",10,"1",0,"Very Uncertain","Clustering"
"1a0df80fbea89a0c08d93e3b44cf6762","16",12,"31-35","Female","Graduate Degree","Yes","Prolific","07f1a227ee4ee73124d6589fada210dc","2","t-M_n-E","M","E","log",10,"1",0,"Very Uncertain","Clustering"
"1a0df80fbea89a0c08d93e3b44cf6762","25",12,"31-35","Female","Graduate Degree","Yes","Prolific","ee322d63db5869407801b2c6cd54c452","1","t-H_n-E","H","E","linear",1,"1",1,"Very Uncertain","Clustering"
"1a0df80fbea89a0c08d93e3b44cf6762","23",12,"31-35","Female","Graduate Degree","Yes","Prolific","70eebf16937fb9e77a3b806afe9aa528","2","t-M_n-H","M","H","linear",13,"1",0,"Very Uncertain","Clustering"
"1a0df80fbea89a0c08d93e3b44cf6762","31",12,"31-35","Female","Graduate Degree","Yes","Prolific","914e02881a7432dc34831c5dff0477e0","2","t-H_n-M","H","M","linear",12,"1",0,"Very Uncertain","Clustering"
"1a0df80fbea89a0c08d93e3b44cf6762","11",12,"31-35","Female","Graduate Degree","Yes","Prolific","909f6bb4a0bbb8708bcc2d96c0b7052f","2","t-E_n-H","E","H","linear",17,"1",0,"Very Uncertain","Clustering"
"1a0df80fbea89a0c08d93e3b44cf6762","32",12,"31-35","Female","Graduate Degree","Yes","Prolific","914e02881a7432dc34831c5dff0477e0","2","t-H_n-M","H","M","log",12,"1",0,"Very Uncertain","Clustering"
"1a0df80fbea89a0c08d93e3b44cf6762","26",12,"31-35","Female","Graduate Degree","Yes","Prolific","ee322d63db5869407801b2c6cd54c452","1","t-H_n-E","H","E","log",1,"1",1,"Very Uncertain","Clustering"
"1a0df80fbea89a0c08d93e3b44cf6762","12",12,"31-35","Female","Graduate Degree","Yes","Prolific","909f6bb4a0bbb8708bcc2d96c0b7052f","2","t-E_n-H","E","H","log",17,"1",0,"Very Uncertain","Clustering"
"b0b75c20fd142db4932bc10e876b7c6d","8",12,"19-25","Female","Some Undergraduate Courses","Yes","Prolific","076f2d6385d635ea49402478f7e44cab","2","t-E_n-M","E","M","log",14,"20",0,"Certain","Clustering"
"b0b75c20fd142db4932bc10e876b7c6d","21",12,"19-25","Female","Some Undergraduate Courses","Yes","Prolific","17c70f64092db27a58faa6c255efd8ba","1","t-M_n-H","M","H","linear",1,"1",1,"Certain","Different slope"
"b0b75c20fd142db4932bc10e876b7c6d","13",12,"19-25","Female","Some Undergraduate Courses","Yes","Prolific","85c5c5a6ab4fdb3aaf06947e0b9d4483","1","t-M_n-E","M","E","linear",10,"11",0,"Neutral","Outlier(s)"
"b0b75c20fd142db4932bc10e876b7c6d","7",12,"19-25","Female","Some Undergraduate Courses","Yes","Prolific","076f2d6385d635ea49402478f7e44cab","2","t-E_n-M","E","M","linear",14,"5",0,"Certain","Clustering"
"b0b75c20fd142db4932bc10e876b7c6d","30",12,"19-25","Female","Some Undergraduate Courses","Yes","Prolific","1b39b36e7a6189897f2015f191953b9d","1","t-H_n-M","H","M","log",12,"12",1,"Neutral","Different shape"
"b0b75c20fd142db4932bc10e876b7c6d","22",12,"19-25","Female","Some Undergraduate Courses","Yes","Prolific","17c70f64092db27a58faa6c255efd8ba","1","t-M_n-H","M","H","log",1,"1",1,"Neutral","Different shape"
"b0b75c20fd142db4932bc10e876b7c6d","26",12,"19-25","Female","Some Undergraduate Courses","Yes","Prolific","ee322d63db5869407801b2c6cd54c452","1","t-H_n-E","H","E","log",1,"14",0,"Neutral","Outlier(s)"
"b0b75c20fd142db4932bc10e876b7c6d","11",12,"19-25","Female","Some Undergraduate Courses","Yes","Prolific","909f6bb4a0bbb8708bcc2d96c0b7052f","2","t-E_n-H","E","H","linear",17,"17",1,"Neutral","Different range, Outlier(s)"
"b0b75c20fd142db4932bc10e876b7c6d","14",12,"19-25","Female","Some Undergraduate Courses","Yes","Prolific","85c5c5a6ab4fdb3aaf06947e0b9d4483","1","t-M_n-E","M","E","log",10,"4",0,"Certain","Clustering"
"b0b75c20fd142db4932bc10e876b7c6d","29",12,"19-25","Female","Some Undergraduate Courses","Yes","Prolific","1b39b36e7a6189897f2015f191953b9d","1","t-H_n-M","H","M","linear",12,"5",0,"Certain","Clustering, Different shape"
"b0b75c20fd142db4932bc10e876b7c6d","25",12,"19-25","Female","Some Undergraduate Courses","Yes","Prolific","ee322d63db5869407801b2c6cd54c452","1","t-H_n-E","H","E","linear",1,"3,1",1,"Certain","Different range, Different shape"
"b0b75c20fd142db4932bc10e876b7c6d","12",12,"19-25","Female","Some Undergraduate Courses","Yes","Prolific","909f6bb4a0bbb8708bcc2d96c0b7052f","2","t-E_n-H","E","H","log",17,"17",1,"Certain","Different slope"
"508ad111abbdda5d29eee9143f7e974d","13",12,"26-30","Male","Undergraduate Degree","Yes","Other","85c5c5a6ab4fdb3aaf06947e0b9d4483","1","t-M_n-E","M","E","linear",10,"11",0,"Certain","Clustering, Different shape"
"508ad111abbdda5d29eee9143f7e974d","23",12,"26-30","Male","Undergraduate Degree","Yes","Other","70eebf16937fb9e77a3b806afe9aa528","2","t-M_n-H","M","H","linear",13,"13",1,"Certain","Clustering, Different shape, Different slope"
"508ad111abbdda5d29eee9143f7e974d","9",12,"26-30","Male","Undergraduate Degree","Yes","Other","8105c77bcc5d38d9b4e742f1b76de5fc","1","t-E_n-H","E","H","linear",15,"15",1,"Certain","Clustering, Different shape, Different slope"
"508ad111abbdda5d29eee9143f7e974d","24",12,"26-30","Male","Undergraduate Degree","Yes","Other","70eebf16937fb9e77a3b806afe9aa528","2","t-M_n-H","M","H","log",13,"2",0,"Neutral","Different range, Different slope"
"508ad111abbdda5d29eee9143f7e974d","30",12,"26-30","Male","Undergraduate Degree","Yes","Other","1b39b36e7a6189897f2015f191953b9d","1","t-H_n-M","H","M","log",12,"4,16",0,"Uncertain","Different shape"
"508ad111abbdda5d29eee9143f7e974d","6",12,"26-30","Male","Undergraduate Degree","Yes","Other","9f2d96ab9212ba1d26f176b00e6eeec0","1","t-E_n-M","E","M","log",12,"12",1,"Neutral","Clustering, Different slope"
"508ad111abbdda5d29eee9143f7e974d","14",12,"26-30","Male","Undergraduate Degree","Yes","Other","85c5c5a6ab4fdb3aaf06947e0b9d4483","1","t-M_n-E","M","E","log",10,"20",0,"Uncertain","Different shape, Outlier(s)"
"508ad111abbdda5d29eee9143f7e974d","10",12,"26-30","Male","Undergraduate Degree","Yes","Other","8105c77bcc5d38d9b4e742f1b76de5fc","1","t-E_n-H","E","H","log",15,"15",1,"Neutral","Clustering, Different slope"
"508ad111abbdda5d29eee9143f7e974d","27",12,"26-30","Male","Undergraduate Degree","Yes","Other","b8efad9285426a191f979b32a5094198","2","t-H_n-E","H","E","linear",9,"5",0,"Uncertain","Different range, Different slope, Outlier(s)"
"508ad111abbdda5d29eee9143f7e974d","5",12,"26-30","Male","Undergraduate Degree","Yes","Other","9f2d96ab9212ba1d26f176b00e6eeec0","1","t-E_n-M","E","M","linear",12,"19",0,"Neutral","Different range, Different slope"
"508ad111abbdda5d29eee9143f7e974d","28",12,"26-30","Male","Undergraduate Degree","Yes","Other","b8efad9285426a191f979b32a5094198","2","t-H_n-E","H","E","log",9,"10",0,"Uncertain","Different shape"
"508ad111abbdda5d29eee9143f7e974d","29",12,"26-30","Male","Undergraduate Degree","Yes","Other","1b39b36e7a6189897f2015f191953b9d","1","t-H_n-M","H","M","linear",12,"16",0,"Uncertain","Clustering, Different slope"
"e248b140452e9c726334a43d3677c6ee","22",12,"19-25","Male","Undergraduate Degree","Yes","Prolific","17c70f64092db27a58faa6c255efd8ba","1","t-M_n-H","M","H","log",1,"1",1,"Certain","Different shape"
"e248b140452e9c726334a43d3677c6ee","31",12,"19-25","Male","Undergraduate Degree","Yes","Prolific","914e02881a7432dc34831c5dff0477e0","2","t-H_n-M","H","M","linear",12,"12",1,"Certain","Different shape"
"e248b140452e9c726334a43d3677c6ee","32",12,"19-25","Male","Undergraduate Degree","Yes","Prolific","914e02881a7432dc34831c5dff0477e0","2","t-H_n-M","H","M","log",12,"12",1,"Neutral","Different shape"
"e248b140452e9c726334a43d3677c6ee","28",12,"19-25","Male","Undergraduate Degree","Yes","Prolific","b8efad9285426a191f979b32a5094198","2","t-H_n-E","H","E","log",9,"9",1,"Certain","Different shape"
"e248b140452e9c726334a43d3677c6ee","7",12,"19-25","Male","Undergraduate Degree","Yes","Prolific","076f2d6385d635ea49402478f7e44cab","2","t-E_n-M","E","M","linear",14,"14",1,"Neutral","Different slope"
"e248b140452e9c726334a43d3677c6ee","12",12,"19-25","Male","Undergraduate Degree","Yes","Prolific","909f6bb4a0bbb8708bcc2d96c0b7052f","2","t-E_n-H","E","H","log",17,"17",1,"Very Certain","Different shape"
"e248b140452e9c726334a43d3677c6ee","11",12,"19-25","Male","Undergraduate Degree","Yes","Prolific","909f6bb4a0bbb8708bcc2d96c0b7052f","2","t-E_n-H","E","H","linear",17,"17",1,"Very Certain","Different shape"
"e248b140452e9c726334a43d3677c6ee","14",12,"19-25","Male","Undergraduate Degree","Yes","Prolific","85c5c5a6ab4fdb3aaf06947e0b9d4483","1","t-M_n-E","M","E","log",10,"10",1,"Certain","Different shape"
"e248b140452e9c726334a43d3677c6ee","21",12,"19-25","Male","Undergraduate Degree","Yes","Prolific","17c70f64092db27a58faa6c255efd8ba","1","t-M_n-H","M","H","linear",1,"10",0,"Neutral","Different shape"
"e248b140452e9c726334a43d3677c6ee","27",12,"19-25","Male","Undergraduate Degree","Yes","Prolific","b8efad9285426a191f979b32a5094198","2","t-H_n-E","H","E","linear",9,"9",1,"Neutral","Different shape"
"e248b140452e9c726334a43d3677c6ee","13",12,"19-25","Male","Undergraduate Degree","Yes","Prolific","85c5c5a6ab4fdb3aaf06947e0b9d4483","1","t-M_n-E","M","E","linear",10,"10",1,"Neutral","Different shape"
"e248b140452e9c726334a43d3677c6ee","8",12,"19-25","Male","Undergraduate Degree","Yes","Prolific","076f2d6385d635ea49402478f7e44cab","2","t-E_n-M","E","M","log",14,"14",1,"Certain","Different shape"
"8e35a22fd611281c4699af31e58eca07","9",12,"46-50","Male","Some Undergraduate Courses","Yes","Other","8105c77bcc5d38d9b4e742f1b76de5fc","1","t-E_n-H","E","H","linear",15,"5",0,"Neutral","Clustering"
"8e35a22fd611281c4699af31e58eca07","16",12,"46-50","Male","Some Undergraduate Courses","Yes","Other","07f1a227ee4ee73124d6589fada210dc","2","t-M_n-E","M","E","log",10,"13",0,"Neutral","Outlier(s)"
"8e35a22fd611281c4699af31e58eca07","23",12,"46-50","Male","Some Undergraduate Courses","Yes","Other","70eebf16937fb9e77a3b806afe9aa528","2","t-M_n-H","M","H","linear",13,"13",1,"Neutral","Clustering"
"8e35a22fd611281c4699af31e58eca07","27",12,"46-50","Male","Some Undergraduate Courses","Yes","Other","b8efad9285426a191f979b32a5094198","2","t-H_n-E","H","E","linear",9,"14",0,"Neutral","Clustering"
"8e35a22fd611281c4699af31e58eca07","32",12,"46-50","Male","Some Undergraduate Courses","Yes","Other","914e02881a7432dc34831c5dff0477e0","2","t-H_n-M","H","M","log",12,"20",0,"Neutral","Clustering"
"8e35a22fd611281c4699af31e58eca07","15",12,"46-50","Male","Some Undergraduate Courses","Yes","Other","07f1a227ee4ee73124d6589fada210dc","2","t-M_n-E","M","E","linear",10,"13",0,"Neutral","Outlier(s)"
"8e35a22fd611281c4699af31e58eca07","7",12,"46-50","Male","Some Undergraduate Courses","Yes","Other","076f2d6385d635ea49402478f7e44cab","2","t-E_n-M","E","M","linear",14,"14",1,"Neutral","Outlier(s)"
"8e35a22fd611281c4699af31e58eca07","31",12,"46-50","Male","Some Undergraduate Courses","Yes","Other","914e02881a7432dc34831c5dff0477e0","2","t-H_n-M","H","M","linear",12,"3",0,"Neutral","Clustering"
"8e35a22fd611281c4699af31e58eca07","24",12,"46-50","Male","Some Undergraduate Courses","Yes","Other","70eebf16937fb9e77a3b806afe9aa528","2","t-M_n-H","M","H","log",13,"9",0,"Neutral","Clustering"
"8e35a22fd611281c4699af31e58eca07","28",12,"46-50","Male","Some Undergraduate Courses","Yes","Other","b8efad9285426a191f979b32a5094198","2","t-H_n-E","H","E","log",9,"14",0,"Neutral","Clustering"
"8e35a22fd611281c4699af31e58eca07","10",12,"46-50","Male","Some Undergraduate Courses","Yes","Other","8105c77bcc5d38d9b4e742f1b76de5fc","1","t-E_n-H","E","H","log",15,"3",0,"Neutral","Clustering"
"8e35a22fd611281c4699af31e58eca07","8",12,"46-50","Male","Some Undergraduate Courses","Yes","Other","076f2d6385d635ea49402478f7e44cab","2","t-E_n-M","E","M","log",14,"14",1,"Neutral","Outlier(s)"
"235009eac0d445e939c3a9adede9ed01","11",12,"31-35","Male","Undergraduate Degree","No","Other","909f6bb4a0bbb8708bcc2d96c0b7052f","2","t-E_n-H","E","H","linear",17,"17",1,"Very Certain","Clustering, Different range, Different shape, Different slope, Outlier(s)"
"235009eac0d445e939c3a9adede9ed01","29",12,"31-35","Male","Undergraduate Degree","No","Other","1b39b36e7a6189897f2015f191953b9d","1","t-H_n-M","H","M","linear",12,"8",0,"Neutral","Clustering, Outlier(s)"
"235009eac0d445e939c3a9adede9ed01","30",12,"31-35","Male","Undergraduate Degree","No","Other","1b39b36e7a6189897f2015f191953b9d","1","t-H_n-M","H","M","log",12,"2",0,"Neutral","Clustering"
"235009eac0d445e939c3a9adede9ed01","6",12,"31-35","Male","Undergraduate Degree","No","Other","9f2d96ab9212ba1d26f176b00e6eeec0","1","t-E_n-M","E","M","log",12,"12",1,"Neutral","Different shape"
"235009eac0d445e939c3a9adede9ed01","12",12,"31-35","Male","Undergraduate Degree","No","Other","909f6bb4a0bbb8708bcc2d96c0b7052f","2","t-E_n-H","E","H","log",17,"17",1,"Certain","Different shape"
"235009eac0d445e939c3a9adede9ed01","21",12,"31-35","Male","Undergraduate Degree","No","Other","17c70f64092db27a58faa6c255efd8ba","1","t-M_n-H","M","H","linear",1,"1",1,"Certain","Clustering, Different shape"
"235009eac0d445e939c3a9adede9ed01","28",12,"31-35","Male","Undergraduate Degree","No","Other","b8efad9285426a191f979b32a5094198","2","t-H_n-E","H","E","log",9,"9",1,"Certain","Different shape, Different slope"
"235009eac0d445e939c3a9adede9ed01","22",12,"31-35","Male","Undergraduate Degree","No","Other","17c70f64092db27a58faa6c255efd8ba","1","t-M_n-H","M","H","log",1,"10",0,"Neutral","Clustering"
"235009eac0d445e939c3a9adede9ed01","9",12,"31-35","Male","Undergraduate Degree","No","Other","8105c77bcc5d38d9b4e742f1b76de5fc","1","t-E_n-H","E","H","linear",15,"15",1,"Certain","Clustering, Different slope"
"235009eac0d445e939c3a9adede9ed01","16",12,"31-35","Male","Undergraduate Degree","No","Other","07f1a227ee4ee73124d6589fada210dc","2","t-M_n-E","M","E","log",10,"10",1,"Certain","Different shape, Different slope"
"235009eac0d445e939c3a9adede9ed01","29",12,"31-35","Male","Undergraduate Degree","No","Other","1b39b36e7a6189897f2015f191953b9d","1","t-H_n-M","H","M","linear",12,"12",1,"Neutral","Different slope"
"235009eac0d445e939c3a9adede9ed01","28",12,"31-35","Male","Undergraduate Degree","No","Other","b8efad9285426a191f979b32a5094198","2","t-H_n-E","H","E","log",9,"9",1,"Certain","Different shape, Different slope"
"39e72c8b314f87011b0c59c9a5855214","5",12,"26-30","Female","Undergraduate Degree","No","Other","9f2d96ab9212ba1d26f176b00e6eeec0","1","t-E_n-M","E","M","linear",12,"18",0,"Neutral","Clustering, Different slope, Outlier(s)"
"39e72c8b314f87011b0c59c9a5855214","22",12,"26-30","Female","Undergraduate Degree","No","Other","17c70f64092db27a58faa6c255efd8ba","1","t-M_n-H","M","H","log",1,"1",1,"Certain","Different shape, Different slope"
"39e72c8b314f87011b0c59c9a5855214","9",12,"26-30","Female","Undergraduate Degree","No","Other","8105c77bcc5d38d9b4e742f1b76de5fc","1","t-E_n-H","E","H","linear",15,"15",1,"Certain","Clustering, Different shape"
"39e72c8b314f87011b0c59c9a5855214","10",12,"26-30","Female","Undergraduate Degree","No","Other","8105c77bcc5d38d9b4e742f1b76de5fc","1","t-E_n-H","E","H","log",15,"15",1,"Neutral","Different shape"
"39e72c8b314f87011b0c59c9a5855214","13",12,"26-30","Female","Undergraduate Degree","No","Other","85c5c5a6ab4fdb3aaf06947e0b9d4483","1","t-M_n-E","M","E","linear",10,"13",0,"Neutral","Clustering, Different range"
"39e72c8b314f87011b0c59c9a5855214","26",12,"26-30","Female","Undergraduate Degree","No","Other","ee322d63db5869407801b2c6cd54c452","1","t-H_n-E","H","E","log",1,"1",1,"Neutral","Different shape"
"39e72c8b314f87011b0c59c9a5855214","6",12,"26-30","Female","Undergraduate Degree","No","Other","9f2d96ab9212ba1d26f176b00e6eeec0","1","t-E_n-M","E","M","log",12,"12",1,"Uncertain","Clustering, Different shape"
"39e72c8b314f87011b0c59c9a5855214","32",12,"26-30","Female","Undergraduate Degree","No","Other","914e02881a7432dc34831c5dff0477e0","2","t-H_n-M","H","M","log",12,"12",1,"Neutral","Different shape"
"39e72c8b314f87011b0c59c9a5855214","25",12,"26-30","Female","Undergraduate Degree","No","Other","ee322d63db5869407801b2c6cd54c452","1","t-H_n-E","H","E","linear",1,"1",1,"Certain","Clustering, Different shape, Different slope"
"39e72c8b314f87011b0c59c9a5855214","21",12,"26-30","Female","Undergraduate Degree","No","Other","17c70f64092db27a58faa6c255efd8ba","1","t-M_n-H","M","H","linear",1,"1",1,"Uncertain","Outlier(s)"
"39e72c8b314f87011b0c59c9a5855214","14",12,"26-30","Female","Undergraduate Degree","No","Other","85c5c5a6ab4fdb3aaf06947e0b9d4483","1","t-M_n-E","M","E","log",10,"10",1,"Neutral","Different shape"
"39e72c8b314f87011b0c59c9a5855214","31",12,"26-30","Female","Undergraduate Degree","No","Other","914e02881a7432dc34831c5dff0477e0","2","t-H_n-M","H","M","linear",12,"3",0,"Neutral","Outlier(s)"
"f45f70f4f2c3b82e6372151d9f8d9aae","22",12,"19-25","Male","Some Undergraduate Courses","No","Other","17c70f64092db27a58faa6c255efd8ba","1","t-M_n-H","M","H","log",1,"10",0,"Neutral","Other, there is a gap in the data"
"f45f70f4f2c3b82e6372151d9f8d9aae","31",12,"19-25","Male","Some Undergraduate Courses","No","Other","914e02881a7432dc34831c5dff0477e0","2","t-H_n-M","H","M","linear",12,"20",0,"Neutral","Clustering, Different shape, Different slope"
"f45f70f4f2c3b82e6372151d9f8d9aae","32",12,"19-25","Male","Some Undergraduate Courses","No","Other","914e02881a7432dc34831c5dff0477e0","2","t-H_n-M","H","M","log",12,"8",0,"Neutral","Clustering, Different shape"
"f45f70f4f2c3b82e6372151d9f8d9aae","16",12,"19-25","Male","Some Undergraduate Courses","No","Other","07f1a227ee4ee73124d6589fada210dc","2","t-M_n-E","M","E","log",10,"10",1,"Neutral","Clustering, Different shape, Different slope"
"f45f70f4f2c3b82e6372151d9f8d9aae","25",12,"19-25","Male","Some Undergraduate Courses","No","Other","ee322d63db5869407801b2c6cd54c452","1","t-H_n-E","H","E","linear",1,"1",1,"Very Certain","Different shape"
"f45f70f4f2c3b82e6372151d9f8d9aae","21",12,"19-25","Male","Some Undergraduate Courses","No","Other","17c70f64092db27a58faa6c255efd8ba","1","t-M_n-H","M","H","linear",1,"13,19",0,"Neutral","Clustering, Different shape"
"f45f70f4f2c3b82e6372151d9f8d9aae","5",12,"19-25","Male","Some Undergraduate Courses","No","Other","9f2d96ab9212ba1d26f176b00e6eeec0","1","t-E_n-M","E","M","linear",12,"14",0,"Certain","Clustering, Outlier(s)"
"f45f70f4f2c3b82e6372151d9f8d9aae","12",12,"19-25","Male","Some Undergraduate Courses","No","Other","909f6bb4a0bbb8708bcc2d96c0b7052f","2","t-E_n-H","E","H","log",17,"17",1,"Neutral","Different shape, Different slope"
"f45f70f4f2c3b82e6372151d9f8d9aae","15",12,"19-25","Male","Some Undergraduate Courses","No","Other","07f1a227ee4ee73124d6589fada210dc","2","t-M_n-E","M","E","linear",10,"18,17",0,"Uncertain","Clustering"
"f45f70f4f2c3b82e6372151d9f8d9aae","26",12,"19-25","Male","Some Undergraduate Courses","No","Other","ee322d63db5869407801b2c6cd54c452","1","t-H_n-E","H","E","log",1,"1",1,"Neutral","Different shape, Different slope"
"f45f70f4f2c3b82e6372151d9f8d9aae","11",12,"19-25","Male","Some Undergraduate Courses","No","Other","909f6bb4a0bbb8708bcc2d96c0b7052f","2","t-E_n-H","E","H","linear",17,"17",1,"Neutral","Different shape, Outlier(s)"
"f45f70f4f2c3b82e6372151d9f8d9aae","6",12,"19-25","Male","Some Undergraduate Courses","No","Other","9f2d96ab9212ba1d26f176b00e6eeec0","1","t-E_n-M","E","M","log",12,"12",1,"Uncertain","Different shape"
"5b58e040ee35f3bcc6023fb7836c842e","5",12,"26-30","Female","Graduate Degree","Yes","Direct Email","9f2d96ab9212ba1d26f176b00e6eeec0","1","t-E_n-M","E","M","linear",12,"19",0,"Neutral","Clustering, Different range"
"5b58e040ee35f3bcc6023fb7836c842e","13",12,"26-30","Female","Graduate Degree","Yes","Direct Email","85c5c5a6ab4fdb3aaf06947e0b9d4483","1","t-M_n-E","M","E","linear",10,"13",0,"Neutral","Clustering, Different range"
"5b58e040ee35f3bcc6023fb7836c842e","28",12,"26-30","Female","Graduate Degree","Yes","Direct Email","b8efad9285426a191f979b32a5094198","2","t-H_n-E","H","E","log",9,"9",1,"Certain","Different shape, Different slope"
"5b58e040ee35f3bcc6023fb7836c842e","11",12,"26-30","Female","Graduate Degree","Yes","Direct Email","909f6bb4a0bbb8708bcc2d96c0b7052f","2","t-E_n-H","E","H","linear",17,"17",1,"Certain","Different shape, Different slope, Outlier(s)"
"5b58e040ee35f3bcc6023fb7836c842e","29",12,"26-30","Female","Graduate Degree","Yes","Direct Email","1b39b36e7a6189897f2015f191953b9d","1","t-H_n-M","H","M","linear",12,"8",0,"Neutral","Clustering, Outlier(s)"
"5b58e040ee35f3bcc6023fb7836c842e","27",12,"26-30","Female","Graduate Degree","Yes","Direct Email","b8efad9285426a191f979b32a5094198","2","t-H_n-E","H","E","linear",9,"9",1,"Certain","Different shape, Different slope"
"5b58e040ee35f3bcc6023fb7836c842e","6",12,"26-30","Female","Graduate Degree","Yes","Direct Email","9f2d96ab9212ba1d26f176b00e6eeec0","1","t-E_n-M","E","M","log",12,"12",1,"Certain","Clustering, Different shape, Different slope"
"5b58e040ee35f3bcc6023fb7836c842e","24",12,"26-30","Female","Graduate Degree","Yes","Direct Email","70eebf16937fb9e77a3b806afe9aa528","2","t-M_n-H","M","H","log",13,"13",1,"Certain","Clustering, Different shape, Different slope"
"5b58e040ee35f3bcc6023fb7836c842e","12",12,"26-30","Female","Graduate Degree","Yes","Direct Email","909f6bb4a0bbb8708bcc2d96c0b7052f","2","t-E_n-H","E","H","log",17,"17",1,"Certain","Different range, Different shape, Different slope"
"5b58e040ee35f3bcc6023fb7836c842e","30",12,"26-30","Female","Graduate Degree","Yes","Direct Email","1b39b36e7a6189897f2015f191953b9d","1","t-H_n-M","H","M","log",12,"12",1,"Neutral","Different shape, Different slope"
"5b58e040ee35f3bcc6023fb7836c842e","23",12,"26-30","Female","Graduate Degree","Yes","Direct Email","70eebf16937fb9e77a3b806afe9aa528","2","t-M_n-H","M","H","linear",13,"13",1,"Certain","Clustering, Different range, Different shape, Different slope"
"5b58e040ee35f3bcc6023fb7836c842e","14",12,"26-30","Female","Graduate Degree","Yes","Direct Email","85c5c5a6ab4fdb3aaf06947e0b9d4483","1","t-M_n-E","M","E","log",10,"10",1,"Certain","Clustering, Different shape, Different slope"
"2bec0503fe0bf3726c757471ca398ec5","10",12,"Over 60","Female","Graduate Degree","No","Direct Email","8105c77bcc5d38d9b4e742f1b76de5fc","1","t-E_n-H","E","H","log",15,"3,15",1,"Certain","Clustering"
"2bec0503fe0bf3726c757471ca398ec5","21",12,"Over 60","Female","Graduate Degree","No","Direct Email","17c70f64092db27a58faa6c255efd8ba","1","t-M_n-H","M","H","linear",1,"18",0,"Certain","Clustering"
"2bec0503fe0bf3726c757471ca398ec5","7",12,"Over 60","Female","Graduate Degree","No","Direct Email","076f2d6385d635ea49402478f7e44cab","2","t-E_n-M","E","M","linear",14,"14",1,"Certain","Clustering"
"2bec0503fe0bf3726c757471ca398ec5","31",12,"Over 60","Female","Graduate Degree","No","Direct Email","914e02881a7432dc34831c5dff0477e0","2","t-H_n-M","H","M","linear",12,"7",0,"Neutral","Different slope"
"2bec0503fe0bf3726c757471ca398ec5","14",12,"Over 60","Female","Graduate Degree","No","Direct Email","85c5c5a6ab4fdb3aaf06947e0b9d4483","1","t-M_n-E","M","E","log",10,"19",0,"Neutral","Clustering"
"2bec0503fe0bf3726c757471ca398ec5","9",12,"Over 60","Female","Graduate Degree","No","Direct Email","8105c77bcc5d38d9b4e742f1b76de5fc","1","t-E_n-H","E","H","linear",15,"15",1,"Certain","Clustering"
"2bec0503fe0bf3726c757471ca398ec5","13",12,"Over 60","Female","Graduate Degree","No","Direct Email","85c5c5a6ab4fdb3aaf06947e0b9d4483","1","t-M_n-E","M","E","linear",10,"11",0,"Certain","Different shape"
"2bec0503fe0bf3726c757471ca398ec5","26",12,"Over 60","Female","Graduate Degree","No","Direct Email","ee322d63db5869407801b2c6cd54c452","1","t-H_n-E","H","E","log",1,"6",0,"Certain","Clustering"
"2bec0503fe0bf3726c757471ca398ec5","32",12,"Over 60","Female","Graduate Degree","No","Direct Email","914e02881a7432dc34831c5dff0477e0","2","t-H_n-M","H","M","log",12,"20",0,"Certain","Clustering"
"2bec0503fe0bf3726c757471ca398ec5","22",12,"Over 60","Female","Graduate Degree","No","Direct Email","17c70f64092db27a58faa6c255efd8ba","1","t-M_n-H","M","H","log",1,"1",1,"Certain","Different shape"
"2bec0503fe0bf3726c757471ca398ec5","25",12,"Over 60","Female","Graduate Degree","No","Direct Email","ee322d63db5869407801b2c6cd54c452","1","t-H_n-E","H","E","linear",1,"1",1,"Certain","Different shape"
"2bec0503fe0bf3726c757471ca398ec5","8",12,"Over 60","Female","Graduate Degree","No","Direct Email","076f2d6385d635ea49402478f7e44cab","2","t-E_n-M","E","M","log",14,"14",1,"Certain","Different shape"
"e1d99c41bc8a31e98f3864774c38ac15","15",12,"26-30","Female","Undergraduate Degree","No","Direct Email","07f1a227ee4ee73124d6589fada210dc","2","t-M_n-E","M","E","linear",10,"14",0,"Neutral","Clustering"
"e1d99c41bc8a31e98f3864774c38ac15","16",12,"26-30","Female","Undergraduate Degree","No","Direct Email","07f1a227ee4ee73124d6589fada210dc","2","t-M_n-E","M","E","log",10,"8",0,"Neutral","Different range"
"e1d99c41bc8a31e98f3864774c38ac15","32",12,"26-30","Female","Undergraduate Degree","No","Direct Email","914e02881a7432dc34831c5dff0477e0","2","t-H_n-M","H","M","log",12,"12",1,"Neutral","Different slope"
"e1d99c41bc8a31e98f3864774c38ac15","22",12,"26-30","Female","Undergraduate Degree","No","Direct Email","17c70f64092db27a58faa6c255efd8ba","1","t-M_n-H","M","H","log",1,"1",1,"Certain","Different slope"
"e1d99c41bc8a31e98f3864774c38ac15","31",12,"26-30","Female","Undergraduate Degree","No","Direct Email","914e02881a7432dc34831c5dff0477e0","2","t-H_n-M","H","M","linear",12,"3",0,"Uncertain","Clustering"
"e1d99c41bc8a31e98f3864774c38ac15","25",12,"26-30","Female","Undergraduate Degree","No","Direct Email","ee322d63db5869407801b2c6cd54c452","1","t-H_n-E","H","E","linear",1,"1",1,"Neutral","Different slope"
"e1d99c41bc8a31e98f3864774c38ac15","21",12,"26-30","Female","Undergraduate Degree","No","Direct Email","17c70f64092db27a58faa6c255efd8ba","1","t-M_n-H","M","H","linear",1,"10",0,"Neutral","Different slope"
"e1d99c41bc8a31e98f3864774c38ac15","12",12,"26-30","Female","Undergraduate Degree","No","Direct Email","909f6bb4a0bbb8708bcc2d96c0b7052f","2","t-E_n-H","E","H","log",17,"17",1,"Certain","Different slope"
"e1d99c41bc8a31e98f3864774c38ac15","8",12,"26-30","Female","Undergraduate Degree","No","Direct Email","076f2d6385d635ea49402478f7e44cab","2","t-E_n-M","E","M","log",14,"14",1,"Neutral","Different slope"
"e1d99c41bc8a31e98f3864774c38ac15","11",12,"26-30","Female","Undergraduate Degree","No","Direct Email","909f6bb4a0bbb8708bcc2d96c0b7052f","2","t-E_n-H","E","H","linear",17,"17",1,"Neutral","Different slope"
"e1d99c41bc8a31e98f3864774c38ac15","26",12,"26-30","Female","Undergraduate Degree","No","Direct Email","ee322d63db5869407801b2c6cd54c452","1","t-H_n-E","H","E","log",1,"1",1,"Certain","Different slope"
"e1d99c41bc8a31e98f3864774c38ac15","7",12,"26-30","Female","Undergraduate Degree","No","Direct Email","076f2d6385d635ea49402478f7e44cab","2","t-E_n-M","E","M","linear",14,"14",1,"Neutral","Clustering, Different range"
"05cd76dc4cfc94c661576413527545e9","13",12,"41-45","Female","Some Graduate Courses","Yes","Other","85c5c5a6ab4fdb3aaf06947e0b9d4483","1","t-M_n-E","M","E","linear",10,"11",0,"Uncertain","Clustering, Different shape"
"05cd76dc4cfc94c661576413527545e9","11",12,"41-45","Female","Some Graduate Courses","Yes","Other","909f6bb4a0bbb8708bcc2d96c0b7052f","2","t-E_n-H","E","H","linear",17,"17",1,"Neutral","Different slope"
"05cd76dc4cfc94c661576413527545e9","24",12,"41-45","Female","Some Graduate Courses","Yes","Other","70eebf16937fb9e77a3b806afe9aa528","2","t-M_n-H","M","H","log",13,"16",0,"Uncertain","Clustering, Different slope"
"05cd76dc4cfc94c661576413527545e9","14",12,"41-45","Female","Some Graduate Courses","Yes","Other","85c5c5a6ab4fdb3aaf06947e0b9d4483","1","t-M_n-E","M","E","log",10,"1",0,"Uncertain","Clustering, Different shape"
"05cd76dc4cfc94c661576413527545e9","25",12,"41-45","Female","Some Graduate Courses","Yes","Other","ee322d63db5869407801b2c6cd54c452","1","t-H_n-E","H","E","linear",1,"1",1,"Uncertain","Different slope"
"05cd76dc4cfc94c661576413527545e9","30",12,"41-45","Female","Some Graduate Courses","Yes","Other","1b39b36e7a6189897f2015f191953b9d","1","t-H_n-M","H","M","log",12,"2",0,"Uncertain","Clustering"
"05cd76dc4cfc94c661576413527545e9","6",12,"41-45","Female","Some Graduate Courses","Yes","Other","9f2d96ab9212ba1d26f176b00e6eeec0","1","t-E_n-M","E","M","log",12,"3",0,"Uncertain","Different shape"
"05cd76dc4cfc94c661576413527545e9","5",12,"41-45","Female","Some Graduate Courses","Yes","Other","9f2d96ab9212ba1d26f176b00e6eeec0","1","t-E_n-M","E","M","linear",12,"12",1,"Uncertain","Different slope"
"05cd76dc4cfc94c661576413527545e9","12",12,"41-45","Female","Some Graduate Courses","Yes","Other","909f6bb4a0bbb8708bcc2d96c0b7052f","2","t-E_n-H","E","H","log",17,"17",1,"Uncertain","Different slope"
"05cd76dc4cfc94c661576413527545e9","29",12,"41-45","Female","Some Graduate Courses","Yes","Other","1b39b36e7a6189897f2015f191953b9d","1","t-H_n-M","H","M","linear",12,"18",0,"Uncertain","Clustering, Different shape"
"05cd76dc4cfc94c661576413527545e9","23",12,"41-45","Female","Some Graduate Courses","Yes","Other","70eebf16937fb9e77a3b806afe9aa528","2","t-M_n-H","M","H","linear",13,"16",0,"Uncertain","Clustering, Different shape, Outlier(s)"
"05cd76dc4cfc94c661576413527545e9","26",12,"41-45","Female","Some Graduate Courses","Yes","Other","ee322d63db5869407801b2c6cd54c452","1","t-H_n-E","H","E","log",1,"1",1,"Neutral","Different shape"
